# File produced by Open Asset Import Library (http://www.assimp.sf.net)
# (assimp v3.0.1262)

mtllib hammerhead.dae.obj.mtl

# 5480 vertex positions
v  -60.3894 223.083 44.3441
v  -96.472 186.036 48.1181
v  -63.792 186.614 61.6874
v  -60.3894 223.083 44.3441
v  -63.792 186.614 61.6874
v  -2.54422 223.083 55.534
v  -60.3894 223.083 44.3441
v  -93.3695 219.996 32.3045
v  -96.472 186.036 48.1181
v  -63.792 186.614 61.6874
v  -96.472 186.036 48.1181
v  -93.3695 152.077 32.3045
v  -2.54422 223.083 55.534
v  -63.792 186.614 61.6874
v  -4.45299 186.614 73.1045
v  -2.54422 223.083 55.534
v  -53.2708 236.173 8.06024
v  -60.3894 223.083 44.3441
v  -53.2708 236.173 8.06024
v  -2.54422 223.083 55.534
v  -45.5529 236.173 9.55323
v  -96.472 186.036 48.1181
v  -109.981 201.403 38.119
v  -111.982 184.215 46.0404
v  -109.981 201.403 38.119
v  -96.472 186.036 48.1181
v  -93.3695 219.996 32.3045
v  -60.3894 223.083 44.3441
v  -85.8793 234.063 -5.87295
v  -93.3695 219.996 32.3045
v  -96.472 186.036 48.1181
v  -116.236 153.077 29.2197
v  -93.3695 152.077 32.3045
v  -116.236 153.077 29.2197
v  -96.472 186.036 48.1181
v  -118.415 160.717 32.5462
v  -118.415 160.717 32.5462
v  -96.472 186.036 48.1181
v  -110.807 169.496 37.9454
v  -63.792 186.614 61.6874
v  -71.0059 154.356 42.3077
v  -60.5206 151.551 45.0125
v  -82.192 153.577 37.489
v  -93.3695 152.077 32.3045
v  -84.3872 151.551 35.5835
v  -93.3695 152.077 32.3045
v  -82.192 153.577 37.489
v  -63.792 186.614 61.6874
v  -63.792 186.614 61.6874
v  -82.192 153.577 37.489
v  -71.0059 154.356 42.3077
v  -2.54422 223.083 55.534
v  -4.45299 186.614 73.1045
v  64.0105 217.8 59.2083
v  -4.45299 186.614 73.1045
v  -60.5206 151.551 45.0125
v  -58.7897 151.188 45.1666
v  -60.5206 151.551 45.0125
v  -4.45299 186.614 73.1045
v  -63.792 186.614 61.6874
v  2.06396 238.189 13.1149
v  -45.5529 236.173 9.55323
v  -2.54422 223.083 55.534
v  -52.1748 255.118 2.47372
v  -53.2708 236.173 8.06024
v  -45.5529 236.173 9.55323
v  -60.3894 223.083 44.3441
v  -65.0447 236.613 -0.713412
v  -85.8793 234.063 -5.87295
v  -65.0447 236.613 -0.713412
v  -60.3894 223.083 44.3441
v  -60.0944 236.173 3.76946
v  -60.0944 236.173 3.76946
v  -60.3894 223.083 44.3441
v  -53.2708 236.173 8.06024
v  -118.415 191.962 41.0714
v  -124.714 211.479 28.0759
v  -126.901 182.463 44.0419
v  -124.714 211.479 28.0759
v  -118.415 191.962 41.0714
v  -109.981 201.403 38.119
v  -124.714 211.479 28.0759
v  -109.981 201.403 38.119
v  -93.3695 219.996 32.3045
v  -111.982 184.215 46.0404
v  -118.415 191.962 41.0714
v  -119.454 183.338 45.0394
v  -118.415 191.962 41.0714
v  -111.982 184.215 46.0404
v  -109.981 201.403 38.119
v  -109.981 201.403 38.119
v  -111.982 184.215 46.0404
v  -106.429 182.463 51.4919
v  -96.472 186.036 48.1181
v  -111.982 184.215 46.0404
v  -110.807 169.496 37.9454
v  -85.8793 234.063 -5.87295
v  -119.434 223.497 -10.4694
v  -93.3695 219.996 32.3045
v  -110.807 169.496 37.9454
v  -119.454 183.338 45.0394
v  -118.415 160.717 32.5462
v  -119.454 183.338 45.0394
v  -110.807 169.496 37.9454
v  -111.982 184.215 46.0404
v  -118.415 160.717 32.5462
v  -124.714 153.448 28.0759
v  -116.236 153.077 29.2197
v  -118.415 160.717 32.5462
v  -116.236 153.077 29.2197
v  -111.328 153.448 33.1637
v  -85.8793 138.01 -5.87295
v  -116.236 153.077 29.2197
v  -124.714 153.448 28.0759
v  -116.236 153.077 29.2197
v  -85.8793 138.01 -5.87295
v  -93.3695 152.077 32.3045
v  -84.3872 151.551 35.5835
v  -87.6713 138.597 68.3336
v  -82.192 153.577 37.489
v  -71.0059 154.356 42.3077
v  -82.192 153.577 37.489
v  -81.5416 141.376 69.353
v  -60.5206 151.551 45.0125
v  -71.0059 154.356 42.3077
v  -71.4403 143.044 69.7154
v  -93.3695 152.077 32.3045
v  -82.2047 149.636 30.8983
v  -84.3872 151.551 35.5835
v  -82.2047 149.636 30.8983
v  -93.3695 152.077 32.3045
v  -52.1748 135.039 2.47372
v  -82.2047 149.636 30.8983
v  -52.1748 135.039 2.47372
v  -73.2792 148.127 31.1298
v  -73.2792 148.127 31.1298
v  -52.1748 135.039 2.47372
v  -59.2918 148.127 38.7492
v  64.0105 217.8 59.2083
v  -4.45299 186.614 73.1045
v  64.141 183.52 75.3264
v  64.0105 217.8 59.2083
v  2.06396 238.189 13.1149
v  -2.54422 223.083 55.534
v  -56.0378 141.951 68.6226
v  -58.7897 151.188 45.1666
v  -60.5206 151.551 45.0125
v  -4.45299 186.614 73.1045
v  -53.5762 150.145 45.6621
v  -2.54422 150.145 55.534
v  -53.5762 150.145 45.6621
v  -4.45299 186.614 73.1045
v  -58.7897 151.188 45.1666
v  -4.04192 263.101 11.917
v  -45.5529 236.173 9.55323
v  2.06396 238.189 13.1149
v  -20.8092 279.528 8.62741
v  -52.1748 255.118 2.47372
v  -45.5529 236.173 9.55323
v  -52.1748 255.118 2.47372
v  -60.0944 236.173 3.76946
v  -53.2708 236.173 8.06024
v  -52.1748 255.118 2.47372
v  -65.0447 236.613 -0.713412
v  -60.0944 236.173 3.76946
v  -65.0447 236.613 -0.713412
v  -78.3892 219.996 -44.0504
v  -85.8793 234.063 -5.87295
v  -78.3892 219.996 -44.0504
v  -65.0447 236.613 -0.713412
v  -58.9595 236.205 -2.28917
v  -78.3892 219.996 -44.0504
v  -58.9595 236.205 -2.28917
v  -54.8585 236.327 -2.28917
v  -134.258 180.894 42.7114
v  -124.714 211.479 28.0759
v  -148.425 177.872 40.1493
v  -124.714 211.479 28.0759
v  -134.258 180.894 42.7114
v  -126.901 182.463 44.0419
v  -118.415 191.962 41.0714
v  -126.901 182.463 44.0419
v  -119.454 183.338 45.0394
v  -93.3695 219.996 32.3045
v  -119.434 223.497 -10.4694
v  -124.714 211.479 28.0759
v  -118.415 191.962 41.0714
v  -119.454 183.338 45.0394
v  -113.515 182.463 49.1297
v  -104.445 208.785 37.0083
v  -109.981 201.403 38.119
v  -106.429 182.463 51.4919
v  -110.807 169.496 37.9454
v  -106.429 182.463 51.4919
v  -111.982 184.215 46.0404
v  -85.8793 234.063 -5.87295
v  -114.154 211.479 -49.0146
v  -119.434 223.497 -10.4694
v  -118.415 160.717 32.5462
v  -126.901 182.463 44.0419
v  -124.714 153.448 28.0759
v  -126.901 182.463 44.0419
v  -118.415 160.717 32.5462
v  -119.454 183.338 45.0394
v  -119.454 183.338 45.0394
v  -118.415 160.717 32.5462
v  -113.515 182.463 49.1297
v  -113.515 182.463 49.1297
v  -118.415 160.717 32.5462
v  -111.328 153.448 33.1637
v  -85.8793 138.01 -5.87295
v  -124.714 153.448 28.0759
v  -119.434 141.43 -10.4694
v  -52.1748 135.039 2.47372
v  -93.3695 152.077 32.3045
v  -85.8793 138.01 -5.87295
v  -84.3872 151.551 35.5835
v  -88.5825 136.214 67.2906
v  -87.6713 138.597 68.3336
v  -81.5416 141.376 69.353
v  -82.192 153.577 37.489
v  -87.6713 138.597 68.3336
v  -71.0059 154.356 42.3077
v  -81.5416 141.376 69.353
v  -71.4403 143.044 69.7154
v  -56.0378 141.951 68.6226
v  -60.5206 151.551 45.0125
v  -71.4403 143.044 69.7154
v  -52.1748 135.039 2.47372
v  -53.5762 150.145 45.6621
v  -59.2918 148.127 38.7492
v  -53.5762 150.145 45.6621
v  -52.1748 135.039 2.47372
v  -2.54422 150.145 55.534
v  -59.2918 148.127 38.7492
v  -71.8661 135.703 66.4094
v  -73.2792 148.127 31.1298
v  -73.2792 148.127 31.1298
v  -86.5197 134.581 66.4711
v  -82.2047 149.636 30.8983
v  -82.2047 149.636 30.8983
v  -88.5825 136.214 67.2906
v  -84.3872 151.551 35.5835
v  64.0105 217.8 59.2083
v  64.141 183.52 75.3264
v  106.81 207.536 55.1429
v  -4.45299 186.614 73.1045
v  -2.54422 150.145 55.534
v  64.141 183.52 75.3264
v  64.0105 217.8 59.2083
v  63.6953 232 20.2958
v  2.06396 238.189 13.1149
v  -53.5762 150.145 45.6621
v  -58.7897 151.188 45.1666
v  -56.0378 141.951 68.6226
v  -4.04192 263.101 11.917
v  2.06396 238.189 13.1149
v  -25.7738 237.113 4.55485
v  -9.39188 273.228 11.777
v  -45.5529 236.173 9.55323
v  -4.04192 263.101 11.917
v  -20.8092 279.528 8.62741
v  -45.5529 236.173 9.55323
v  -9.39188 273.228 11.777
v  -20.8092 279.528 8.62741
v  -25.7738 237.113 4.55485
v  -52.1748 255.118 2.47372
v  -52.1748 255.118 2.47372
v  -58.9595 236.205 -2.28917
v  -65.0447 236.613 -0.713412
v  -52.1748 255.118 2.47372
v  -54.8585 236.327 -2.28917
v  -58.9595 236.205 -2.28917
v  -54.8585 236.327 -2.28917
v  -43.9601 223.083 -39.3967
v  -78.3892 219.996 -44.0504
v  -43.9601 223.083 -39.3967
v  -54.8585 236.327 -2.28917
v  -51.2403 236.471 -2.28917
v  -78.3892 219.996 -44.0504
v  -114.154 211.479 -49.0146
v  -85.8793 234.063 -5.87295
v  -124.714 211.479 28.0759
v  -148.425 200.269 25.4524
v  -148.425 177.872 40.1493
v  -134.258 173.239 37.6879
v  -148.425 177.872 40.1493
v  -148.425 155.475 25.4524
v  -148.425 177.872 40.1493
v  -134.258 173.239 37.6879
v  -134.258 180.894 42.7114
v  -126.901 182.463 44.0419
v  -134.258 180.894 42.7114
v  -134.258 173.239 37.6879
v  -119.434 223.497 -10.4694
v  -148.425 209.546 -10.0292
v  -124.714 211.479 28.0759
v  -111.531 208.785 34.6461
v  -118.415 191.962 41.0714
v  -113.515 182.463 49.1297
v  -104.445 208.785 37.0083
v  -108.536 206.727 35.4926
v  -109.981 201.403 38.119
v  -104.242 153.448 35.5259
v  -106.429 182.463 51.4919
v  -110.807 169.496 37.9454
v  -119.434 223.497 -10.4694
v  -117.251 210.466 -48.698
v  -148.425 200.269 -45.5108
v  -117.251 210.466 -48.698
v  -119.434 223.497 -10.4694
v  -114.154 211.479 -49.0146
v  -126.901 182.463 44.0419
v  -128.801 153.797 27.6237
v  -124.714 153.448 28.0759
v  -128.801 153.797 27.6237
v  -126.901 182.463 44.0419
v  -134.258 173.239 37.6879
v  -120.602 182.463 47.9486
v  -124.714 153.448 28.0759
v  -118.415 153.448 31.9826
v  -124.714 153.448 28.0759
v  -120.602 182.463 47.9486
v  -126.901 182.463 44.0419
v  -78.3892 152.077 -44.0504
v  -85.8793 138.01 -5.87295
v  -119.434 141.43 -10.4694
v  -119.434 141.43 -10.4694
v  -128.801 153.797 27.6237
v  -148.425 155.475 25.4524
v  -128.801 153.797 27.6237
v  -119.434 141.43 -10.4694
v  -124.714 153.448 28.0759
v  -51.5271 147.955 -33.3452
v  -52.1748 135.039 2.47372
v  -85.8793 138.01 -5.87295
v  -52.1748 135.039 2.47372
v  -51.5271 147.955 -33.3452
v  -45.1474 147.962 -33.3452
v  -88.5825 136.214 67.2906
v  -86.8894 117.973 104.098
v  -87.6713 138.597 68.3336
v  -81.4256 121.195 105.567
v  -81.5416 141.376 69.353
v  -87.6713 138.597 68.3336
v  -71.4403 143.044 69.7154
v  -81.5416 141.376 69.353
v  -81.4256 121.195 105.567
v  -56.0378 141.951 68.6226
v  -71.4403 143.044 69.7154
v  -62.1453 122.213 105.33
v  -53.5762 150.145 45.6621
v  -56.0378 141.951 68.6226
v  -59.2918 148.127 38.7492
v  2.06396 135.039 13.1149
v  -2.54422 150.145 55.534
v  -52.1748 135.039 2.47372
v  -71.8661 135.703 66.4094
v  -79.1007 134.508 66.1499
v  -73.2792 148.127 31.1298
v  -56.0378 141.951 68.6226
v  -71.8661 135.703 66.4094
v  -59.2918 148.127 38.7492
v  -73.2792 148.127 31.1298
v  -79.1007 134.508 66.1499
v  -86.5197 134.581 66.4711
v  -82.2047 149.636 30.8983
v  -86.5197 134.581 66.4711
v  -88.5825 136.214 67.2906
v  106.81 207.536 55.1429
v  64.141 183.52 75.3264
v  108.616 178.904 69.1144
v  106.81 207.536 55.1429
v  63.6953 232 20.2958
v  64.0105 217.8 59.2083
v  64.141 183.52 75.3264
v  -2.54422 150.145 55.534
v  64.0105 149.239 59.2083
v  63.6953 232 20.2958
v  6.67214 223.083 -29.3041
v  2.06396 238.189 13.1149
v  -9.39188 273.228 9.02111
v  -4.04192 263.101 11.917
v  -25.7738 237.113 4.55485
v  -25.7738 237.113 4.55485
v  -43.9601 223.083 -39.3967
v  -51.2403 236.471 -2.28917
v  -43.9601 223.083 -39.3967
v  -25.7738 237.113 4.55485
v  2.06396 238.189 13.1149
v  2.06396 284.252 13.1149
v  -9.39188 273.228 11.777
v  -4.04192 263.101 11.917
v  2.06396 284.252 13.1149
v  -20.8092 279.528 8.62741
v  -9.39188 273.228 11.777
v  -20.8092 279.528 8.62741
v  -9.39188 273.228 9.02111
v  -25.7738 237.113 4.55485
v  -52.1748 255.118 2.47372
v  -25.7738 237.113 4.55485
v  -51.2403 236.471 -2.28917
v  -52.1748 255.118 2.47372
v  -51.2403 236.471 -2.28917
v  -54.8585 236.327 -2.28917
v  -43.9601 223.083 -39.3967
v  -40.5575 186.614 -56.7399
v  -78.3892 219.996 -44.0504
v  -93.4603 197.933 -54.791
v  -78.3892 219.996 -44.0504
v  -75.2867 186.036 -59.864
v  -78.3892 219.996 -44.0504
v  -93.4603 197.933 -54.791
v  -103.604 204.573 -51.9595
v  -78.3892 219.996 -44.0504
v  -103.604 204.573 -51.9595
v  -111.531 209.762 -49.7468
v  -78.3892 219.996 -44.0504
v  -111.531 209.762 -49.7468
v  -114.154 211.479 -49.0146
v  -148.425 200.269 25.4524
v  -170.369 177.872 40.1493
v  -148.425 177.872 40.1493
v  -124.714 211.479 28.0759
v  -148.425 209.546 -10.0292
v  -148.425 200.269 25.4524
v  -134.258 173.239 37.6879
v  -148.425 155.475 25.4524
v  -128.801 153.797 27.6237
v  -126.901 182.463 47.1612
v  -134.258 180.894 42.7114
v  -134.258 173.239 37.6879
v  -148.425 177.872 40.1493
v  -170.369 161.688 25.4524
v  -148.425 155.475 25.4524
v  -119.434 223.497 -10.4694
v  -148.425 200.269 -45.5108
v  -148.425 209.546 -10.0292
v  -111.531 208.785 34.6461
v  -116.236 206.967 33.1189
v  -118.415 191.962 41.0714
v  -108.238 153.898 30.8605
v  -104.242 153.448 35.5259
v  -110.807 169.496 37.9454
v  -119.404 186.096 -61.0088
v  -114.154 211.479 -49.0146
v  -111.967 182.463 -64.9806
v  -114.154 211.479 -49.0146
v  -119.404 186.096 -61.0088
v  -117.251 210.466 -48.698
v  -117.251 210.466 -48.698
v  -119.404 186.096 -61.0088
v  -148.425 200.269 -45.5108
v  -134.258 173.239 37.6879
v  -128.801 153.797 27.6237
v  -124.714 153.448 31.1952
v  -118.618 208.785 33.465
v  -126.901 182.463 44.0419
v  -120.602 182.463 47.9486
v  -78.3892 152.077 -44.0504
v  -119.434 141.43 -10.4694
v  -114.154 153.448 -49.0146
v  -85.8793 138.01 -5.87295
v  -68.5538 149.921 -38.3832
v  -51.5271 147.955 -33.3452
v  -68.5538 149.921 -38.3832
v  -85.8793 138.01 -5.87295
v  -78.3892 152.077 -44.0504
v  -68.5538 149.921 -38.3832
v  -78.3892 152.077 -44.0504
v  -70.9319 151.658 -43.0424
v  -119.434 141.43 -10.4694
v  -148.425 155.475 25.4524
v  -148.425 146.198 -10.0292
v  -45.1474 147.962 -33.3452
v  -51.5271 147.955 -33.3452
v  -55.7708 133.343 -71.6136
v  -45.1474 147.962 -33.3452
v  2.06396 135.039 13.1149
v  -52.1748 135.039 2.47372
v  2.06396 135.039 13.1149
v  -45.1474 147.962 -33.3452
v  -39.9252 148.821 -34.7929
v  -85.3774 117.067 103.563
v  -86.8894 117.973 104.098
v  -88.5825 136.214 67.2906
v  -87.6713 138.597 68.3336
v  -86.8894 117.973 104.098
v  -86.134 119.398 104.814
v  -81.4256 121.195 105.567
v  -87.6713 138.597 68.3336
v  -86.134 119.398 104.814
v  -71.4403 143.044 69.7154
v  -81.4256 121.195 105.567
v  -73.7486 122.445 105.915
v  -62.1453 122.213 105.33
v  -71.4403 143.044 69.7154
v  -73.7486 122.445 105.915
v  -56.0378 141.951 68.6226
v  -62.1453 122.213 105.33
v  -74.2773 118.117 103.669
v  63.6953 135.039 20.2958
v  -2.54422 150.145 55.534
v  2.06396 135.039 13.1149
v  -71.8661 135.703 66.4094
v  -74.2773 118.117 103.669
v  -79.1007 134.508 66.1499
v  -56.0378 141.951 68.6226
v  -74.2773 118.117 103.669
v  -71.8661 135.703 66.4094
v  -79.1007 134.508 66.1499
v  -85.3774 117.067 103.563
v  -86.5197 134.581 66.4711
v  -85.3774 117.067 103.563
v  -88.5825 136.214 67.2906
v  -86.5197 134.581 66.4711
v  106.81 207.536 55.1429
v  108.616 178.904 69.1144
v  150.972 200.671 43.9831
v  64.141 183.52 75.3264
v  64.0105 149.239 59.2083
v  108.616 178.904 69.1144
v  106.81 207.536 55.1429
v  102.451 219.395 21.4128
v  63.6953 232 20.2958
v  64.0105 149.239 59.2083
v  -2.54422 150.145 55.534
v  63.6953 135.039 20.2958
v  63.6953 232 20.2958
v  63.3801 217.8 -18.6167
v  6.67214 223.083 -29.3041
v  6.67214 223.083 -29.3041
v  -43.9601 223.083 -39.3967
v  2.06396 238.189 13.1149
v  2.06396 284.252 13.1149
v  -4.04192 263.101 11.917
v  -9.39188 273.228 9.02111
v  2.06396 284.252 13.1149
v  -9.39188 273.228 9.02111
v  -20.8092 279.528 8.62741
v  -43.9601 223.083 -39.3967
v  8.58092 186.614 -46.8746
v  -40.5575 186.614 -56.7399
v  -78.3892 219.996 -44.0504
v  -40.5575 186.614 -56.7399
v  -75.2867 186.036 -59.864
v  -93.4603 197.933 -54.791
v  -75.2867 186.036 -59.864
v  -93.4603 184.266 -62.3991
v  -103.604 204.573 -51.9595
v  -93.4603 184.266 -62.3991
v  -104.787 183.163 -63.9791
v  -93.4603 184.266 -62.3991
v  -103.604 204.573 -51.9595
v  -93.4603 197.933 -54.791
v  -111.531 209.762 -49.7468
v  -104.787 183.163 -63.9791
v  -111.967 182.463 -64.9806
v  -104.787 183.163 -63.9791
v  -111.531 209.762 -49.7468
v  -103.604 204.573 -51.9595
v  -114.154 211.479 -49.0146
v  -111.531 209.762 -49.7468
v  -111.967 182.463 -64.9806
v  -148.425 200.269 25.4524
v  -216.582 183.068 9.31063
v  -170.369 177.872 40.1493
v  -170.369 177.872 40.1493
v  -170.369 161.688 25.4524
v  -148.425 177.872 40.1493
v  -148.425 200.269 25.4524
v  -148.425 209.546 -10.0292
v  -216.582 192.345 -10.0292
v  -126.901 182.463 47.1612
v  -134.258 173.239 37.6879
v  -124.714 153.448 31.1952
v  -124.917 208.785 32.6776
v  -134.258 180.894 42.7114
v  -126.901 182.463 47.1612
v  -148.425 146.198 -10.0292
v  -170.369 161.688 25.4524
v  -170.369 152.41 -10.0292
v  -170.369 161.688 25.4524
v  -148.425 146.198 -10.0292
v  -148.425 155.475 25.4524
v  -148.425 209.546 -10.0292
v  -148.425 200.269 -45.5108
v  -216.582 192.345 -10.0292
v  -119.404 186.096 -61.0088
v  -111.967 182.463 -64.9806
v  -119.404 181.527 -64.007
v  -119.404 186.096 -61.0088
v  -117.251 210.466 -48.698
v  -114.154 211.479 -52.558
v  -148.425 200.269 -45.5108
v  -119.404 181.527 -64.007
v  -148.425 177.872 -60.2077
v  -119.404 181.527 -64.007
v  -148.425 200.269 -45.5108
v  -119.404 186.096 -61.0088
v  -118.618 208.785 33.465
v  -122.669 206.326 31.6178
v  -126.901 182.463 44.0419
v  -114.154 153.448 -49.0146
v  -94.3964 166.563 -54.0282
v  -78.3892 152.077 -44.0504
v  -94.3964 166.563 -54.0282
v  -114.154 153.448 -49.0146
v  -113.776 158.456 -51.7706
v  -94.3964 166.563 -54.0282
v  -113.776 158.456 -51.7706
v  -104.787 175.966 -60.5051
v  -104.787 175.966 -60.5051
v  -113.776 158.456 -51.7706
v  -111.967 182.463 -64.9806
v  -114.154 153.448 -49.0146
v  -119.434 141.43 -10.4694
v  -148.425 146.198 -10.0292
v  -78.3892 152.077 -44.0504
v  -67.8895 154.027 -43.8387
v  -70.9319 151.658 -43.0424
v  -67.8895 154.027 -43.8387
v  -78.3892 152.077 -44.0504
v  -75.2867 186.036 -59.864
v  -67.8895 154.027 -43.8387
v  -75.2867 186.036 -59.864
v  -54.9793 155.223 -43.0072
v  -75.2867 186.036 -59.864
v  -47.348 154.027 -41.6101
v  -54.9793 155.223 -43.0072
v  -66.8537 134.936 -73.846
v  -68.5538 149.921 -38.3832
v  -70.9319 151.658 -43.0424
v  -51.5271 147.955 -33.3452
v  -68.5538 149.921 -38.3832
v  -55.7708 133.343 -71.6136
v  -36.1789 137.206 -71.0751
v  -45.1474 147.962 -33.3452
v  -55.7708 133.343 -71.6136
v  -36.1789 137.206 -71.0751
v  -39.9252 148.821 -34.7929
v  -45.1474 147.962 -33.3452
v  -34.0144 150.145 -37.4142
v  2.06396 135.039 13.1149
v  -39.9252 148.821 -34.7929
v  2.06396 135.039 13.1149
v  -34.0144 150.145 -37.4142
v  6.67214 150.145 -29.3041
v  -80.3038 106.687 126.024
v  -86.8894 117.973 104.098
v  -85.3774 117.067 103.563
v  -86.8894 117.973 104.098
v  -80.3038 106.687 126.024
v  -86.134 119.398 104.814
v  -79.8294 107.137 126.906
v  -81.4256 121.195 105.567
v  -86.134 119.398 104.814
v  -73.7486 122.445 105.915
v  -81.4256 121.195 105.567
v  -76.7761 107.029 128.448
v  -62.1453 122.213 105.33
v  -73.7486 122.445 105.915
v  -71.2807 107.443 128.54
v  -62.1453 122.213 105.33
v  -71.8696 105.539 126.641
v  -74.2773 118.117 103.669
v  63.6953 135.039 20.2958
v  2.06396 135.039 13.1149
v  63.3801 149.239 -18.6167
v  -74.2773 118.117 103.669
v  -79.7756 117.222 103.42
v  -79.1007 134.508 66.1499
v  -79.1007 134.508 66.1499
v  -79.7756 117.222 103.42
v  -85.3774 117.067 103.563
v  150.972 200.671 43.9831
v  108.616 178.904 69.1144
v  154.009 176.973 55.1111
v  150.972 200.671 43.9831
v  102.451 219.395 21.4128
v  106.81 207.536 55.1429
v  108.616 178.904 69.1144
v  64.0105 149.239 59.2083
v  106.81 150.273 55.1429
v  102.451 219.395 21.4128
v  63.3801 217.8 -18.6167
v  63.6953 232 20.2958
v  102.451 138.414 21.4128
v  64.0105 149.239 59.2083
v  63.6953 135.039 20.2958
v  6.67214 223.083 -29.3041
v  63.3801 217.8 -18.6167
v  63.2495 183.52 -34.7347
v  6.67214 223.083 -29.3041
v  8.58092 186.614 -46.8746
v  -43.9601 223.083 -39.3967
v  8.58092 186.614 -46.8746
v  6.67214 150.145 -29.3041
v  -40.5575 186.614 -56.7399
v  -47.348 154.027 -41.6101
v  -40.5575 186.614 -56.7399
v  -43.7231 152.686 -40.6049
v  -40.5575 186.614 -56.7399
v  -47.348 154.027 -41.6101
v  -75.2867 186.036 -59.864
v  -94.3964 166.563 -54.0282
v  -75.2867 186.036 -59.864
v  -78.3892 152.077 -44.0504
v  -75.2867 186.036 -59.864
v  -94.3964 166.563 -54.0282
v  -93.4603 184.266 -62.3991
v  -93.4603 197.933 -54.791
v  -85.1953 182.463 -65.768
v  -93.4603 184.266 -62.3991
v  -104.787 175.966 -60.5051
v  -93.4603 184.266 -62.3991
v  -94.3964 166.563 -54.0282
v  -93.4603 184.266 -62.3991
v  -104.787 175.966 -60.5051
v  -104.787 183.163 -63.9791
v  -103.604 204.573 -51.9595
v  -95.0378 182.463 -66.9491
v  -104.787 183.163 -63.9791
v  -104.787 183.163 -63.9791
v  -104.787 175.966 -60.5051
v  -111.967 182.463 -64.9806
v  -105.493 211.479 -51.7706
v  -111.967 182.463 -64.9806
v  -111.531 209.762 -49.7468
v  -170.369 177.872 40.1493
v  -216.582 183.068 9.31063
v  -209.177 185.164 53.3301
v  -148.425 200.269 25.4524
v  -216.582 192.345 -10.0292
v  -216.582 183.068 9.31063
v  -170.369 177.872 40.1493
v  -183.349 169.955 41.2004
v  -170.369 161.688 25.4524
v  -126.868 207.079 29.9444
v  -134.258 180.894 42.7114
v  -124.917 208.785 32.6776
v  -148.425 155.475 -45.5108
v  -170.369 152.41 -10.0292
v  -170.369 161.688 -45.5108
v  -170.369 152.41 -10.0292
v  -148.425 155.475 -45.5108
v  -148.425 146.198 -10.0292
v  -170.369 161.688 25.4524
v  -216.727 165.231 25.4524
v  -170.369 152.41 -10.0292
v  -148.425 200.269 -45.5108
v  -216.582 183.068 -29.369
v  -216.582 192.345 -10.0292
v  -119.404 157.19 -50.7294
v  -113.776 158.456 -51.7706
v  -114.154 153.448 -49.0146
v  -113.776 158.456 -51.7706
v  -119.404 157.19 -50.7294
v  -119.404 181.527 -64.007
v  -113.776 158.456 -51.7706
v  -119.404 181.527 -64.007
v  -111.967 182.463 -64.9806
v  -119.404 186.096 -61.0088
v  -111.967 182.463 -68.5239
v  -119.404 181.527 -64.007
v  -114.154 211.479 -52.558
v  -111.967 182.463 -68.5239
v  -119.404 186.096 -61.0088
v  -119.404 181.527 -64.007
v  -119.404 157.19 -50.7294
v  -148.425 177.872 -60.2077
v  -148.425 200.269 -45.5108
v  -148.425 177.872 -60.2077
v  -170.369 177.872 -60.2077
v  -113.776 158.456 -51.7706
v  -103.306 182.463 -67.7365
v  -105.493 153.448 -51.7706
v  -103.306 182.463 -67.7365
v  -113.776 158.456 -51.7706
v  -111.967 182.463 -64.9806
v  -114.154 153.448 -49.0146
v  -148.425 146.198 -10.0292
v  -148.425 155.475 -45.5108
v  -47.348 154.027 -41.6101
v  -54.6335 140.829 -75.2874
v  -54.9793 155.223 -43.0072
v  -54.6335 140.829 -75.2874
v  -67.8895 154.027 -43.8387
v  -54.9793 155.223 -43.0072
v  -66.2633 138.821 -75.7523
v  -70.9319 151.658 -43.0424
v  -67.8895 154.027 -43.8387
v  -68.2134 136.997 -75.0713
v  -66.8537 134.936 -73.846
v  -70.9319 151.658 -43.0424
v  -55.7708 133.343 -71.6136
v  -68.5538 149.921 -38.3832
v  -66.8537 134.936 -73.846
v  -36.1789 137.206 -71.0751
v  -55.7708 133.343 -71.6136
v  -49.7947 114.379 -108.483
v  -34.0144 150.145 -37.4142
v  -39.9252 148.821 -34.7929
v  -36.1789 137.206 -71.0751
v  -43.7231 152.686 -40.6049
v  6.67214 150.145 -29.3041
v  -34.0144 150.145 -37.4142
v  6.67214 150.145 -29.3041
v  -43.7231 152.686 -40.6049
v  -40.5575 186.614 -56.7399
v  63.3801 149.239 -18.6167
v  2.06396 135.039 13.1149
v  6.67214 150.145 -29.3041
v  -79.3031 106.043 125.691
v  -80.3038 106.687 126.024
v  -85.3774 117.067 103.563
v  -86.134 119.398 104.814
v  -80.3038 106.687 126.024
v  -79.8294 107.137 126.906
v  -76.7761 107.029 128.448
v  -81.4256 121.195 105.567
v  -79.8294 107.137 126.906
v  -71.2807 107.443 128.54
v  -73.7486 122.445 105.915
v  -76.7761 107.029 128.448
v  -62.1453 122.213 105.33
v  -71.2807 107.443 128.54
v  -67.4387 106.966 127.825
v  -62.1453 122.213 105.33
v  -67.4387 106.966 127.825
v  -71.8696 105.539 126.641
v  -71.8696 105.539 126.641
v  -79.7756 117.222 103.42
v  -74.2773 118.117 103.669
v  98.0915 150.273 -12.3173
v  63.6953 135.039 20.2958
v  63.3801 149.239 -18.6167
v  -79.3031 106.043 125.691
v  -85.3774 117.067 103.563
v  -79.7756 117.222 103.42
v  150.972 200.671 43.9831
v  154.009 176.973 55.1111
v  213.692 187.62 18.548
v  108.616 178.904 69.1144
v  106.81 150.273 55.1429
v  154.009 176.973 55.1111
v  150.972 200.671 43.9831
v  143.641 210.487 17.1175
v  102.451 219.395 21.4128
v  106.81 150.273 55.1429
v  64.0105 149.239 59.2083
v  102.451 138.414 21.4128
v  102.451 219.395 21.4128
v  98.0915 207.536 -12.3173
v  63.3801 217.8 -18.6167
v  102.451 138.414 21.4128
v  63.6953 135.039 20.2958
v  98.0915 150.273 -12.3173
v  63.3801 217.8 -18.6167
v  96.2858 178.904 -26.2888
v  63.2495 183.52 -34.7347
v  6.67214 223.083 -29.3041
v  63.2495 183.52 -34.7347
v  8.58092 186.614 -46.8746
v  8.58092 186.614 -46.8746
v  63.3801 149.239 -18.6167
v  6.67214 150.145 -29.3041
v  -43.7231 152.686 -40.6049
v  -44.1933 139.941 -73.4969
v  -47.348 154.027 -41.6101
v  -93.4603 184.266 -62.3991
v  -85.1953 182.463 -65.768
v  -94.3964 166.563 -54.0282
v  -87.3824 211.479 -49.8021
v  -85.1953 182.463 -65.768
v  -93.4603 197.933 -54.791
v  -104.787 183.163 -63.9791
v  -95.0378 182.463 -66.9491
v  -104.787 175.966 -60.5051
v  -97.2249 211.479 -50.9832
v  -95.0378 182.463 -66.9491
v  -103.604 204.573 -51.9595
v  -105.493 211.479 -51.7706
v  -103.306 182.463 -67.7365
v  -111.967 182.463 -64.9806
v  -105.493 211.479 -51.7706
v  -111.531 209.762 -49.7468
v  -110.225 211.412 -48.9385
v  -170.369 177.872 40.1493
v  -209.177 185.164 53.3301
v  -188.779 176.896 53.3301
v  -217.212 181.621 53.3301
v  -216.582 183.068 9.31063
v  -224.617 179.525 9.31063
v  -216.582 183.068 9.31063
v  -217.212 181.621 53.3301
v  -209.177 185.164 53.3301
v  -216.582 192.345 -10.0292
v  -234.796 183.907 -10.0292
v  -216.582 183.068 9.31063
v  -170.369 177.872 40.1493
v  -188.779 176.896 53.3301
v  -183.349 169.955 41.2004
v  -170.369 161.688 25.4524
v  -183.349 169.955 41.2004
v  -203.129 161.688 33.3264
v  -170.369 152.41 -10.0292
v  -216.727 165.231 -45.5108
v  -170.369 161.688 -45.5108
v  -148.425 177.872 -60.2077
v  -148.425 155.475 -45.5108
v  -170.369 161.688 -45.5108
v  -170.369 152.41 -10.0292
v  -216.727 165.231 25.4524
v  -221.55 159.7 -10.0292
v  -170.369 161.688 25.4524
v  -203.129 161.688 33.3264
v  -216.727 165.231 25.4524
v  -148.425 200.269 -45.5108
v  -170.369 177.872 -60.2077
v  -216.582 183.068 -29.369
v  -216.582 183.068 -29.369
v  -234.796 183.907 -10.0292
v  -216.582 192.345 -10.0292
v  -148.425 155.475 -45.5108
v  -119.404 157.19 -50.7294
v  -114.154 153.448 -49.0146
v  -119.404 157.19 -50.7294
v  -148.425 155.475 -45.5108
v  -148.425 177.872 -60.2077
v  -119.404 181.527 -64.007
v  -114.154 153.448 -52.558
v  -119.404 157.19 -50.7294
v  -111.967 182.463 -68.5239
v  -114.154 153.448 -52.558
v  -119.404 181.527 -64.007
v  -148.425 177.872 -60.2077
v  -170.369 161.688 -45.5108
v  -170.369 177.872 -60.2077
v  -44.1933 139.941 -73.4969
v  -54.6335 140.829 -75.2874
v  -47.348 154.027 -41.6101
v  -54.6335 140.829 -75.2874
v  -66.2633 138.821 -75.7523
v  -67.8895 154.027 -43.8387
v  -66.2633 138.821 -75.7523
v  -68.2134 136.997 -75.0713
v  -70.9319 151.658 -43.0424
v  -58.9861 114.945 -111.626
v  -66.8537 134.936 -73.846
v  -68.2134 136.997 -75.0713
v  -55.7708 133.343 -71.6136
v  -66.8537 134.936 -73.846
v  -58.9861 114.945 -111.626
v  -49.7947 114.379 -108.483
v  -55.7708 133.343 -71.6136
v  -58.9861 114.945 -111.626
v  -33.7643 118.893 -106.251
v  -36.1789 137.206 -71.0751
v  -49.7947 114.379 -108.483
v  -34.0144 150.145 -37.4142
v  -36.1789 137.206 -71.0751
v  -43.7231 152.686 -40.6049
v  -79.3031 106.043 125.691
v  -79.8294 107.137 126.906
v  -80.3038 106.687 126.024
v  -79.8294 107.137 126.906
v  -79.3031 106.043 125.691
v  -76.7761 107.029 128.448
v  -76.7761 107.029 128.448
v  -79.3031 106.043 125.691
v  -75.6436 105.098 126.418
v  -75.6436 105.098 126.418
v  -71.2807 107.443 128.54
v  -76.7761 107.029 128.448
v  -71.2807 107.443 128.54
v  -75.6436 105.098 126.418
v  -71.8696 105.539 126.641
v  -71.2807 107.443 128.54
v  -71.8696 105.539 126.641
v  -67.4387 106.966 127.825
v  -71.8696 105.539 126.641
v  -75.6436 105.098 126.418
v  -79.7756 117.222 103.42
v  63.2495 183.52 -34.7347
v  98.0915 150.273 -12.3173
v  63.3801 149.239 -18.6167
v  -75.6436 105.098 126.418
v  -79.3031 106.043 125.691
v  -79.7756 117.222 103.42
v  213.692 187.62 18.548
v  154.009 176.973 55.1111
v  216.896 172.867 24.8942
v  213.692 187.62 18.548
v  143.641 210.487 17.1175
v  150.972 200.671 43.9831
v  142.026 152.667 46.2438
v  154.009 176.973 55.1111
v  106.81 150.273 55.1429
v  154.009 176.973 55.1111
v  142.026 152.667 46.2438
v  151.2 155.054 44.8183
v  143.641 210.487 17.1175
v  98.0915 207.536 -12.3173
v  102.451 219.395 21.4128
v  143.641 143.459 17.1175
v  106.81 150.273 55.1429
v  102.451 138.414 21.4128
v  63.3801 217.8 -18.6167
v  98.0915 207.536 -12.3173
v  96.2858 178.904 -26.2888
v  127.495 152.583 -10.3405
v  102.451 138.414 21.4128
v  98.0915 150.273 -12.3173
v  102.451 138.414 21.4128
v  127.495 152.583 -10.3405
v  127.855 151.952 -8.51079
v  102.451 138.414 21.4128
v  127.855 151.952 -8.51079
v  133.295 151.952 -6.97409
v  63.2495 183.52 -34.7347
v  96.2858 178.904 -26.2888
v  98.0915 150.273 -12.3173
v  8.58092 186.614 -46.8746
v  63.2495 183.52 -34.7347
v  63.3801 149.239 -18.6167
v  -36.1789 137.206 -71.0751
v  -44.1933 139.941 -73.4969
v  -43.7231 152.686 -40.6049
v  -85.1953 182.463 -65.768
v  -87.3824 153.448 -49.8021
v  -94.3964 166.563 -54.0282
v  -87.3824 211.479 -49.8021
v  -93.4603 197.933 -54.791
v  -91.9576 210.128 -49.0407
v  -95.0378 182.463 -66.9491
v  -97.2249 153.448 -50.9832
v  -104.787 175.966 -60.5051
v  -97.2249 211.479 -50.9832
v  -103.604 204.573 -51.9595
v  -102.731 208.903 -49.9087
v  -188.779 176.896 53.3301
v  -209.177 185.164 53.3301
v  -192.488 181.621 84.4325
v  -192.488 181.621 84.4325
v  -209.177 185.164 53.3301
v  -217.212 181.621 53.3301
v  -216.582 183.068 9.31063
v  -234.796 183.907 -10.0292
v  -224.617 179.525 9.31063
v  -224.617 179.525 9.31063
v  -217.212 175.715 53.3301
v  -217.212 181.621 53.3301
v  -217.212 175.715 53.3301
v  -224.617 179.525 9.31063
v  -224.617 173.619 9.31063
v  -183.349 169.955 41.2004
v  -188.779 176.896 53.3301
v  -188.779 174.141 53.3301
v  -183.349 169.955 41.2004
v  -199.74 164.919 58.5232
v  -203.129 161.688 33.3264
v  -170.369 152.41 -10.0292
v  -221.55 159.7 -10.0292
v  -216.727 165.231 -45.5108
v  -170.369 161.688 -45.5108
v  -216.727 165.231 -45.5108
v  -203.129 161.688 -53.3848
v  -216.727 165.231 25.4524
v  -238.051 171.572 -10.0292
v  -221.55 159.7 -10.0292
v  -203.129 161.688 33.3264
v  -211.164 166.806 58.5232
v  -216.727 165.231 25.4524
v  -170.369 177.872 -60.2077
v  -209.177 185.164 -73.3885
v  -216.582 183.068 -29.369
v  -216.582 183.068 -29.369
v  -224.617 179.525 -29.369
v  -234.796 183.907 -10.0292
v  -170.369 177.872 -60.2077
v  -170.369 161.688 -45.5108
v  -183.349 169.955 -61.2588
v  -44.1933 139.941 -73.4969
v  -49.1009 120.637 -111.968
v  -54.6335 140.829 -75.2874
v  -54.6335 140.829 -75.2874
v  -58.6259 118.193 -113.434
v  -66.2633 138.821 -75.7523
v  -60.1746 116.554 -112.94
v  -68.2134 136.997 -75.0713
v  -66.2633 138.821 -75.7523
v  -60.1746 116.554 -112.94
v  -58.9861 114.945 -111.626
v  -68.2134 136.997 -75.0713
v  -48.6285 102.509 -134.454
v  -49.7947 114.379 -108.483
v  -58.9861 114.945 -111.626
v  -33.7643 118.893 -106.251
v  -40.4624 120.61 -109.312
v  -36.1789 137.206 -71.0751
v  -33.7643 118.893 -106.251
v  -49.7947 114.379 -108.483
v  -42.2852 102.001 -131.43
v  213.692 187.62 18.548
v  216.896 172.867 24.8942
v  311.076 171.095 -43.4159
v  216.896 172.867 24.8942
v  151.2 155.054 44.8183
v  155.74 154.692 42.6024
v  151.2 155.054 44.8183
v  216.896 172.867 24.8942
v  154.009 176.973 55.1111
v  213.692 187.62 18.548
v  205.957 193.73 3.2269
v  143.641 210.487 17.1175
v  143.641 143.459 17.1175
v  141.274 151.747 43.7571
v  106.81 150.273 55.1429
v  141.274 151.747 43.7571
v  143.641 143.459 17.1175
v  150.197 152.237 41.1429
v  142.026 152.667 46.2438
v  106.81 150.273 55.1429
v  141.274 151.747 43.7571
v  151.2 155.054 44.8183
v  142.026 152.667 46.2438
v  149.285 148.625 51.5206
v  143.641 210.487 17.1175
v  136.309 200.671 -9.74796
v  98.0915 207.536 -12.3173
v  133.295 151.952 -6.97409
v  143.641 143.459 17.1175
v  102.451 138.414 21.4128
v  143.641 143.459 17.1175
v  133.295 151.952 -6.97409
v  137.298 151.952 -6.12729
v  98.0915 207.536 -12.3173
v  133.273 176.973 -20.876
v  96.2858 178.904 -26.2888
v  128.7 149.508 -19.6128
v  127.855 151.952 -8.51079
v  127.495 152.583 -10.3405
v  133.295 151.952 -6.97409
v  127.855 151.952 -8.51079
v  129.847 149.271 -17.783
v  96.2858 178.904 -26.2888
v  127.495 152.583 -10.3405
v  98.0915 150.273 -12.3173
v  127.495 152.583 -10.3405
v  96.2858 178.904 -26.2888
v  133.415 155.128 -10.9443
v  -36.1789 137.206 -71.0751
v  -40.4624 120.61 -109.312
v  -44.1933 139.941 -73.4969
v  -94.3964 166.563 -54.0282
v  -87.3824 153.448 -49.8021
v  -93.3506 155.78 -47.8767
v  -104.787 175.966 -60.5051
v  -97.2249 153.448 -50.9832
v  -104.787 156.851 -49.818
v  -181.98 180.44 84.4325
v  -188.779 176.896 53.3301
v  -192.488 181.621 84.4325
v  -192.488 181.621 84.4325
v  -217.212 181.621 53.3301
v  -198.669 179.259 84.4325
v  -238.051 177.872 -10.0292
v  -224.617 179.525 9.31063
v  -234.796 183.907 -10.0292
v  -217.212 175.715 53.3301
v  -199.905 175.715 84.4325
v  -217.212 181.621 53.3301
v  -238.051 177.872 -10.0292
v  -224.617 173.619 9.31063
v  -224.617 179.525 9.31063
v  -224.617 173.619 9.31063
v  -238.051 177.872 -10.0292
v  -238.051 171.572 -10.0292
v  -217.212 175.715 53.3301
v  -216.727 165.231 25.4524
v  -211.164 166.806 58.5232
v  -216.727 165.231 25.4524
v  -217.212 175.715 53.3301
v  -224.617 173.619 9.31063
v  -188.779 176.896 53.3301
v  -181.98 180.44 84.4325
v  -188.779 174.141 53.3301
v  -183.349 169.955 41.2004
v  -188.779 174.141 53.3301
v  -199.74 164.919 58.5232
v  -199.74 164.919 58.5232
v  -211.164 166.806 58.5232
v  -203.129 161.688 33.3264
v  -216.727 165.231 -45.5108
v  -221.55 159.7 -10.0292
v  -238.051 171.572 -10.0292
v  -203.129 161.688 -53.3848
v  -216.727 165.231 -45.5108
v  -211.164 166.806 -78.5816
v  -170.369 161.688 -45.5108
v  -203.129 161.688 -53.3848
v  -183.349 169.955 -61.2588
v  -238.051 171.572 -10.0292
v  -216.727 165.231 25.4524
v  -224.617 173.619 9.31063
v  -170.369 177.872 -60.2077
v  -188.779 176.896 -73.3885
v  -209.177 185.164 -73.3885
v  -216.582 183.068 -29.369
v  -217.212 181.621 -73.3885
v  -224.617 179.525 -29.369
v  -217.212 181.621 -73.3885
v  -216.582 183.068 -29.369
v  -209.177 185.164 -73.3885
v  -224.617 179.525 -29.369
v  -238.051 177.872 -10.0292
v  -234.796 183.907 -10.0292
v  -170.369 177.872 -60.2077
v  -183.349 169.955 -61.2588
v  -188.779 176.896 -73.3885
v  -40.4624 120.61 -109.312
v  -49.1009 120.637 -111.968
v  -44.1933 139.941 -73.4969
v  -49.1009 120.637 -111.968
v  -58.6259 118.193 -113.434
v  -54.6335 140.829 -75.2874
v  -58.6259 118.193 -113.434
v  -60.1746 116.554 -112.94
v  -66.2633 138.821 -75.7523
v  -48.6285 102.509 -134.454
v  -58.9861 114.945 -111.626
v  -60.1746 116.554 -112.94
v  -46.5905 102.083 -133.567
v  -49.7947 114.379 -108.483
v  -48.6285 102.509 -134.454
v  -33.7643 118.893 -106.251
v  -35.6695 102.999 -131.254
v  -40.4624 120.61 -109.312
v  -42.2852 102.001 -131.43
v  -49.7947 114.379 -108.483
v  -46.5905 102.083 -133.567
v  -33.7643 118.893 -106.251
v  -42.2852 102.001 -131.43
v  -35.6695 102.999 -131.254
v  216.896 172.867 24.8942
v  312.047 166.817 -41.4916
v  311.076 171.095 -43.4159
v  311.076 171.095 -43.4159
v  205.957 193.73 3.2269
v  213.692 187.62 18.548
v  159.191 148.989 46.8853
v  155.74 154.692 42.6024
v  151.2 155.054 44.8183
v  213.692 158.115 18.548
v  155.74 154.692 42.6024
v  157.649 153.79 41.2755
v  155.74 154.692 42.6024
v  213.692 158.115 18.548
v  216.896 172.867 24.8942
v  205.957 193.73 3.2269
v  136.309 200.671 -9.74796
v  143.641 210.487 17.1175
v  205.957 152.005 3.2269
v  150.197 152.237 41.1429
v  143.641 143.459 17.1175
v  150.197 152.237 41.1429
v  205.957 152.005 3.2269
v  155.74 153.165 40.4488
v  150.197 152.237 41.1429
v  148.533 148.886 49.0339
v  141.274 151.747 43.7571
v  141.274 151.747 43.7571
v  149.285 148.625 51.5206
v  142.026 152.667 46.2438
v  151.2 155.054 44.8183
v  149.285 148.625 51.5206
v  156.55 148.653 49.3479
v  98.0915 207.536 -12.3173
v  136.309 200.671 -9.74796
v  133.273 176.973 -20.876
v  137.298 151.952 -6.12729
v  133.295 151.952 -6.97409
v  129.847 149.271 -17.783
v  143.783 153.859 -10.0312
v  143.641 143.459 17.1175
v  137.298 151.952 -6.12729
v  143.641 143.459 17.1175
v  143.783 153.859 -10.0312
v  198.222 158.115 -12.0942
v  96.2858 178.904 -26.2888
v  136.072 155.128 -10.6184
v  133.415 155.128 -10.9443
v  136.072 155.128 -10.6184
v  96.2858 178.904 -26.2888
v  133.273 176.973 -20.876
v  129.847 149.271 -17.783
v  127.855 151.952 -8.51079
v  128.7 149.508 -19.6128
v  133.415 155.128 -10.9443
v  128.7 149.508 -19.6128
v  127.495 152.583 -10.3405
v  -181.98 180.44 84.4325
v  -192.488 181.621 84.4325
v  -185.686 180.7 90.3353
v  -217.212 181.621 53.3301
v  -199.905 175.715 84.4325
v  -198.669 179.259 84.4325
v  -188.77 179.023 92.1988
v  -192.488 181.621 84.4325
v  -198.669 179.259 84.4325
v  -217.212 175.715 53.3301
v  -211.164 166.806 58.5232
v  -199.905 175.715 84.4325
v  -224.617 179.525 -29.369
v  -238.051 171.572 -10.0292
v  -238.051 177.872 -10.0292
v  -238.051 171.572 -10.0292
v  -224.617 179.525 -29.369
v  -224.617 173.619 -29.369
v  -188.779 174.141 53.3301
v  -181.98 180.44 84.4325
v  -180.744 176.896 84.4325
v  -180.744 176.896 84.4325
v  -199.74 164.919 58.5232
v  -188.779 174.141 53.3301
v  -193.106 171.385 84.4325
v  -211.164 166.806 58.5232
v  -199.74 164.919 58.5232
v  -216.727 165.231 -45.5108
v  -238.051 171.572 -10.0292
v  -224.617 173.619 -29.369
v  -199.74 164.919 -78.5816
v  -203.129 161.688 -53.3848
v  -211.164 166.806 -78.5816
v  -217.212 175.715 -73.3885
v  -216.727 165.231 -45.5108
v  -224.617 173.619 -29.369
v  -216.727 165.231 -45.5108
v  -217.212 175.715 -73.3885
v  -211.164 166.806 -78.5816
v  -183.349 169.955 -61.2588
v  -203.129 161.688 -53.3848
v  -199.74 164.919 -78.5816
v  -188.779 176.896 -73.3885
v  -192.488 181.621 -104.491
v  -209.177 185.164 -73.3885
v  -192.488 181.621 -104.491
v  -217.212 181.621 -73.3885
v  -209.177 185.164 -73.3885
v  -217.212 181.621 -73.3885
v  -224.617 173.619 -29.369
v  -224.617 179.525 -29.369
v  -224.617 173.619 -29.369
v  -217.212 181.621 -73.3885
v  -217.212 175.715 -73.3885
v  -188.779 176.896 -73.3885
v  -183.349 169.955 -61.2588
v  -188.779 174.141 -73.3885
v  -40.4624 120.61 -109.312
v  -41.8073 103.339 -134.915
v  -49.1009 120.637 -111.968
v  -48.3735 102.969 -136.335
v  -58.6259 118.193 -113.434
v  -49.1009 120.637 -111.968
v  -49.4492 102.922 -135.746
v  -60.1746 116.554 -112.94
v  -58.6259 118.193 -113.434
v  -48.6285 102.509 -134.454
v  -60.1746 116.554 -112.94
v  -49.4492 102.922 -135.746
v  -48.3735 102.969 -136.335
v  -48.6285 102.509 -134.454
v  -49.4492 102.922 -135.746
v  -48.6285 102.509 -134.454
v  -48.3735 102.969 -136.335
v  -46.5905 102.083 -133.567
v  -46.5905 102.083 -133.567
v  -48.3735 102.969 -136.335
v  -47.6696 102.872 -136.225
v  -35.6695 102.999 -131.254
v  -41.8073 103.339 -134.915
v  -40.4624 120.61 -109.312
v  -41.8073 103.339 -134.915
v  -46.5905 102.083 -133.567
v  -47.6696 102.872 -136.225
v  -46.5905 102.083 -133.567
v  -41.8073 103.339 -134.915
v  -42.2852 102.001 -131.43
v  -42.2852 102.001 -131.43
v  -41.8073 103.339 -134.915
v  -35.6695 102.999 -131.254
v  328.218 177.057 -63.2746
v  311.076 171.095 -43.4159
v  312.047 166.817 -41.4916
v  216.896 172.867 24.8942
v  213.692 158.115 18.548
v  312.047 166.817 -41.4916
v  311.076 171.095 -43.4159
v  293.455 175.968 -40.4387
v  205.957 193.73 3.2269
v  293.455 175.968 -40.4387
v  311.076 171.095 -43.4159
v  309.903 171.981 -45.7388
v  159.191 148.989 46.8853
v  151.2 155.054 44.8183
v  156.55 148.653 49.3479
v  159.191 148.989 46.8853
v  157.649 153.79 41.2755
v  155.74 154.692 42.6024
v  205.957 152.005 3.2269
v  157.649 153.79 41.2755
v  155.74 153.165 40.4488
v  157.649 153.79 41.2755
v  205.957 152.005 3.2269
v  213.692 158.115 18.548
v  205.957 193.73 3.2269
v  198.222 187.62 -12.0942
v  136.309 200.671 -9.74796
v  159.191 148.989 46.8853
v  150.197 152.237 41.1429
v  155.74 153.165 40.4488
v  205.957 152.005 3.2269
v  143.641 143.459 17.1175
v  198.222 158.115 -12.0942
v  159.191 148.989 46.8853
v  148.533 148.886 49.0339
v  150.197 152.237 41.1429
v  149.285 148.625 51.5206
v  141.274 151.747 43.7571
v  148.533 148.886 49.0339
v  159.638 144.693 55.3566
v  156.55 148.653 49.3479
v  149.285 148.625 51.5206
v  136.309 200.671 -9.74796
v  195.018 172.867 -18.4404
v  133.273 176.973 -20.876
v  142.363 149.61 -17.5256
v  137.298 151.952 -6.12729
v  129.847 149.271 -17.783
v  143.783 153.859 -10.0312
v  137.298 151.952 -6.12729
v  142.363 149.61 -17.5256
v  136.072 155.128 -10.6184
v  198.222 158.115 -12.0942
v  143.783 153.859 -10.0312
v  198.222 158.115 -12.0942
v  136.072 155.128 -10.6184
v  133.273 176.973 -20.876
v  136.072 155.128 -10.6184
v  128.7 149.508 -19.6128
v  133.415 155.128 -10.9443
v  138.161 146.889 -26.4195
v  129.847 149.271 -17.783
v  128.7 149.508 -19.6128
v  -185.686 180.7 90.3353
v  -192.488 181.621 84.4325
v  -188.77 179.023 92.1988
v  -180.444 179.861 87.1674
v  -181.98 180.44 84.4325
v  -185.686 180.7 90.3353
v  -198.669 179.259 84.4325
v  -199.905 175.715 84.4325
v  -189.387 176.508 92.5715
v  -198.669 179.259 84.4325
v  -189.387 176.508 92.5715
v  -188.77 179.023 92.1988
v  -193.106 171.385 84.4325
v  -199.905 175.715 84.4325
v  -211.164 166.806 58.5232
v  -181.98 180.44 84.4325
v  -180.444 179.861 87.1674
v  -180.744 176.896 84.4325
v  -180.744 176.896 84.4325
v  -186.925 172.566 84.4325
v  -199.74 164.919 58.5232
v  -186.925 172.566 84.4325
v  -193.106 171.385 84.4325
v  -199.74 164.919 58.5232
v  -193.106 171.385 -104.491
v  -199.74 164.919 -78.5816
v  -211.164 166.806 -78.5816
v  -199.905 175.715 -104.491
v  -211.164 166.806 -78.5816
v  -217.212 175.715 -73.3885
v  -199.74 164.919 -78.5816
v  -188.779 174.141 -73.3885
v  -183.349 169.955 -61.2588
v  -181.98 180.44 -104.491
v  -192.488 181.621 -104.491
v  -188.779 176.896 -73.3885
v  -192.488 181.621 -104.491
v  -198.669 179.259 -104.491
v  -217.212 181.621 -73.3885
v  -199.905 175.715 -104.491
v  -217.212 175.715 -73.3885
v  -217.212 181.621 -73.3885
v  -181.98 180.44 -104.491
v  -188.779 176.896 -73.3885
v  -188.779 174.141 -73.3885
v  -41.8073 103.339 -134.915
v  -47.6696 102.872 -136.225
v  -49.1009 120.637 -111.968
v  -47.6696 102.872 -136.225
v  -48.3735 102.969 -136.335
v  -49.1009 120.637 -111.968
v  -48.3735 102.969 -136.335
v  -49.4492 102.922 -135.746
v  -58.6259 118.193 -113.434
v  328.218 177.057 -63.2746
v  312.047 166.817 -41.4916
v  329.381 165.89 -62.6137
v  328.218 177.057 -63.2746
v  319.065 175.007 -53.6757
v  311.076 171.095 -43.4159
v  312.047 166.817 -41.4916
v  213.692 158.115 18.548
v  311.076 162.539 -43.4159
v  319.065 175.007 -53.6757
v  309.903 171.981 -45.7388
v  311.076 171.095 -43.4159
v  307.557 182.948 -47.4764
v  293.455 175.968 -40.4387
v  309.903 171.981 -45.7388
v  205.957 193.73 3.2269
v  301.593 173.82 -45.7388
v  198.222 187.62 -12.0942
v  301.593 173.82 -45.7388
v  205.957 193.73 3.2269
v  293.455 175.968 -40.4387
v  164.436 144.693 53.4668
v  159.191 148.989 46.8853
v  156.55 148.653 49.3479
v  157.649 153.79 41.2755
v  159.191 148.989 46.8853
v  155.74 153.165 40.4488
v  308.73 160.767 -48.0617
v  213.692 158.115 18.548
v  205.957 152.005 3.2269
v  136.309 200.671 -9.74796
v  198.222 187.62 -12.0942
v  195.018 172.867 -18.4404
v  306.385 162.539 -52.7075
v  205.957 152.005 3.2269
v  198.222 158.115 -12.0942
v  164.436 144.693 53.4668
v  148.533 148.886 49.0339
v  159.191 148.989 46.8853
v  159.638 144.693 55.3566
v  149.285 148.625 51.5206
v  148.533 148.886 49.0339
v  164.436 144.693 53.4668
v  156.55 148.653 49.3479
v  159.638 144.693 55.3566
v  133.273 176.973 -20.876
v  195.018 172.867 -18.4404
v  198.222 158.115 -12.0942
v  145.296 146.873 -25.5406
v  142.363 149.61 -17.5256
v  129.847 149.271 -17.783
v  143.783 153.859 -10.0312
v  142.363 149.61 -17.5256
v  136.072 155.128 -10.6184
v  137.701 150.051 -19.6161
v  128.7 149.508 -19.6128
v  136.072 155.128 -10.6184
v  145.296 146.873 -25.5406
v  129.847 149.271 -17.783
v  138.161 146.889 -26.4195
v  138.161 146.889 -26.4195
v  128.7 149.508 -19.6128
v  137.701 150.051 -19.6161
v  -182.911 174.272 88.6582
v  -189.387 176.508 92.5715
v  -185.995 173.434 90.5217
v  -189.387 176.508 92.5715
v  -182.911 174.272 88.6582
v  -179.827 177.346 86.7947
v  -189.387 176.508 92.5715
v  -179.827 177.346 86.7947
v  -188.77 179.023 92.1988
v  -188.77 179.023 92.1988
v  -179.827 177.346 86.7947
v  -180.444 179.861 87.1674
v  -188.77 179.023 92.1988
v  -180.444 179.861 87.1674
v  -185.686 180.7 90.3353
v  -189.387 176.508 92.5715
v  -199.905 175.715 84.4325
v  -193.106 171.385 84.4325
v  -180.744 176.896 84.4325
v  -180.444 179.861 87.1674
v  -179.827 177.346 86.7947
v  -179.827 177.346 86.7947
v  -186.925 172.566 84.4325
v  -180.744 176.896 84.4325
v  -185.995 173.434 90.5217
v  -193.106 171.385 84.4325
v  -186.925 172.566 84.4325
v  -186.925 172.566 -104.491
v  -199.74 164.919 -78.5816
v  -193.106 171.385 -104.491
v  -193.106 171.385 -104.491
v  -211.164 166.806 -78.5816
v  -199.905 175.715 -104.491
v  -180.744 176.896 -104.491
v  -188.779 174.141 -73.3885
v  -199.74 164.919 -78.5816
v  -181.98 180.44 -104.491
v  -185.686 180.7 -110.394
v  -192.488 181.621 -104.491
v  -188.77 179.023 -112.257
v  -198.669 179.259 -104.491
v  -192.488 181.621 -104.491
v  -199.905 175.715 -104.491
v  -217.212 181.621 -73.3885
v  -198.669 179.259 -104.491
v  -181.98 180.44 -104.491
v  -188.779 174.141 -73.3885
v  -180.744 176.896 -104.491
v  330.31 168.754 -65.0179
v  328.218 177.057 -63.2746
v  329.381 165.89 -62.6137
v  329.381 165.89 -62.6137
v  312.047 166.817 -41.4916
v  311.076 162.539 -43.4159
v  328.218 177.057 -63.2746
v  322.912 206.964 -53.382
v  319.065 175.007 -53.6757
v  311.076 162.539 -43.4159
v  213.692 158.115 18.548
v  308.73 160.767 -48.0617
v  322.912 206.964 -53.382
v  309.903 171.981 -45.7388
v  319.065 175.007 -53.6757
v  322.912 206.964 -53.382
v  307.557 182.948 -47.4764
v  309.903 171.981 -45.7388
v  307.557 182.948 -47.4764
v  301.593 173.82 -45.7388
v  293.455 175.968 -40.4387
v  301.593 173.82 -45.7388
v  306.385 171.095 -52.7075
v  198.222 187.62 -12.0942
v  306.385 171.095 -52.7075
v  301.593 173.82 -45.7388
v  307.557 171.981 -50.3846
v  308.73 160.767 -48.0617
v  205.957 152.005 3.2269
v  306.385 162.539 -52.7075
v  198.222 187.62 -12.0942
v  305.413 166.817 -54.6318
v  195.018 172.867 -18.4404
v  195.018 172.867 -18.4404
v  306.385 162.539 -52.7075
v  198.222 158.115 -12.0942
v  164.436 144.693 53.4668
v  159.638 144.693 55.3566
v  148.533 148.886 49.0339
v  145.296 146.873 -25.5406
v  137.701 150.051 -19.6161
v  142.363 149.61 -17.5256
v  142.363 149.61 -17.5256
v  137.701 150.051 -19.6161
v  136.072 155.128 -10.6184
v  145.296 146.873 -25.5406
v  138.161 146.889 -26.4195
v  137.701 150.051 -19.6161
v  -185.995 173.434 90.5217
v  -189.387 176.508 92.5715
v  -193.106 171.385 84.4325
v  -182.911 174.272 88.6582
v  -185.995 173.434 90.5217
v  -186.925 172.566 84.4325
v  -179.827 177.346 86.7947
v  -182.911 174.272 88.6582
v  -186.925 172.566 84.4325
v  -180.744 176.896 -104.491
v  -199.74 164.919 -78.5816
v  -186.925 172.566 -104.491
v  -185.995 173.434 -110.58
v  -186.925 172.566 -104.491
v  -193.106 171.385 -104.491
v  -189.387 176.508 -112.63
v  -193.106 171.385 -104.491
v  -199.905 175.715 -104.491
v  -185.686 180.7 -110.394
v  -188.77 179.023 -112.257
v  -192.488 181.621 -104.491
v  -180.444 179.861 -107.226
v  -185.686 180.7 -110.394
v  -181.98 180.44 -104.491
v  -198.669 179.259 -104.491
v  -188.77 179.023 -112.257
v  -189.387 176.508 -112.63
v  -198.669 179.259 -104.491
v  -189.387 176.508 -112.63
v  -199.905 175.715 -104.491
v  -180.444 179.861 -107.226
v  -181.98 180.44 -104.491
v  -180.744 176.896 -104.491
v  330.31 168.754 -65.0179
v  326.914 180.838 -63.7752
v  328.218 177.057 -63.2746
v  332.202 156.67 -67.0726
v  330.31 168.754 -65.0179
v  329.381 165.89 -62.6137
v  329.381 165.89 -62.6137
v  311.076 162.539 -43.4159
v  329.381 157.228 -62.6137
v  328.218 177.057 -63.2746
v  330.786 225.468 -59.2875
v  322.912 206.964 -53.382
v  330.786 225.468 -59.2875
v  328.218 177.057 -63.2746
v  328.939 190.654 -62.1547
v  323.763 155.368 -59.7084
v  311.076 162.539 -43.4159
v  308.73 160.767 -48.0617
v  322.912 206.964 -53.382
v  307.557 171.981 -50.3846
v  307.557 182.948 -47.4764
v  307.557 182.948 -47.4764
v  307.557 171.981 -50.3846
v  301.593 173.82 -45.7388
v  307.557 171.981 -50.3846
v  324.729 175.196 -65.2572
v  306.385 171.095 -52.7075
v  324.729 175.196 -65.2572
v  307.557 171.981 -50.3846
v  319.901 174.493 -60.0676
v  198.222 187.62 -12.0942
v  306.385 171.095 -52.7075
v  305.413 166.817 -54.6318
v  324.729 157.228 -65.2572
v  308.73 160.767 -48.0617
v  306.385 162.539 -52.7075
v  195.018 172.867 -18.4404
v  305.413 166.817 -54.6318
v  306.385 162.539 -52.7075
v  -179.827 177.346 -106.853
v  -180.744 176.896 -104.491
v  -186.925 172.566 -104.491
v  -185.995 173.434 -110.58
v  -193.106 171.385 -104.491
v  -189.387 176.508 -112.63
v  -182.911 174.272 -108.717
v  -186.925 172.566 -104.491
v  -185.995 173.434 -110.58
v  -189.387 176.508 -112.63
v  -182.911 174.272 -108.717
v  -185.995 173.434 -110.58
v  -182.911 174.272 -108.717
v  -189.387 176.508 -112.63
v  -179.827 177.346 -106.853
v  -179.827 177.346 -106.853
v  -189.387 176.508 -112.63
v  -188.77 179.023 -112.257
v  -179.827 177.346 -106.853
v  -188.77 179.023 -112.257
v  -180.444 179.861 -107.226
v  -180.444 179.861 -107.226
v  -188.77 179.023 -112.257
v  -185.686 180.7 -110.394
v  -180.444 179.861 -107.226
v  -180.744 176.896 -104.491
v  -179.827 177.346 -106.853
v  326.914 180.838 -63.7752
v  330.31 168.754 -65.0179
v  328.731 156.891 -69.2714
v  326.606 190.777 -63.407
v  326.914 180.838 -63.7752
v  325.409 180.838 -64.5872
v  326.914 180.838 -63.7752
v  326.606 190.777 -63.407
v  328.939 190.654 -62.1547
v  328.939 190.654 -62.1547
v  328.218 177.057 -63.2746
v  326.914 180.838 -63.7752
v  335.022 147.451 -71.5316
v  329.381 165.89 -62.6137
v  329.381 157.228 -62.6137
v  329.381 165.89 -62.6137
v  335.022 147.451 -71.5316
v  332.202 156.67 -67.0726
v  330.31 168.754 -65.0179
v  332.202 156.67 -67.0726
v  328.731 156.891 -69.2714
v  329.381 157.228 -62.6137
v  323.763 155.368 -59.7084
v  328.218 155.368 -63.2746
v  323.763 155.368 -59.7084
v  329.381 157.228 -62.6137
v  311.076 162.539 -43.4159
v  335.904 235.704 -70.7048
v  330.786 225.468 -59.2875
v  328.939 190.654 -62.1547
v  319.901 174.493 -60.0676
v  322.912 206.964 -53.382
v  330.786 225.468 -59.2875
v  308.73 160.767 -48.0617
v  315.423 149.35 -55.9357
v  323.763 155.368 -59.7084
v  322.912 206.964 -53.382
v  319.901 174.493 -60.0676
v  307.557 171.981 -50.3846
v  326.606 190.777 -63.407
v  319.901 174.493 -60.0676
v  330.786 225.468 -59.2875
v  319.901 174.493 -60.0676
v  326.606 190.777 -63.407
v  324.729 175.196 -65.2572
v  324.729 175.196 -65.2572
v  326.606 190.777 -63.407
v  325.409 180.838 -64.5872
v  324.729 175.196 -65.2572
v  323.766 166.212 -65.8047
v  306.385 171.095 -52.7075
v  306.385 171.095 -52.7075
v  323.766 166.212 -65.8047
v  305.413 166.817 -54.6318
v  305.413 166.817 -54.6318
v  324.729 157.228 -65.2572
v  306.385 162.539 -52.7075
v  324.729 157.228 -65.2572
v  325.436 156.098 -64.8556
v  308.73 160.767 -48.0617
v  -179.827 177.346 -106.853
v  -186.925 172.566 -104.491
v  -182.911 174.272 -108.717
v  326.723 171.366 -66.4401
v  326.914 180.838 -63.7752
v  328.731 156.891 -69.2714
v  326.914 180.838 -63.7752
v  326.723 171.366 -66.4401
v  325.409 180.838 -64.5872
v  335.904 235.704 -70.7048
v  328.939 190.654 -62.1547
v  326.606 190.777 -63.407
v  329.381 157.228 -62.6137
v  328.218 155.368 -63.2746
v  335.022 147.451 -71.5316
v  332.202 156.67 -67.0726
v  335.022 147.451 -71.5316
v  333.697 147.569 -72.7382
v  328.731 156.891 -69.2714
v  332.202 156.67 -67.0726
v  333.697 147.569 -72.7382
v  335.022 147.451 -71.5316
v  323.763 155.368 -59.7084
v  344.557 136.358 -83.1011
v  323.763 155.368 -59.7084
v  335.022 147.451 -71.5316
v  328.218 155.368 -63.2746
v  335.904 235.704 -70.7048
v  326.606 190.777 -63.407
v  330.786 225.468 -59.2875
v  323.763 155.368 -59.7084
v  315.423 149.35 -55.9357
v  344.557 136.358 -83.1011
v  308.73 160.767 -48.0617
v  325.436 156.098 -64.8556
v  315.423 149.35 -55.9357
v  325.409 180.838 -64.5872
v  326.723 171.366 -66.4401
v  324.729 175.196 -65.2572
v  324.729 175.196 -65.2572
v  326.723 171.366 -66.4401
v  323.766 166.212 -65.8047
v  305.413 166.817 -54.6318
v  323.766 166.212 -65.8047
v  324.729 157.228 -65.2572
v  333.697 147.569 -72.7382
v  325.436 156.098 -64.8556
v  324.729 157.228 -65.2572
v  326.723 171.366 -66.4401
v  328.731 156.891 -69.2714
v  323.766 166.212 -65.8047
v  344.557 136.358 -83.1011
v  333.697 147.569 -72.7382
v  335.022 147.451 -71.5316
v  323.766 166.212 -65.8047
v  333.697 147.569 -72.7382
v  324.729 157.228 -65.2572
v  333.697 147.569 -72.7382
v  323.766 166.212 -65.8047
v  328.731 156.891 -69.2714
v  315.423 149.35 -55.9357
v  333.697 147.569 -72.7382
v  344.557 136.358 -83.1011
v  333.697 147.569 -72.7382
v  315.423 149.35 -55.9357
v  325.436 156.098 -64.8556
v  -63.792 186.614 61.6874
v  -96.472 186.036 48.1181
v  -60.3894 223.083 44.3441
v  -2.54422 223.083 55.534
v  -63.792 186.614 61.6874
v  -60.3894 223.083 44.3441
v  -96.472 186.036 48.1181
v  -93.3695 219.996 32.3045
v  -60.3894 223.083 44.3441
v  -93.3695 152.077 32.3045
v  -96.472 186.036 48.1181
v  -63.792 186.614 61.6874
v  -4.45299 186.614 73.1045
v  -63.792 186.614 61.6874
v  -2.54422 223.083 55.534
v  -45.5529 236.173 9.55323
v  -2.54422 223.083 55.534
v  -53.2708 236.173 8.06024
v  -60.3894 223.083 44.3441
v  -53.2708 236.173 8.06024
v  -2.54422 223.083 55.534
v  -93.3695 219.996 32.3045
v  -96.472 186.036 48.1181
v  -109.981 201.403 38.119
v  -111.982 184.215 46.0404
v  -109.981 201.403 38.119
v  -96.472 186.036 48.1181
v  -93.3695 219.996 32.3045
v  -85.8793 234.063 -5.87295
v  -60.3894 223.083 44.3441
v  -110.807 169.496 37.9454
v  -96.472 186.036 48.1181
v  -118.415 160.717 32.5462
v  -118.415 160.717 32.5462
v  -96.472 186.036 48.1181
v  -116.236 153.077 29.2197
v  -93.3695 152.077 32.3045
v  -116.236 153.077 29.2197
v  -96.472 186.036 48.1181
v  -71.0059 154.356 42.3077
v  -82.192 153.577 37.489
v  -63.792 186.614 61.6874
v  -63.792 186.614 61.6874
v  -82.192 153.577 37.489
v  -93.3695 152.077 32.3045
v  -84.3872 151.551 35.5835
v  -93.3695 152.077 32.3045
v  -82.192 153.577 37.489
v  -60.5206 151.551 45.0125
v  -71.0059 154.356 42.3077
v  -63.792 186.614 61.6874
v  64.0105 217.8 59.2083
v  -4.45299 186.614 73.1045
v  -2.54422 223.083 55.534
v  -63.792 186.614 61.6874
v  -4.45299 186.614 73.1045
v  -60.5206 151.551 45.0125
v  -58.7897 151.188 45.1666
v  -60.5206 151.551 45.0125
v  -4.45299 186.614 73.1045
v  -2.54422 223.083 55.534
v  -45.5529 236.173 9.55323
v  2.06396 238.189 13.1149
v  -45.5529 236.173 9.55323
v  -53.2708 236.173 8.06024
v  -52.1748 255.118 2.47372
v  -53.2708 236.173 8.06024
v  -60.3894 223.083 44.3441
v  -60.0944 236.173 3.76946
v  -60.0944 236.173 3.76946
v  -60.3894 223.083 44.3441
v  -65.0447 236.613 -0.713412
v  -85.8793 234.063 -5.87295
v  -65.0447 236.613 -0.713412
v  -60.3894 223.083 44.3441
v  -93.3695 219.996 32.3045
v  -109.981 201.403 38.119
v  -124.714 211.479 28.0759
v  -109.981 201.403 38.119
v  -118.415 191.962 41.0714
v  -124.714 211.479 28.0759
v  -126.901 182.463 44.0419
v  -124.714 211.479 28.0759
v  -118.415 191.962 41.0714
v  -109.981 201.403 38.119
v  -111.982 184.215 46.0404
v  -118.415 191.962 41.0714
v  -119.454 183.338 45.0394
v  -118.415 191.962 41.0714
v  -111.982 184.215 46.0404
v  -106.429 182.463 51.4919
v  -111.982 184.215 46.0404
v  -109.981 201.403 38.119
v  -110.807 169.496 37.9454
v  -111.982 184.215 46.0404
v  -96.472 186.036 48.1181
v  -93.3695 219.996 32.3045
v  -119.434 223.497 -10.4694
v  -85.8793 234.063 -5.87295
v  -111.982 184.215 46.0404
v  -110.807 169.496 37.9454
v  -119.454 183.338 45.0394
v  -118.415 160.717 32.5462
v  -119.454 183.338 45.0394
v  -110.807 169.496 37.9454
v  -116.236 153.077 29.2197
v  -124.714 153.448 28.0759
v  -118.415 160.717 32.5462
v  -111.328 153.448 33.1637
v  -116.236 153.077 29.2197
v  -118.415 160.717 32.5462
v  -93.3695 152.077 32.3045
v  -85.8793 138.01 -5.87295
v  -116.236 153.077 29.2197
v  -124.714 153.448 28.0759
v  -116.236 153.077 29.2197
v  -85.8793 138.01 -5.87295
v  -82.192 153.577 37.489
v  -87.6713 138.597 68.3336
v  -84.3872 151.551 35.5835
v  -81.5416 141.376 69.353
v  -82.192 153.577 37.489
v  -71.0059 154.356 42.3077
v  -71.4403 143.044 69.7154
v  -71.0059 154.356 42.3077
v  -60.5206 151.551 45.0125
v  -59.2918 148.127 38.7492
v  -52.1748 135.039 2.47372
v  -73.2792 148.127 31.1298
v  -73.2792 148.127 31.1298
v  -52.1748 135.039 2.47372
v  -82.2047 149.636 30.8983
v  -52.1748 135.039 2.47372
v  -93.3695 152.077 32.3045
v  -82.2047 149.636 30.8983
v  -84.3872 151.551 35.5835
v  -82.2047 149.636 30.8983
v  -93.3695 152.077 32.3045
v  64.141 183.52 75.3264
v  -4.45299 186.614 73.1045
v  64.0105 217.8 59.2083
v  -2.54422 223.083 55.534
v  2.06396 238.189 13.1149
v  64.0105 217.8 59.2083
v  -60.5206 151.551 45.0125
v  -58.7897 151.188 45.1666
v  -56.0378 141.951 68.6226
v  -58.7897 151.188 45.1666
v  -4.45299 186.614 73.1045
v  -53.5762 150.145 45.6621
v  -2.54422 150.145 55.534
v  -53.5762 150.145 45.6621
v  -4.45299 186.614 73.1045
v  2.06396 238.189 13.1149
v  -45.5529 236.173 9.55323
v  -4.04192 263.101 11.917
v  -45.5529 236.173 9.55323
v  -52.1748 255.118 2.47372
v  -20.8092 279.528 8.62741
v  -53.2708 236.173 8.06024
v  -60.0944 236.173 3.76946
v  -52.1748 255.118 2.47372
v  -60.0944 236.173 3.76946
v  -65.0447 236.613 -0.713412
v  -52.1748 255.118 2.47372
v  -54.8585 236.327 -2.28917
v  -58.9595 236.205 -2.28917
v  -78.3892 219.996 -44.0504
v  -58.9595 236.205 -2.28917
v  -65.0447 236.613 -0.713412
v  -78.3892 219.996 -44.0504
v  -85.8793 234.063 -5.87295
v  -78.3892 219.996 -44.0504
v  -65.0447 236.613 -0.713412
v  -126.901 182.463 44.0419
v  -134.258 180.894 42.7114
v  -124.714 211.479 28.0759
v  -148.425 177.872 40.1493
v  -124.714 211.479 28.0759
v  -134.258 180.894 42.7114
v  -119.454 183.338 45.0394
v  -126.901 182.463 44.0419
v  -118.415 191.962 41.0714
v  -124.714 211.479 28.0759
v  -119.434 223.497 -10.4694
v  -93.3695 219.996 32.3045
v  -113.515 182.463 49.1297
v  -119.454 183.338 45.0394
v  -118.415 191.962 41.0714
v  -106.429 182.463 51.4919
v  -109.981 201.403 38.119
v  -104.445 208.785 37.0083
v  -111.982 184.215 46.0404
v  -106.429 182.463 51.4919
v  -110.807 169.496 37.9454
v  -119.434 223.497 -10.4694
v  -114.154 211.479 -49.0146
v  -85.8793 234.063 -5.87295
v  -119.454 183.338 45.0394
v  -118.415 160.717 32.5462
v  -126.901 182.463 44.0419
v  -124.714 153.448 28.0759
v  -126.901 182.463 44.0419
v  -118.415 160.717 32.5462
v  -113.515 182.463 49.1297
v  -118.415 160.717 32.5462
v  -119.454 183.338 45.0394
v  -111.328 153.448 33.1637
v  -118.415 160.717 32.5462
v  -113.515 182.463 49.1297
v  -119.434 141.43 -10.4694
v  -124.714 153.448 28.0759
v  -85.8793 138.01 -5.87295
v  -85.8793 138.01 -5.87295
v  -93.3695 152.077 32.3045
v  -52.1748 135.039 2.47372
v  -87.6713 138.597 68.3336
v  -88.5825 136.214 67.2906
v  -84.3872 151.551 35.5835
v  -87.6713 138.597 68.3336
v  -82.192 153.577 37.489
v  -81.5416 141.376 69.353
v  -71.4403 143.044 69.7154
v  -81.5416 141.376 69.353
v  -71.0059 154.356 42.3077
v  -71.4403 143.044 69.7154
v  -60.5206 151.551 45.0125
v  -56.0378 141.951 68.6226
v  -2.54422 150.145 55.534
v  -52.1748 135.039 2.47372
v  -53.5762 150.145 45.6621
v  -59.2918 148.127 38.7492
v  -53.5762 150.145 45.6621
v  -52.1748 135.039 2.47372
v  -73.2792 148.127 31.1298
v  -71.8661 135.703 66.4094
v  -59.2918 148.127 38.7492
v  -82.2047 149.636 30.8983
v  -86.5197 134.581 66.4711
v  -73.2792 148.127 31.1298
v  -84.3872 151.551 35.5835
v  -88.5825 136.214 67.2906
v  -82.2047 149.636 30.8983
v  106.81 207.536 55.1429
v  64.141 183.52 75.3264
v  64.0105 217.8 59.2083
v  64.141 183.52 75.3264
v  -2.54422 150.145 55.534
v  -4.45299 186.614 73.1045
v  2.06396 238.189 13.1149
v  63.6953 232 20.2958
v  64.0105 217.8 59.2083
v  -56.0378 141.951 68.6226
v  -58.7897 151.188 45.1666
v  -53.5762 150.145 45.6621
v  -25.7738 237.113 4.55485
v  2.06396 238.189 13.1149
v  -4.04192 263.101 11.917
v  -4.04192 263.101 11.917
v  -45.5529 236.173 9.55323
v  -9.39188 273.228 11.777
v  -9.39188 273.228 11.777
v  -45.5529 236.173 9.55323
v  -20.8092 279.528 8.62741
v  -52.1748 255.118 2.47372
v  -25.7738 237.113 4.55485
v  -20.8092 279.528 8.62741
v  -65.0447 236.613 -0.713412
v  -58.9595 236.205 -2.28917
v  -52.1748 255.118 2.47372
v  -58.9595 236.205 -2.28917
v  -54.8585 236.327 -2.28917
v  -52.1748 255.118 2.47372
v  -51.2403 236.471 -2.28917
v  -54.8585 236.327 -2.28917
v  -43.9601 223.083 -39.3967
v  -78.3892 219.996 -44.0504
v  -43.9601 223.083 -39.3967
v  -54.8585 236.327 -2.28917
v  -85.8793 234.063 -5.87295
v  -114.154 211.479 -49.0146
v  -78.3892 219.996 -44.0504
v  -148.425 177.872 40.1493
v  -148.425 200.269 25.4524
v  -124.714 211.479 28.0759
v  -134.258 180.894 42.7114
v  -134.258 173.239 37.6879
v  -148.425 177.872 40.1493
v  -148.425 155.475 25.4524
v  -148.425 177.872 40.1493
v  -134.258 173.239 37.6879
v  -134.258 173.239 37.6879
v  -134.258 180.894 42.7114
v  -126.901 182.463 44.0419
v  -124.714 211.479 28.0759
v  -148.425 209.546 -10.0292
v  -119.434 223.497 -10.4694
v  -113.515 182.463 49.1297
v  -118.415 191.962 41.0714
v  -111.531 208.785 34.6461
v  -109.981 201.403 38.119
v  -108.536 206.727 35.4926
v  -104.445 208.785 37.0083
v  -110.807 169.496 37.9454
v  -106.429 182.463 51.4919
v  -104.242 153.448 35.5259
v  -114.154 211.479 -49.0146
v  -119.434 223.497 -10.4694
v  -117.251 210.466 -48.698
v  -148.425 200.269 -45.5108
v  -117.251 210.466 -48.698
v  -119.434 223.497 -10.4694
v  -134.258 173.239 37.6879
v  -126.901 182.463 44.0419
v  -128.801 153.797 27.6237
v  -124.714 153.448 28.0759
v  -128.801 153.797 27.6237
v  -126.901 182.463 44.0419
v  -126.901 182.463 44.0419
v  -120.602 182.463 47.9486
v  -124.714 153.448 28.0759
v  -118.415 153.448 31.9826
v  -124.714 153.448 28.0759
v  -120.602 182.463 47.9486
v  -119.434 141.43 -10.4694
v  -85.8793 138.01 -5.87295
v  -78.3892 152.077 -44.0504
v  -124.714 153.448 28.0759
v  -119.434 141.43 -10.4694
v  -128.801 153.797 27.6237
v  -148.425 155.475 25.4524
v  -128.801 153.797 27.6237
v  -119.434 141.43 -10.4694
v  -45.1474 147.962 -33.3452
v  -51.5271 147.955 -33.3452
v  -52.1748 135.039 2.47372
v  -85.8793 138.01 -5.87295
v  -52.1748 135.039 2.47372
v  -51.5271 147.955 -33.3452
v  -87.6713 138.597 68.3336
v  -86.8894 117.973 104.098
v  -88.5825 136.214 67.2906
v  -87.6713 138.597 68.3336
v  -81.5416 141.376 69.353
v  -81.4256 121.195 105.567
v  -81.4256 121.195 105.567
v  -81.5416 141.376 69.353
v  -71.4403 143.044 69.7154
v  -62.1453 122.213 105.33
v  -71.4403 143.044 69.7154
v  -56.0378 141.951 68.6226
v  -59.2918 148.127 38.7492
v  -56.0378 141.951 68.6226
v  -53.5762 150.145 45.6621
v  -52.1748 135.039 2.47372
v  -2.54422 150.145 55.534
v  2.06396 135.039 13.1149
v  -73.2792 148.127 31.1298
v  -79.1007 134.508 66.1499
v  -71.8661 135.703 66.4094
v  -59.2918 148.127 38.7492
v  -71.8661 135.703 66.4094
v  -56.0378 141.951 68.6226
v  -86.5197 134.581 66.4711
v  -79.1007 134.508 66.1499
v  -73.2792 148.127 31.1298
v  -88.5825 136.214 67.2906
v  -86.5197 134.581 66.4711
v  -82.2047 149.636 30.8983
v  108.616 178.904 69.1144
v  64.141 183.52 75.3264
v  106.81 207.536 55.1429
v  64.0105 217.8 59.2083
v  63.6953 232 20.2958
v  106.81 207.536 55.1429
v  64.0105 149.239 59.2083
v  -2.54422 150.145 55.534
v  64.141 183.52 75.3264
v  2.06396 238.189 13.1149
v  6.67214 223.083 -29.3041
v  63.6953 232 20.2958
v  -25.7738 237.113 4.55485
v  -4.04192 263.101 11.917
v  -9.39188 273.228 9.02111
v  2.06396 238.189 13.1149
v  -25.7738 237.113 4.55485
v  -43.9601 223.083 -39.3967
v  -51.2403 236.471 -2.28917
v  -43.9601 223.083 -39.3967
v  -25.7738 237.113 4.55485
v  -4.04192 263.101 11.917
v  -9.39188 273.228 11.777
v  2.06396 284.252 13.1149
v  -9.39188 273.228 11.777
v  -20.8092 279.528 8.62741
v  2.06396 284.252 13.1149
v  -25.7738 237.113 4.55485
v  -9.39188 273.228 9.02111
v  -20.8092 279.528 8.62741
v  -51.2403 236.471 -2.28917
v  -25.7738 237.113 4.55485
v  -52.1748 255.118 2.47372
v  -54.8585 236.327 -2.28917
v  -51.2403 236.471 -2.28917
v  -52.1748 255.118 2.47372
v  -78.3892 219.996 -44.0504
v  -40.5575 186.614 -56.7399
v  -43.9601 223.083 -39.3967
v  -114.154 211.479 -49.0146
v  -111.531 209.762 -49.7468
v  -78.3892 219.996 -44.0504
v  -111.531 209.762 -49.7468
v  -103.604 204.573 -51.9595
v  -78.3892 219.996 -44.0504
v  -103.604 204.573 -51.9595
v  -93.4603 197.933 -54.791
v  -78.3892 219.996 -44.0504
v  -75.2867 186.036 -59.864
v  -78.3892 219.996 -44.0504
v  -93.4603 197.933 -54.791
v  -148.425 177.872 40.1493
v  -170.369 177.872 40.1493
v  -148.425 200.269 25.4524
v  -148.425 200.269 25.4524
v  -148.425 209.546 -10.0292
v  -124.714 211.479 28.0759
v  -128.801 153.797 27.6237
v  -148.425 155.475 25.4524
v  -134.258 173.239 37.6879
v  -134.258 173.239 37.6879
v  -134.258 180.894 42.7114
v  -126.901 182.463 47.1612
v  -148.425 155.475 25.4524
v  -170.369 161.688 25.4524
v  -148.425 177.872 40.1493
v  -148.425 209.546 -10.0292
v  -148.425 200.269 -45.5108
v  -119.434 223.497 -10.4694
v  -118.415 191.962 41.0714
v  -116.236 206.967 33.1189
v  -111.531 208.785 34.6461
v  -110.807 169.496 37.9454
v  -104.242 153.448 35.5259
v  -108.238 153.898 30.8605
v  -117.251 210.466 -48.698
v  -119.404 186.096 -61.0088
v  -114.154 211.479 -49.0146
v  -111.967 182.463 -64.9806
v  -114.154 211.479 -49.0146
v  -119.404 186.096 -61.0088
v  -148.425 200.269 -45.5108
v  -119.404 186.096 -61.0088
v  -117.251 210.466 -48.698
v  -124.714 153.448 31.1952
v  -128.801 153.797 27.6237
v  -134.258 173.239 37.6879
v  -120.602 182.463 47.9486
v  -126.901 182.463 44.0419
v  -118.618 208.785 33.465
v  -114.154 153.448 -49.0146
v  -119.434 141.43 -10.4694
v  -78.3892 152.077 -44.0504
v  -70.9319 151.658 -43.0424
v  -78.3892 152.077 -44.0504
v  -68.5538 149.921 -38.3832
v  -78.3892 152.077 -44.0504
v  -85.8793 138.01 -5.87295
v  -68.5538 149.921 -38.3832
v  -51.5271 147.955 -33.3452
v  -68.5538 149.921 -38.3832
v  -85.8793 138.01 -5.87295
v  -148.425 146.198 -10.0292
v  -148.425 155.475 25.4524
v  -119.434 141.43 -10.4694
v  -55.7708 133.343 -71.6136
v  -51.5271 147.955 -33.3452
v  -45.1474 147.962 -33.3452
v  -39.9252 148.821 -34.7929
v  -45.1474 147.962 -33.3452
v  2.06396 135.039 13.1149
v  -52.1748 135.039 2.47372
v  2.06396 135.039 13.1149
v  -45.1474 147.962 -33.3452
v  -88.5825 136.214 67.2906
v  -86.8894 117.973 104.098
v  -85.3774 117.067 103.563
v  -86.134 119.398 104.814
v  -86.8894 117.973 104.098
v  -87.6713 138.597 68.3336
v  -86.134 119.398 104.814
v  -87.6713 138.597 68.3336
v  -81.4256 121.195 105.567
v  -73.7486 122.445 105.915
v  -81.4256 121.195 105.567
v  -71.4403 143.044 69.7154
v  -73.7486 122.445 105.915
v  -71.4403 143.044 69.7154
v  -62.1453 122.213 105.33
v  -74.2773 118.117 103.669
v  -62.1453 122.213 105.33
v  -56.0378 141.951 68.6226
v  2.06396 135.039 13.1149
v  -2.54422 150.145 55.534
v  63.6953 135.039 20.2958
v  -79.1007 134.508 66.1499
v  -74.2773 118.117 103.669
v  -71.8661 135.703 66.4094
v  -71.8661 135.703 66.4094
v  -74.2773 118.117 103.669
v  -56.0378 141.951 68.6226
v  -86.5197 134.581 66.4711
v  -85.3774 117.067 103.563
v  -79.1007 134.508 66.1499
v  -86.5197 134.581 66.4711
v  -88.5825 136.214 67.2906
v  -85.3774 117.067 103.563
v  150.972 200.671 43.9831
v  108.616 178.904 69.1144
v  106.81 207.536 55.1429
v  108.616 178.904 69.1144
v  64.0105 149.239 59.2083
v  64.141 183.52 75.3264
v  63.6953 232 20.2958
v  102.451 219.395 21.4128
v  106.81 207.536 55.1429
v  63.6953 135.039 20.2958
v  -2.54422 150.145 55.534
v  64.0105 149.239 59.2083
v  6.67214 223.083 -29.3041
v  63.3801 217.8 -18.6167
v  63.6953 232 20.2958
v  2.06396 238.189 13.1149
v  -43.9601 223.083 -39.3967
v  6.67214 223.083 -29.3041
v  -9.39188 273.228 9.02111
v  -4.04192 263.101 11.917
v  2.06396 284.252 13.1149
v  -20.8092 279.528 8.62741
v  -9.39188 273.228 9.02111
v  2.06396 284.252 13.1149
v  -40.5575 186.614 -56.7399
v  8.58092 186.614 -46.8746
v  -43.9601 223.083 -39.3967
v  -75.2867 186.036 -59.864
v  -40.5575 186.614 -56.7399
v  -78.3892 219.996 -44.0504
v  -93.4603 184.266 -62.3991
v  -75.2867 186.036 -59.864
v  -93.4603 197.933 -54.791
v  -93.4603 197.933 -54.791
v  -103.604 204.573 -51.9595
v  -93.4603 184.266 -62.3991
v  -104.787 183.163 -63.9791
v  -93.4603 184.266 -62.3991
v  -103.604 204.573 -51.9595
v  -103.604 204.573 -51.9595
v  -111.531 209.762 -49.7468
v  -104.787 183.163 -63.9791
v  -111.967 182.463 -64.9806
v  -104.787 183.163 -63.9791
v  -111.531 209.762 -49.7468
v  -111.967 182.463 -64.9806
v  -111.531 209.762 -49.7468
v  -114.154 211.479 -49.0146
v  -170.369 177.872 40.1493
v  -216.582 183.068 9.31063
v  -148.425 200.269 25.4524
v  -148.425 177.872 40.1493
v  -170.369 161.688 25.4524
v  -170.369 177.872 40.1493
v  -216.582 192.345 -10.0292
v  -148.425 209.546 -10.0292
v  -148.425 200.269 25.4524
v  -124.714 153.448 31.1952
v  -134.258 173.239 37.6879
v  -126.901 182.463 47.1612
v  -126.901 182.463 47.1612
v  -134.258 180.894 42.7114
v  -124.917 208.785 32.6776
v  -148.425 155.475 25.4524
v  -148.425 146.198 -10.0292
v  -170.369 161.688 25.4524
v  -170.369 152.41 -10.0292
v  -170.369 161.688 25.4524
v  -148.425 146.198 -10.0292
v  -216.582 192.345 -10.0292
v  -148.425 200.269 -45.5108
v  -148.425 209.546 -10.0292
v  -119.404 181.527 -64.007
v  -111.967 182.463 -64.9806
v  -119.404 186.096 -61.0088
v  -114.154 211.479 -52.558
v  -117.251 210.466 -48.698
v  -119.404 186.096 -61.0088
v  -119.404 186.096 -61.0088
v  -148.425 200.269 -45.5108
v  -119.404 181.527 -64.007
v  -148.425 177.872 -60.2077
v  -119.404 181.527 -64.007
v  -148.425 200.269 -45.5108
v  -126.901 182.463 44.0419
v  -122.669 206.326 31.6178
v  -118.618 208.785 33.465
v  -111.967 182.463 -64.9806
v  -113.776 158.456 -51.7706
v  -104.787 175.966 -60.5051
v  -104.787 175.966 -60.5051
v  -113.776 158.456 -51.7706
v  -94.3964 166.563 -54.0282
v  -113.776 158.456 -51.7706
v  -114.154 153.448 -49.0146
v  -94.3964 166.563 -54.0282
v  -78.3892 152.077 -44.0504
v  -94.3964 166.563 -54.0282
v  -114.154 153.448 -49.0146
v  -148.425 146.198 -10.0292
v  -119.434 141.43 -10.4694
v  -114.154 153.448 -49.0146
v  -54.9793 155.223 -43.0072
v  -47.348 154.027 -41.6101
v  -75.2867 186.036 -59.864
v  -54.9793 155.223 -43.0072
v  -75.2867 186.036 -59.864
v  -67.8895 154.027 -43.8387
v  -75.2867 186.036 -59.864
v  -78.3892 152.077 -44.0504
v  -67.8895 154.027 -43.8387
v  -70.9319 151.658 -43.0424
v  -67.8895 154.027 -43.8387
v  -78.3892 152.077 -44.0504
v  -70.9319 151.658 -43.0424
v  -68.5538 149.921 -38.3832
v  -66.8537 134.936 -73.846
v  -55.7708 133.343 -71.6136
v  -68.5538 149.921 -38.3832
v  -51.5271 147.955 -33.3452
v  -55.7708 133.343 -71.6136
v  -45.1474 147.962 -33.3452
v  -36.1789 137.206 -71.0751
v  -45.1474 147.962 -33.3452
v  -39.9252 148.821 -34.7929
v  -36.1789 137.206 -71.0751
v  6.67214 150.145 -29.3041
v  -34.0144 150.145 -37.4142
v  2.06396 135.039 13.1149
v  -39.9252 148.821 -34.7929
v  2.06396 135.039 13.1149
v  -34.0144 150.145 -37.4142
v  -85.3774 117.067 103.563
v  -86.8894 117.973 104.098
v  -80.3038 106.687 126.024
v  -86.134 119.398 104.814
v  -80.3038 106.687 126.024
v  -86.8894 117.973 104.098
v  -86.134 119.398 104.814
v  -81.4256 121.195 105.567
v  -79.8294 107.137 126.906
v  -76.7761 107.029 128.448
v  -81.4256 121.195 105.567
v  -73.7486 122.445 105.915
v  -71.2807 107.443 128.54
v  -73.7486 122.445 105.915
v  -62.1453 122.213 105.33
v  -74.2773 118.117 103.669
v  -71.8696 105.539 126.641
v  -62.1453 122.213 105.33
v  63.3801 149.239 -18.6167
v  2.06396 135.039 13.1149
v  63.6953 135.039 20.2958
v  -79.1007 134.508 66.1499
v  -79.7756 117.222 103.42
v  -74.2773 118.117 103.669
v  -85.3774 117.067 103.563
v  -79.7756 117.222 103.42
v  -79.1007 134.508 66.1499
v  154.009 176.973 55.1111
v  108.616 178.904 69.1144
v  150.972 200.671 43.9831
v  106.81 207.536 55.1429
v  102.451 219.395 21.4128
v  150.972 200.671 43.9831
v  106.81 150.273 55.1429
v  64.0105 149.239 59.2083
v  108.616 178.904 69.1144
v  63.6953 232 20.2958
v  63.3801 217.8 -18.6167
v  102.451 219.395 21.4128
v  63.6953 135.039 20.2958
v  64.0105 149.239 59.2083
v  102.451 138.414 21.4128
v  63.2495 183.52 -34.7347
v  63.3801 217.8 -18.6167
v  6.67214 223.083 -29.3041
v  -43.9601 223.083 -39.3967
v  8.58092 186.614 -46.8746
v  6.67214 223.083 -29.3041
v  -40.5575 186.614 -56.7399
v  6.67214 150.145 -29.3041
v  8.58092 186.614 -46.8746
v  -75.2867 186.036 -59.864
v  -47.348 154.027 -41.6101
v  -40.5575 186.614 -56.7399
v  -43.7231 152.686 -40.6049
v  -40.5575 186.614 -56.7399
v  -47.348 154.027 -41.6101
v  -93.4603 184.266 -62.3991
v  -94.3964 166.563 -54.0282
v  -75.2867 186.036 -59.864
v  -78.3892 152.077 -44.0504
v  -75.2867 186.036 -59.864
v  -94.3964 166.563 -54.0282
v  -93.4603 184.266 -62.3991
v  -85.1953 182.463 -65.768
v  -93.4603 197.933 -54.791
v  -104.787 183.163 -63.9791
v  -104.787 175.966 -60.5051
v  -93.4603 184.266 -62.3991
v  -94.3964 166.563 -54.0282
v  -93.4603 184.266 -62.3991
v  -104.787 175.966 -60.5051
v  -104.787 183.163 -63.9791
v  -95.0378 182.463 -66.9491
v  -103.604 204.573 -51.9595
v  -111.967 182.463 -64.9806
v  -104.787 175.966 -60.5051
v  -104.787 183.163 -63.9791
v  -111.531 209.762 -49.7468
v  -111.967 182.463 -64.9806
v  -105.493 211.479 -51.7706
v  -209.177 185.164 53.3301
v  -216.582 183.068 9.31063
v  -170.369 177.872 40.1493
v  -216.582 183.068 9.31063
v  -216.582 192.345 -10.0292
v  -148.425 200.269 25.4524
v  -170.369 161.688 25.4524
v  -183.349 169.955 41.2004
v  -170.369 177.872 40.1493
v  -124.917 208.785 32.6776
v  -134.258 180.894 42.7114
v  -126.868 207.079 29.9444
v  -148.425 146.198 -10.0292
v  -148.425 155.475 -45.5108
v  -170.369 152.41 -10.0292
v  -170.369 161.688 -45.5108
v  -170.369 152.41 -10.0292
v  -148.425 155.475 -45.5108
v  -170.369 152.41 -10.0292
v  -216.727 165.231 25.4524
v  -170.369 161.688 25.4524
v  -216.582 192.345 -10.0292
v  -216.582 183.068 -29.369
v  -148.425 200.269 -45.5108
v  -111.967 182.463 -64.9806
v  -119.404 181.527 -64.007
v  -113.776 158.456 -51.7706
v  -119.404 181.527 -64.007
v  -119.404 157.19 -50.7294
v  -113.776 158.456 -51.7706
v  -114.154 153.448 -49.0146
v  -113.776 158.456 -51.7706
v  -119.404 157.19 -50.7294
v  -119.404 181.527 -64.007
v  -111.967 182.463 -68.5239
v  -119.404 186.096 -61.0088
v  -119.404 186.096 -61.0088
v  -111.967 182.463 -68.5239
v  -114.154 211.479 -52.558
v  -148.425 177.872 -60.2077
v  -119.404 157.19 -50.7294
v  -119.404 181.527 -64.007
v  -170.369 177.872 -60.2077
v  -148.425 177.872 -60.2077
v  -148.425 200.269 -45.5108
v  -111.967 182.463 -64.9806
v  -113.776 158.456 -51.7706
v  -103.306 182.463 -67.7365
v  -105.493 153.448 -51.7706
v  -103.306 182.463 -67.7365
v  -113.776 158.456 -51.7706
v  -148.425 155.475 -45.5108
v  -148.425 146.198 -10.0292
v  -114.154 153.448 -49.0146
v  -54.9793 155.223 -43.0072
v  -54.6335 140.829 -75.2874
v  -47.348 154.027 -41.6101
v  -54.9793 155.223 -43.0072
v  -67.8895 154.027 -43.8387
v  -54.6335 140.829 -75.2874
v  -67.8895 154.027 -43.8387
v  -70.9319 151.658 -43.0424
v  -66.2633 138.821 -75.7523
v  -70.9319 151.658 -43.0424
v  -66.8537 134.936 -73.846
v  -68.2134 136.997 -75.0713
v  -66.8537 134.936 -73.846
v  -68.5538 149.921 -38.3832
v  -55.7708 133.343 -71.6136
v  -49.7947 114.379 -108.483
v  -55.7708 133.343 -71.6136
v  -36.1789 137.206 -71.0751
v  -36.1789 137.206 -71.0751
v  -39.9252 148.821 -34.7929
v  -34.0144 150.145 -37.4142
v  -40.5575 186.614 -56.7399
v  -43.7231 152.686 -40.6049
v  6.67214 150.145 -29.3041
v  -34.0144 150.145 -37.4142
v  6.67214 150.145 -29.3041
v  -43.7231 152.686 -40.6049
v  6.67214 150.145 -29.3041
v  2.06396 135.039 13.1149
v  63.3801 149.239 -18.6167
v  -85.3774 117.067 103.563
v  -80.3038 106.687 126.024
v  -79.3031 106.043 125.691
v  -79.8294 107.137 126.906
v  -80.3038 106.687 126.024
v  -86.134 119.398 104.814
v  -79.8294 107.137 126.906
v  -81.4256 121.195 105.567
v  -76.7761 107.029 128.448
v  -76.7761 107.029 128.448
v  -73.7486 122.445 105.915
v  -71.2807 107.443 128.54
v  -67.4387 106.966 127.825
v  -71.2807 107.443 128.54
v  -62.1453 122.213 105.33
v  -71.8696 105.539 126.641
v  -67.4387 106.966 127.825
v  -62.1453 122.213 105.33
v  -74.2773 118.117 103.669
v  -79.7756 117.222 103.42
v  -71.8696 105.539 126.641
v  63.3801 149.239 -18.6167
v  63.6953 135.039 20.2958
v  98.0915 150.273 -12.3173
v  -79.7756 117.222 103.42
v  -85.3774 117.067 103.563
v  -79.3031 106.043 125.691
v  213.692 187.62 18.548
v  154.009 176.973 55.1111
v  150.972 200.671 43.9831
v  154.009 176.973 55.1111
v  106.81 150.273 55.1429
v  108.616 178.904 69.1144
v  102.451 219.395 21.4128
v  143.641 210.487 17.1175
v  150.972 200.671 43.9831
v  102.451 138.414 21.4128
v  64.0105 149.239 59.2083
v  106.81 150.273 55.1429
v  63.3801 217.8 -18.6167
v  98.0915 207.536 -12.3173
v  102.451 219.395 21.4128
v  98.0915 150.273 -12.3173
v  63.6953 135.039 20.2958
v  102.451 138.414 21.4128
v  63.2495 183.52 -34.7347
v  96.2858 178.904 -26.2888
v  63.3801 217.8 -18.6167
v  8.58092 186.614 -46.8746
v  63.2495 183.52 -34.7347
v  6.67214 223.083 -29.3041
v  6.67214 150.145 -29.3041
v  63.3801 149.239 -18.6167
v  8.58092 186.614 -46.8746
v  -47.348 154.027 -41.6101
v  -44.1933 139.941 -73.4969
v  -43.7231 152.686 -40.6049
v  -94.3964 166.563 -54.0282
v  -85.1953 182.463 -65.768
v  -93.4603 184.266 -62.3991
v  -93.4603 197.933 -54.791
v  -85.1953 182.463 -65.768
v  -87.3824 211.479 -49.8021
v  -104.787 175.966 -60.5051
v  -95.0378 182.463 -66.9491
v  -104.787 183.163 -63.9791
v  -103.604 204.573 -51.9595
v  -95.0378 182.463 -66.9491
v  -97.2249 211.479 -50.9832
v  -111.967 182.463 -64.9806
v  -103.306 182.463 -67.7365
v  -105.493 211.479 -51.7706
v  -110.225 211.412 -48.9385
v  -111.531 209.762 -49.7468
v  -105.493 211.479 -51.7706
v  -188.779 176.896 53.3301
v  -209.177 185.164 53.3301
v  -170.369 177.872 40.1493
v  -209.177 185.164 53.3301
v  -217.212 181.621 53.3301
v  -216.582 183.068 9.31063
v  -224.617 179.525 9.31063
v  -216.582 183.068 9.31063
v  -217.212 181.621 53.3301
v  -216.582 183.068 9.31063
v  -234.796 183.907 -10.0292
v  -216.582 192.345 -10.0292
v  -183.349 169.955 41.2004
v  -188.779 176.896 53.3301
v  -170.369 177.872 40.1493
v  -203.129 161.688 33.3264
v  -183.349 169.955 41.2004
v  -170.369 161.688 25.4524
v  -170.369 161.688 -45.5108
v  -216.727 165.231 -45.5108
v  -170.369 152.41 -10.0292
v  -170.369 161.688 -45.5108
v  -148.425 155.475 -45.5108
v  -148.425 177.872 -60.2077
v  -221.55 159.7 -10.0292
v  -216.727 165.231 25.4524
v  -170.369 152.41 -10.0292
v  -216.727 165.231 25.4524
v  -203.129 161.688 33.3264
v  -170.369 161.688 25.4524
v  -216.582 183.068 -29.369
v  -170.369 177.872 -60.2077
v  -148.425 200.269 -45.5108
v  -216.582 192.345 -10.0292
v  -234.796 183.907 -10.0292
v  -216.582 183.068 -29.369
v  -148.425 177.872 -60.2077
v  -148.425 155.475 -45.5108
v  -119.404 157.19 -50.7294
v  -114.154 153.448 -49.0146
v  -119.404 157.19 -50.7294
v  -148.425 155.475 -45.5108
v  -119.404 157.19 -50.7294
v  -114.154 153.448 -52.558
v  -119.404 181.527 -64.007
v  -119.404 181.527 -64.007
v  -114.154 153.448 -52.558
v  -111.967 182.463 -68.5239
v  -170.369 177.872 -60.2077
v  -170.369 161.688 -45.5108
v  -148.425 177.872 -60.2077
v  -47.348 154.027 -41.6101
v  -54.6335 140.829 -75.2874
v  -44.1933 139.941 -73.4969
v  -67.8895 154.027 -43.8387
v  -66.2633 138.821 -75.7523
v  -54.6335 140.829 -75.2874
v  -70.9319 151.658 -43.0424
v  -68.2134 136.997 -75.0713
v  -66.2633 138.821 -75.7523
v  -68.2134 136.997 -75.0713
v  -66.8537 134.936 -73.846
v  -58.9861 114.945 -111.626
v  -58.9861 114.945 -111.626
v  -66.8537 134.936 -73.846
v  -55.7708 133.343 -71.6136
v  -58.9861 114.945 -111.626
v  -55.7708 133.343 -71.6136
v  -49.7947 114.379 -108.483
v  -49.7947 114.379 -108.483
v  -36.1789 137.206 -71.0751
v  -33.7643 118.893 -106.251
v  -43.7231 152.686 -40.6049
v  -36.1789 137.206 -71.0751
v  -34.0144 150.145 -37.4142
v  -75.6436 105.098 126.418
v  -79.3031 106.043 125.691
v  -76.7761 107.029 128.448
v  -76.7761 107.029 128.448
v  -79.3031 106.043 125.691
v  -79.8294 107.137 126.906
v  -80.3038 106.687 126.024
v  -79.8294 107.137 126.906
v  -79.3031 106.043 125.691
v  -67.4387 106.966 127.825
v  -71.8696 105.539 126.641
v  -71.2807 107.443 128.54
v  -71.8696 105.539 126.641
v  -75.6436 105.098 126.418
v  -71.2807 107.443 128.54
v  -76.7761 107.029 128.448
v  -71.2807 107.443 128.54
v  -75.6436 105.098 126.418
v  -79.7756 117.222 103.42
v  -75.6436 105.098 126.418
v  -71.8696 105.539 126.641
v  63.3801 149.239 -18.6167
v  98.0915 150.273 -12.3173
v  63.2495 183.52 -34.7347
v  -79.7756 117.222 103.42
v  -79.3031 106.043 125.691
v  -75.6436 105.098 126.418
v  216.896 172.867 24.8942
v  154.009 176.973 55.1111
v  213.692 187.62 18.548
v  150.972 200.671 43.9831
v  143.641 210.487 17.1175
v  213.692 187.62 18.548
v  151.2 155.054 44.8183
v  142.026 152.667 46.2438
v  154.009 176.973 55.1111
v  106.81 150.273 55.1429
v  154.009 176.973 55.1111
v  142.026 152.667 46.2438
v  102.451 219.395 21.4128
v  98.0915 207.536 -12.3173
v  143.641 210.487 17.1175
v  102.451 138.414 21.4128
v  106.81 150.273 55.1429
v  143.641 143.459 17.1175
v  96.2858 178.904 -26.2888
v  98.0915 207.536 -12.3173
v  63.3801 217.8 -18.6167
v  133.295 151.952 -6.97409
v  127.855 151.952 -8.51079
v  102.451 138.414 21.4128
v  127.855 151.952 -8.51079
v  127.495 152.583 -10.3405
v  102.451 138.414 21.4128
v  98.0915 150.273 -12.3173
v  102.451 138.414 21.4128
v  127.495 152.583 -10.3405
v  98.0915 150.273 -12.3173
v  96.2858 178.904 -26.2888
v  63.2495 183.52 -34.7347
v  63.3801 149.239 -18.6167
v  63.2495 183.52 -34.7347
v  8.58092 186.614 -46.8746
v  -43.7231 152.686 -40.6049
v  -44.1933 139.941 -73.4969
v  -36.1789 137.206 -71.0751
v  -94.3964 166.563 -54.0282
v  -87.3824 153.448 -49.8021
v  -85.1953 182.463 -65.768
v  -91.9576 210.128 -49.0407
v  -93.4603 197.933 -54.791
v  -87.3824 211.479 -49.8021
v  -104.787 175.966 -60.5051
v  -97.2249 153.448 -50.9832
v  -95.0378 182.463 -66.9491
v  -102.731 208.903 -49.9087
v  -103.604 204.573 -51.9595
v  -97.2249 211.479 -50.9832
v  -192.488 181.621 84.4325
v  -209.177 185.164 53.3301
v  -188.779 176.896 53.3301
v  -217.212 181.621 53.3301
v  -209.177 185.164 53.3301
v  -192.488 181.621 84.4325
v  -224.617 179.525 9.31063
v  -234.796 183.907 -10.0292
v  -216.582 183.068 9.31063
v  -224.617 173.619 9.31063
v  -224.617 179.525 9.31063
v  -217.212 175.715 53.3301
v  -217.212 181.621 53.3301
v  -217.212 175.715 53.3301
v  -224.617 179.525 9.31063
v  -188.779 174.141 53.3301
v  -188.779 176.896 53.3301
v  -183.349 169.955 41.2004
v  -203.129 161.688 33.3264
v  -199.74 164.919 58.5232
v  -183.349 169.955 41.2004
v  -216.727 165.231 -45.5108
v  -221.55 159.7 -10.0292
v  -170.369 152.41 -10.0292
v  -203.129 161.688 -53.3848
v  -216.727 165.231 -45.5108
v  -170.369 161.688 -45.5108
v  -221.55 159.7 -10.0292
v  -238.051 171.572 -10.0292
v  -216.727 165.231 25.4524
v  -216.727 165.231 25.4524
v  -211.164 166.806 58.5232
v  -203.129 161.688 33.3264
v  -216.582 183.068 -29.369
v  -209.177 185.164 -73.3885
v  -170.369 177.872 -60.2077
v  -234.796 183.907 -10.0292
v  -224.617 179.525 -29.369
v  -216.582 183.068 -29.369
v  -183.349 169.955 -61.2588
v  -170.369 161.688 -45.5108
v  -170.369 177.872 -60.2077
v  -54.6335 140.829 -75.2874
v  -49.1009 120.637 -111.968
v  -44.1933 139.941 -73.4969
v  -66.2633 138.821 -75.7523
v  -58.6259 118.193 -113.434
v  -54.6335 140.829 -75.2874
v  -66.2633 138.821 -75.7523
v  -68.2134 136.997 -75.0713
v  -60.1746 116.554 -112.94
v  -68.2134 136.997 -75.0713
v  -58.9861 114.945 -111.626
v  -60.1746 116.554 -112.94
v  -58.9861 114.945 -111.626
v  -49.7947 114.379 -108.483
v  -48.6285 102.509 -134.454
v  -36.1789 137.206 -71.0751
v  -40.4624 120.61 -109.312
v  -33.7643 118.893 -106.251
v  -42.2852 102.001 -131.43
v  -49.7947 114.379 -108.483
v  -33.7643 118.893 -106.251
v  311.076 171.095 -43.4159
v  216.896 172.867 24.8942
v  213.692 187.62 18.548
v  154.009 176.973 55.1111
v  216.896 172.867 24.8942
v  151.2 155.054 44.8183
v  155.74 154.692 42.6024
v  151.2 155.054 44.8183
v  216.896 172.867 24.8942
v  143.641 210.487 17.1175
v  205.957 193.73 3.2269
v  213.692 187.62 18.548
v  141.274 151.747 43.7571
v  106.81 150.273 55.1429
v  142.026 152.667 46.2438
v  150.197 152.237 41.1429
v  143.641 143.459 17.1175
v  141.274 151.747 43.7571
v  106.81 150.273 55.1429
v  141.274 151.747 43.7571
v  143.641 143.459 17.1175
v  149.285 148.625 51.5206
v  142.026 152.667 46.2438
v  151.2 155.054 44.8183
v  98.0915 207.536 -12.3173
v  136.309 200.671 -9.74796
v  143.641 210.487 17.1175
v  137.298 151.952 -6.12729
v  133.295 151.952 -6.97409
v  143.641 143.459 17.1175
v  102.451 138.414 21.4128
v  143.641 143.459 17.1175
v  133.295 151.952 -6.97409
v  96.2858 178.904 -26.2888
v  133.273 176.973 -20.876
v  98.0915 207.536 -12.3173
v  127.495 152.583 -10.3405
v  127.855 151.952 -8.51079
v  128.7 149.508 -19.6128
v  129.847 149.271 -17.783
v  127.855 151.952 -8.51079
v  133.295 151.952 -6.97409
v  133.415 155.128 -10.9443
v  96.2858 178.904 -26.2888
v  127.495 152.583 -10.3405
v  98.0915 150.273 -12.3173
v  127.495 152.583 -10.3405
v  96.2858 178.904 -26.2888
v  -44.1933 139.941 -73.4969
v  -40.4624 120.61 -109.312
v  -36.1789 137.206 -71.0751
v  -93.3506 155.78 -47.8767
v  -87.3824 153.448 -49.8021
v  -94.3964 166.563 -54.0282
v  -104.787 156.851 -49.818
v  -97.2249 153.448 -50.9832
v  -104.787 175.966 -60.5051
v  -192.488 181.621 84.4325
v  -188.779 176.896 53.3301
v  -181.98 180.44 84.4325
v  -198.669 179.259 84.4325
v  -217.212 181.621 53.3301
v  -192.488 181.621 84.4325
v  -234.796 183.907 -10.0292
v  -224.617 179.525 9.31063
v  -238.051 177.872 -10.0292
v  -217.212 181.621 53.3301
v  -199.905 175.715 84.4325
v  -217.212 175.715 53.3301
v  -238.051 171.572 -10.0292
v  -238.051 177.872 -10.0292
v  -224.617 173.619 9.31063
v  -224.617 179.525 9.31063
v  -224.617 173.619 9.31063
v  -238.051 177.872 -10.0292
v  -224.617 173.619 9.31063
v  -217.212 175.715 53.3301
v  -216.727 165.231 25.4524
v  -211.164 166.806 58.5232
v  -216.727 165.231 25.4524
v  -217.212 175.715 53.3301
v  -188.779 174.141 53.3301
v  -181.98 180.44 84.4325
v  -188.779 176.896 53.3301
v  -199.74 164.919 58.5232
v  -188.779 174.141 53.3301
v  -183.349 169.955 41.2004
v  -203.129 161.688 33.3264
v  -211.164 166.806 58.5232
v  -199.74 164.919 58.5232
v  -238.051 171.572 -10.0292
v  -221.55 159.7 -10.0292
v  -216.727 165.231 -45.5108
v  -211.164 166.806 -78.5816
v  -216.727 165.231 -45.5108
v  -203.129 161.688 -53.3848
v  -183.349 169.955 -61.2588
v  -203.129 161.688 -53.3848
v  -170.369 161.688 -45.5108
v  -224.617 173.619 9.31063
v  -216.727 165.231 25.4524
v  -238.051 171.572 -10.0292
v  -209.177 185.164 -73.3885
v  -188.779 176.896 -73.3885
v  -170.369 177.872 -60.2077
v  -209.177 185.164 -73.3885
v  -216.582 183.068 -29.369
v  -217.212 181.621 -73.3885
v  -224.617 179.525 -29.369
v  -217.212 181.621 -73.3885
v  -216.582 183.068 -29.369
v  -234.796 183.907 -10.0292
v  -238.051 177.872 -10.0292
v  -224.617 179.525 -29.369
v  -188.779 176.896 -73.3885
v  -183.349 169.955 -61.2588
v  -170.369 177.872 -60.2077
v  -44.1933 139.941 -73.4969
v  -49.1009 120.637 -111.968
v  -40.4624 120.61 -109.312
v  -54.6335 140.829 -75.2874
v  -58.6259 118.193 -113.434
v  -49.1009 120.637 -111.968
v  -66.2633 138.821 -75.7523
v  -60.1746 116.554 -112.94
v  -58.6259 118.193 -113.434
v  -60.1746 116.554 -112.94
v  -58.9861 114.945 -111.626
v  -48.6285 102.509 -134.454
v  -48.6285 102.509 -134.454
v  -49.7947 114.379 -108.483
v  -46.5905 102.083 -133.567
v  -40.4624 120.61 -109.312
v  -35.6695 102.999 -131.254
v  -33.7643 118.893 -106.251
v  -46.5905 102.083 -133.567
v  -49.7947 114.379 -108.483
v  -42.2852 102.001 -131.43
v  -35.6695 102.999 -131.254
v  -42.2852 102.001 -131.43
v  -33.7643 118.893 -106.251
v  311.076 171.095 -43.4159
v  312.047 166.817 -41.4916
v  216.896 172.867 24.8942
v  213.692 187.62 18.548
v  205.957 193.73 3.2269
v  311.076 171.095 -43.4159
v  151.2 155.054 44.8183
v  155.74 154.692 42.6024
v  159.191 148.989 46.8853
v  216.896 172.867 24.8942
v  213.692 158.115 18.548
v  155.74 154.692 42.6024
v  157.649 153.79 41.2755
v  155.74 154.692 42.6024
v  213.692 158.115 18.548
v  143.641 210.487 17.1175
v  136.309 200.671 -9.74796
v  205.957 193.73 3.2269
v  155.74 153.165 40.4488
v  205.957 152.005 3.2269
v  150.197 152.237 41.1429
v  143.641 143.459 17.1175
v  150.197 152.237 41.1429
v  205.957 152.005 3.2269
v  141.274 151.747 43.7571
v  148.533 148.886 49.0339
v  150.197 152.237 41.1429
v  142.026 152.667 46.2438
v  149.285 148.625 51.5206
v  141.274 151.747 43.7571
v  156.55 148.653 49.3479
v  149.285 148.625 51.5206
v  151.2 155.054 44.8183
v  133.273 176.973 -20.876
v  136.309 200.671 -9.74796
v  98.0915 207.536 -12.3173
v  129.847 149.271 -17.783
v  133.295 151.952 -6.97409
v  137.298 151.952 -6.12729
v  198.222 158.115 -12.0942
v  143.783 153.859 -10.0312
v  143.641 143.459 17.1175
v  137.298 151.952 -6.12729
v  143.641 143.459 17.1175
v  143.783 153.859 -10.0312
v  133.273 176.973 -20.876
v  96.2858 178.904 -26.2888
v  136.072 155.128 -10.6184
v  133.415 155.128 -10.9443
v  136.072 155.128 -10.6184
v  96.2858 178.904 -26.2888
v  128.7 149.508 -19.6128
v  127.855 151.952 -8.51079
v  129.847 149.271 -17.783
v  127.495 152.583 -10.3405
v  128.7 149.508 -19.6128
v  133.415 155.128 -10.9443
v  -185.686 180.7 90.3353
v  -192.488 181.621 84.4325
v  -181.98 180.44 84.4325
v  -198.669 179.259 84.4325
v  -199.905 175.715 84.4325
v  -217.212 181.621 53.3301
v  -198.669 179.259 84.4325
v  -192.488 181.621 84.4325
v  -188.77 179.023 92.1988
v  -199.905 175.715 84.4325
v  -211.164 166.806 58.5232
v  -217.212 175.715 53.3301
v  -224.617 173.619 -29.369
v  -224.617 179.525 -29.369
v  -238.051 171.572 -10.0292
v  -238.051 177.872 -10.0292
v  -238.051 171.572 -10.0292
v  -224.617 179.525 -29.369
v  -180.744 176.896 84.4325
v  -181.98 180.44 84.4325
v  -188.779 174.141 53.3301
v  -188.779 174.141 53.3301
v  -199.74 164.919 58.5232
v  -180.744 176.896 84.4325
v  -199.74 164.919 58.5232
v  -211.164 166.806 58.5232
v  -193.106 171.385 84.4325
v  -224.617 173.619 -29.369
v  -238.051 171.572 -10.0292
v  -216.727 165.231 -45.5108
v  -211.164 166.806 -78.5816
v  -203.129 161.688 -53.3848
v  -199.74 164.919 -78.5816
v  -211.164 166.806 -78.5816
v  -217.212 175.715 -73.3885
v  -216.727 165.231 -45.5108
v  -224.617 173.619 -29.369
v  -216.727 165.231 -45.5108
v  -217.212 175.715 -73.3885
v  -199.74 164.919 -78.5816
v  -203.129 161.688 -53.3848
v  -183.349 169.955 -61.2588
v  -209.177 185.164 -73.3885
v  -192.488 181.621 -104.491
v  -188.779 176.896 -73.3885
v  -209.177 185.164 -73.3885
v  -217.212 181.621 -73.3885
v  -192.488 181.621 -104.491
v  -217.212 175.715 -73.3885
v  -217.212 181.621 -73.3885
v  -224.617 173.619 -29.369
v  -224.617 179.525 -29.369
v  -224.617 173.619 -29.369
v  -217.212 181.621 -73.3885
v  -188.779 174.141 -73.3885
v  -183.349 169.955 -61.2588
v  -188.779 176.896 -73.3885
v  -49.1009 120.637 -111.968
v  -41.8073 103.339 -134.915
v  -40.4624 120.61 -109.312
v  -49.1009 120.637 -111.968
v  -58.6259 118.193 -113.434
v  -48.3735 102.969 -136.335
v  -58.6259 118.193 -113.434
v  -60.1746 116.554 -112.94
v  -49.4492 102.922 -135.746
v  -49.4492 102.922 -135.746
v  -60.1746 116.554 -112.94
v  -48.6285 102.509 -134.454
v  -47.6696 102.872 -136.225
v  -48.3735 102.969 -136.335
v  -46.5905 102.083 -133.567
v  -46.5905 102.083 -133.567
v  -48.3735 102.969 -136.335
v  -48.6285 102.509 -134.454
v  -49.4492 102.922 -135.746
v  -48.6285 102.509 -134.454
v  -48.3735 102.969 -136.335
v  -40.4624 120.61 -109.312
v  -41.8073 103.339 -134.915
v  -35.6695 102.999 -131.254
v  -35.6695 102.999 -131.254
v  -41.8073 103.339 -134.915
v  -42.2852 102.001 -131.43
v  -42.2852 102.001 -131.43
v  -41.8073 103.339 -134.915
v  -46.5905 102.083 -133.567
v  -47.6696 102.872 -136.225
v  -46.5905 102.083 -133.567
v  -41.8073 103.339 -134.915
v  312.047 166.817 -41.4916
v  311.076 171.095 -43.4159
v  328.218 177.057 -63.2746
v  312.047 166.817 -41.4916
v  213.692 158.115 18.548
v  216.896 172.867 24.8942
v  309.903 171.981 -45.7388
v  311.076 171.095 -43.4159
v  293.455 175.968 -40.4387
v  205.957 193.73 3.2269
v  293.455 175.968 -40.4387
v  311.076 171.095 -43.4159
v  156.55 148.653 49.3479
v  151.2 155.054 44.8183
v  159.191 148.989 46.8853
v  155.74 154.692 42.6024
v  157.649 153.79 41.2755
v  159.191 148.989 46.8853
v  213.692 158.115 18.548
v  205.957 152.005 3.2269
v  157.649 153.79 41.2755
v  155.74 153.165 40.4488
v  157.649 153.79 41.2755
v  205.957 152.005 3.2269
v  136.309 200.671 -9.74796
v  198.222 187.62 -12.0942
v  205.957 193.73 3.2269
v  155.74 153.165 40.4488
v  150.197 152.237 41.1429
v  159.191 148.989 46.8853
v  198.222 158.115 -12.0942
v  143.641 143.459 17.1175
v  205.957 152.005 3.2269
v  150.197 152.237 41.1429
v  148.533 148.886 49.0339
v  159.191 148.989 46.8853
v  148.533 148.886 49.0339
v  141.274 151.747 43.7571
v  149.285 148.625 51.5206
v  149.285 148.625 51.5206
v  156.55 148.653 49.3479
v  159.638 144.693 55.3566
v  133.273 176.973 -20.876
v  195.018 172.867 -18.4404
v  136.309 200.671 -9.74796
v  129.847 149.271 -17.783
v  137.298 151.952 -6.12729
v  142.363 149.61 -17.5256
v  142.363 149.61 -17.5256
v  137.298 151.952 -6.12729
v  143.783 153.859 -10.0312
v  133.273 176.973 -20.876
v  136.072 155.128 -10.6184
v  198.222 158.115 -12.0942
v  143.783 153.859 -10.0312
v  198.222 158.115 -12.0942
v  136.072 155.128 -10.6184
v  133.415 155.128 -10.9443
v  128.7 149.508 -19.6128
v  136.072 155.128 -10.6184
v  128.7 149.508 -19.6128
v  129.847 149.271 -17.783
v  138.161 146.889 -26.4195
v  -188.77 179.023 92.1988
v  -192.488 181.621 84.4325
v  -185.686 180.7 90.3353
v  -185.686 180.7 90.3353
v  -181.98 180.44 84.4325
v  -180.444 179.861 87.1674
v  -189.387 176.508 92.5715
v  -199.905 175.715 84.4325
v  -198.669 179.259 84.4325
v  -188.77 179.023 92.1988
v  -189.387 176.508 92.5715
v  -198.669 179.259 84.4325
v  -211.164 166.806 58.5232
v  -199.905 175.715 84.4325
v  -193.106 171.385 84.4325
v  -180.744 176.896 84.4325
v  -180.444 179.861 87.1674
v  -181.98 180.44 84.4325
v  -199.74 164.919 58.5232
v  -186.925 172.566 84.4325
v  -180.744 176.896 84.4325
v  -199.74 164.919 58.5232
v  -193.106 171.385 84.4325
v  -186.925 172.566 84.4325
v  -211.164 166.806 -78.5816
v  -199.74 164.919 -78.5816
v  -193.106 171.385 -104.491
v  -217.212 175.715 -73.3885
v  -211.164 166.806 -78.5816
v  -199.905 175.715 -104.491
v  -183.349 169.955 -61.2588
v  -188.779 174.141 -73.3885
v  -199.74 164.919 -78.5816
v  -188.779 176.896 -73.3885
v  -192.488 181.621 -104.491
v  -181.98 180.44 -104.491
v  -217.212 181.621 -73.3885
v  -198.669 179.259 -104.491
v  -192.488 181.621 -104.491
v  -217.212 181.621 -73.3885
v  -217.212 175.715 -73.3885
v  -199.905 175.715 -104.491
v  -188.779 174.141 -73.3885
v  -188.779 176.896 -73.3885
v  -181.98 180.44 -104.491
v  -49.1009 120.637 -111.968
v  -47.6696 102.872 -136.225
v  -41.8073 103.339 -134.915
v  -49.1009 120.637 -111.968
v  -48.3735 102.969 -136.335
v  -47.6696 102.872 -136.225
v  -58.6259 118.193 -113.434
v  -49.4492 102.922 -135.746
v  -48.3735 102.969 -136.335
v  329.381 165.89 -62.6137
v  312.047 166.817 -41.4916
v  328.218 177.057 -63.2746
v  311.076 171.095 -43.4159
v  319.065 175.007 -53.6757
v  328.218 177.057 -63.2746
v  311.076 162.539 -43.4159
v  213.692 158.115 18.548
v  312.047 166.817 -41.4916
v  311.076 171.095 -43.4159
v  309.903 171.981 -45.7388
v  319.065 175.007 -53.6757
v  309.903 171.981 -45.7388
v  293.455 175.968 -40.4387
v  307.557 182.948 -47.4764
v  293.455 175.968 -40.4387
v  205.957 193.73 3.2269
v  301.593 173.82 -45.7388
v  198.222 187.62 -12.0942
v  301.593 173.82 -45.7388
v  205.957 193.73 3.2269
v  156.55 148.653 49.3479
v  159.191 148.989 46.8853
v  164.436 144.693 53.4668
v  155.74 153.165 40.4488
v  159.191 148.989 46.8853
v  157.649 153.79 41.2755
v  205.957 152.005 3.2269
v  213.692 158.115 18.548
v  308.73 160.767 -48.0617
v  195.018 172.867 -18.4404
v  198.222 187.62 -12.0942
v  136.309 200.671 -9.74796
v  198.222 158.115 -12.0942
v  205.957 152.005 3.2269
v  306.385 162.539 -52.7075
v  159.191 148.989 46.8853
v  148.533 148.886 49.0339
v  164.436 144.693 53.4668
v  148.533 148.886 49.0339
v  149.285 148.625 51.5206
v  159.638 144.693 55.3566
v  159.638 144.693 55.3566
v  156.55 148.653 49.3479
v  164.436 144.693 53.4668
v  198.222 158.115 -12.0942
v  195.018 172.867 -18.4404
v  133.273 176.973 -20.876
v  129.847 149.271 -17.783
v  142.363 149.61 -17.5256
v  145.296 146.873 -25.5406
v  136.072 155.128 -10.6184
v  142.363 149.61 -17.5256
v  143.783 153.859 -10.0312
v  136.072 155.128 -10.6184
v  128.7 149.508 -19.6128
v  137.701 150.051 -19.6161
v  138.161 146.889 -26.4195
v  129.847 149.271 -17.783
v  145.296 146.873 -25.5406
v  137.701 150.051 -19.6161
v  128.7 149.508 -19.6128
v  138.161 146.889 -26.4195
v  -185.686 180.7 90.3353
v  -180.444 179.861 87.1674
v  -188.77 179.023 92.1988
v  -180.444 179.861 87.1674
v  -179.827 177.346 86.7947
v  -188.77 179.023 92.1988
v  -188.77 179.023 92.1988
v  -179.827 177.346 86.7947
v  -189.387 176.508 92.5715
v  -179.827 177.346 86.7947
v  -182.911 174.272 88.6582
v  -189.387 176.508 92.5715
v  -185.995 173.434 90.5217
v  -189.387 176.508 92.5715
v  -182.911 174.272 88.6582
v  -193.106 171.385 84.4325
v  -199.905 175.715 84.4325
v  -189.387 176.508 92.5715
v  -179.827 177.346 86.7947
v  -180.444 179.861 87.1674
v  -180.744 176.896 84.4325
v  -180.744 176.896 84.4325
v  -186.925 172.566 84.4325
v  -179.827 177.346 86.7947
v  -186.925 172.566 84.4325
v  -193.106 171.385 84.4325
v  -185.995 173.434 90.5217
v  -193.106 171.385 -104.491
v  -199.74 164.919 -78.5816
v  -186.925 172.566 -104.491
v  -199.905 175.715 -104.491
v  -211.164 166.806 -78.5816
v  -193.106 171.385 -104.491
v  -199.74 164.919 -78.5816
v  -188.779 174.141 -73.3885
v  -180.744 176.896 -104.491
v  -192.488 181.621 -104.491
v  -185.686 180.7 -110.394
v  -181.98 180.44 -104.491
v  -192.488 181.621 -104.491
v  -198.669 179.259 -104.491
v  -188.77 179.023 -112.257
v  -198.669 179.259 -104.491
v  -217.212 181.621 -73.3885
v  -199.905 175.715 -104.491
v  -180.744 176.896 -104.491
v  -188.779 174.141 -73.3885
v  -181.98 180.44 -104.491
v  329.381 165.89 -62.6137
v  328.218 177.057 -63.2746
v  330.31 168.754 -65.0179
v  311.076 162.539 -43.4159
v  312.047 166.817 -41.4916
v  329.381 165.89 -62.6137
v  319.065 175.007 -53.6757
v  322.912 206.964 -53.382
v  328.218 177.057 -63.2746
v  308.73 160.767 -48.0617
v  213.692 158.115 18.548
v  311.076 162.539 -43.4159
v  319.065 175.007 -53.6757
v  309.903 171.981 -45.7388
v  322.912 206.964 -53.382
v  309.903 171.981 -45.7388
v  307.557 182.948 -47.4764
v  322.912 206.964 -53.382
v  293.455 175.968 -40.4387
v  301.593 173.82 -45.7388
v  307.557 182.948 -47.4764
v  307.557 171.981 -50.3846
v  301.593 173.82 -45.7388
v  306.385 171.095 -52.7075
v  198.222 187.62 -12.0942
v  306.385 171.095 -52.7075
v  301.593 173.82 -45.7388
v  306.385 162.539 -52.7075
v  205.957 152.005 3.2269
v  308.73 160.767 -48.0617
v  195.018 172.867 -18.4404
v  305.413 166.817 -54.6318
v  198.222 187.62 -12.0942
v  198.222 158.115 -12.0942
v  306.385 162.539 -52.7075
v  195.018 172.867 -18.4404
v  148.533 148.886 49.0339
v  159.638 144.693 55.3566
v  164.436 144.693 53.4668
v  142.363 149.61 -17.5256
v  137.701 150.051 -19.6161
v  145.296 146.873 -25.5406
v  136.072 155.128 -10.6184
v  137.701 150.051 -19.6161
v  142.363 149.61 -17.5256
v  137.701 150.051 -19.6161
v  138.161 146.889 -26.4195
v  145.296 146.873 -25.5406
v  -193.106 171.385 84.4325
v  -189.387 176.508 92.5715
v  -185.995 173.434 90.5217
v  -186.925 172.566 84.4325
v  -185.995 173.434 90.5217
v  -182.911 174.272 88.6582
v  -186.925 172.566 84.4325
v  -182.911 174.272 88.6582
v  -179.827 177.346 86.7947
v  -186.925 172.566 -104.491
v  -199.74 164.919 -78.5816
v  -180.744 176.896 -104.491
v  -193.106 171.385 -104.491
v  -186.925 172.566 -104.491
v  -185.995 173.434 -110.58
v  -199.905 175.715 -104.491
v  -193.106 171.385 -104.491
v  -189.387 176.508 -112.63
v  -192.488 181.621 -104.491
v  -188.77 179.023 -112.257
v  -185.686 180.7 -110.394
v  -181.98 180.44 -104.491
v  -185.686 180.7 -110.394
v  -180.444 179.861 -107.226
v  -189.387 176.508 -112.63
v  -188.77 179.023 -112.257
v  -198.669 179.259 -104.491
v  -199.905 175.715 -104.491
v  -189.387 176.508 -112.63
v  -198.669 179.259 -104.491
v  -180.744 176.896 -104.491
v  -181.98 180.44 -104.491
v  -180.444 179.861 -107.226
v  328.218 177.057 -63.2746
v  326.914 180.838 -63.7752
v  330.31 168.754 -65.0179
v  329.381 165.89 -62.6137
v  330.31 168.754 -65.0179
v  332.202 156.67 -67.0726
v  329.381 157.228 -62.6137
v  311.076 162.539 -43.4159
v  329.381 165.89 -62.6137
v  328.939 190.654 -62.1547
v  328.218 177.057 -63.2746
v  330.786 225.468 -59.2875
v  322.912 206.964 -53.382
v  330.786 225.468 -59.2875
v  328.218 177.057 -63.2746
v  308.73 160.767 -48.0617
v  311.076 162.539 -43.4159
v  323.763 155.368 -59.7084
v  307.557 182.948 -47.4764
v  307.557 171.981 -50.3846
v  322.912 206.964 -53.382
v  301.593 173.82 -45.7388
v  307.557 171.981 -50.3846
v  307.557 182.948 -47.4764
v  319.901 174.493 -60.0676
v  307.557 171.981 -50.3846
v  324.729 175.196 -65.2572
v  306.385 171.095 -52.7075
v  324.729 175.196 -65.2572
v  307.557 171.981 -50.3846
v  305.413 166.817 -54.6318
v  306.385 171.095 -52.7075
v  198.222 187.62 -12.0942
v  306.385 162.539 -52.7075
v  308.73 160.767 -48.0617
v  324.729 157.228 -65.2572
v  306.385 162.539 -52.7075
v  305.413 166.817 -54.6318
v  195.018 172.867 -18.4404
v  -186.925 172.566 -104.491
v  -180.744 176.896 -104.491
v  -179.827 177.346 -106.853
v  -189.387 176.508 -112.63
v  -193.106 171.385 -104.491
v  -185.995 173.434 -110.58
v  -185.995 173.434 -110.58
v  -186.925 172.566 -104.491
v  -182.911 174.272 -108.717
v  -185.686 180.7 -110.394
v  -188.77 179.023 -112.257
v  -180.444 179.861 -107.226
v  -180.444 179.861 -107.226
v  -188.77 179.023 -112.257
v  -179.827 177.346 -106.853
v  -188.77 179.023 -112.257
v  -189.387 176.508 -112.63
v  -179.827 177.346 -106.853
v  -179.827 177.346 -106.853
v  -189.387 176.508 -112.63
v  -182.911 174.272 -108.717
v  -185.995 173.434 -110.58
v  -182.911 174.272 -108.717
v  -189.387 176.508 -112.63
v  -179.827 177.346 -106.853
v  -180.744 176.896 -104.491
v  -180.444 179.861 -107.226
v  328.731 156.891 -69.2714
v  330.31 168.754 -65.0179
v  326.914 180.838 -63.7752
v  326.914 180.838 -63.7752
v  328.218 177.057 -63.2746
v  328.939 190.654 -62.1547
v  328.939 190.654 -62.1547
v  326.606 190.777 -63.407
v  326.914 180.838 -63.7752
v  325.409 180.838 -64.5872
v  326.914 180.838 -63.7752
v  326.606 190.777 -63.407
v  332.202 156.67 -67.0726
v  335.022 147.451 -71.5316
v  329.381 165.89 -62.6137
v  329.381 157.228 -62.6137
v  329.381 165.89 -62.6137
v  335.022 147.451 -71.5316
v  328.731 156.891 -69.2714
v  332.202 156.67 -67.0726
v  330.31 168.754 -65.0179
v  311.076 162.539 -43.4159
v  329.381 157.228 -62.6137
v  323.763 155.368 -59.7084
v  328.218 155.368 -63.2746
v  323.763 155.368 -59.7084
v  329.381 157.228 -62.6137
v  328.939 190.654 -62.1547
v  330.786 225.468 -59.2875
v  335.904 235.704 -70.7048
v  330.786 225.468 -59.2875
v  322.912 206.964 -53.382
v  319.901 174.493 -60.0676
v  323.763 155.368 -59.7084
v  315.423 149.35 -55.9357
v  308.73 160.767 -48.0617
v  307.557 171.981 -50.3846
v  319.901 174.493 -60.0676
v  322.912 206.964 -53.382
v  325.409 180.838 -64.5872
v  326.606 190.777 -63.407
v  324.729 175.196 -65.2572
v  324.729 175.196 -65.2572
v  326.606 190.777 -63.407
v  319.901 174.493 -60.0676
v  330.786 225.468 -59.2875
v  319.901 174.493 -60.0676
v  326.606 190.777 -63.407
v  306.385 171.095 -52.7075
v  323.766 166.212 -65.8047
v  324.729 175.196 -65.2572
v  305.413 166.817 -54.6318
v  323.766 166.212 -65.8047
v  306.385 171.095 -52.7075
v  306.385 162.539 -52.7075
v  324.729 157.228 -65.2572
v  305.413 166.817 -54.6318
v  308.73 160.767 -48.0617
v  325.436 156.098 -64.8556
v  324.729 157.228 -65.2572
v  -182.911 174.272 -108.717
v  -186.925 172.566 -104.491
v  -179.827 177.346 -106.853
v  325.409 180.838 -64.5872
v  326.723 171.366 -66.4401
v  326.914 180.838 -63.7752
v  328.731 156.891 -69.2714
v  326.914 180.838 -63.7752
v  326.723 171.366 -66.4401
v  326.606 190.777 -63.407
v  328.939 190.654 -62.1547
v  335.904 235.704 -70.7048
v  335.022 147.451 -71.5316
v  328.218 155.368 -63.2746
v  329.381 157.228 -62.6137
v  333.697 147.569 -72.7382
v  335.022 147.451 -71.5316
v  332.202 156.67 -67.0726
v  333.697 147.569 -72.7382
v  332.202 156.67 -67.0726
v  328.731 156.891 -69.2714
v  328.218 155.368 -63.2746
v  335.022 147.451 -71.5316
v  323.763 155.368 -59.7084
v  344.557 136.358 -83.1011
v  323.763 155.368 -59.7084
v  335.022 147.451 -71.5316
v  330.786 225.468 -59.2875
v  326.606 190.777 -63.407
v  335.904 235.704 -70.7048
v  344.557 136.358 -83.1011
v  315.423 149.35 -55.9357
v  323.763 155.368 -59.7084
v  315.423 149.35 -55.9357
v  325.436 156.098 -64.8556
v  308.73 160.767 -48.0617
v  324.729 175.196 -65.2572
v  326.723 171.366 -66.4401
v  325.409 180.838 -64.5872
v  323.766 166.212 -65.8047
v  326.723 171.366 -66.4401
v  324.729 175.196 -65.2572
v  324.729 157.228 -65.2572
v  323.766 166.212 -65.8047
v  305.413 166.817 -54.6318
v  324.729 157.228 -65.2572
v  325.436 156.098 -64.8556
v  333.697 147.569 -72.7382
v  323.766 166.212 -65.8047
v  328.731 156.891 -69.2714
v  326.723 171.366 -66.4401
v  335.022 147.451 -71.5316
v  333.697 147.569 -72.7382
v  344.557 136.358 -83.1011
v  328.731 156.891 -69.2714
v  323.766 166.212 -65.8047
v  333.697 147.569 -72.7382
v  324.729 157.228 -65.2572
v  333.697 147.569 -72.7382
v  323.766 166.212 -65.8047
v  325.436 156.098 -64.8556
v  315.423 149.35 -55.9357
v  333.697 147.569 -72.7382
v  344.557 136.358 -83.1011
v  333.697 147.569 -72.7382
v  315.423 149.35 -55.9357
v  -63.792 186.614 61.6874
v  -60.3894 223.083 44.3441
v  -60.3894 223.083 44.3441
v  -96.472 186.036 48.1181
v  -96.472 186.036 48.1181
v  -63.792 186.614 61.6874
v  -2.54422 223.083 55.534
v  -63.792 186.614 61.6874
v  -60.3894 223.083 44.3441
v  -2.54422 223.083 55.534
v  -96.472 186.036 48.1181
v  -93.3695 219.996 32.3045
v  -93.3695 219.996 32.3045
v  -60.3894 223.083 44.3441
v  -93.3695 152.077 32.3045
v  -96.472 186.036 48.1181
v  -63.792 186.614 61.6874
v  -93.3695 152.077 32.3045
v  -4.45299 186.614 73.1045
v  -2.54422 223.083 55.534
v  -63.792 186.614 61.6874
v  -4.45299 186.614 73.1045
v  -2.54422 223.083 55.534
v  -45.5529 236.173 9.55323
v  -53.2708 236.173 8.06024
v  -45.5529 236.173 9.55323
v  -60.3894 223.083 44.3441
v  -53.2708 236.173 8.06024
v  -93.3695 219.996 32.3045
v  -109.981 201.403 38.119
v  -109.981 201.403 38.119
v  -111.982 184.215 46.0404
v  -96.472 186.036 48.1181
v  -111.982 184.215 46.0404
v  -60.3894 223.083 44.3441
v  -85.8793 234.063 -5.87295
v  -93.3695 219.996 32.3045
v  -85.8793 234.063 -5.87295
v  -96.472 186.036 48.1181
v  -110.807 169.496 37.9454
v  -110.807 169.496 37.9454
v  -118.415 160.717 32.5462
v  -118.415 160.717 32.5462
v  -116.236 153.077 29.2197
v  -93.3695 152.077 32.3045
v  -116.236 153.077 29.2197
v  -84.3872 151.551 35.5835
v  -82.192 153.577 37.489
v  -82.192 153.577 37.489
v  -71.0059 154.356 42.3077
v  -71.0059 154.356 42.3077
v  -60.5206 151.551 45.0125
v  -60.5206 151.551 45.0125
v  -63.792 186.614 61.6874
v  -93.3695 152.077 32.3045
v  -84.3872 151.551 35.5835
v  64.0105 217.8 59.2083
v  -4.45299 186.614 73.1045
v  -2.54422 223.083 55.534
v  64.0105 217.8 59.2083
v  -60.5206 151.551 45.0125
v  -58.7897 151.188 45.1666
v  -4.45299 186.614 73.1045
v  -58.7897 151.188 45.1666
v  -2.54422 223.083 55.534
v  2.06396 238.189 13.1149
v  -45.5529 236.173 9.55323
v  2.06396 238.189 13.1149
v  -52.1748 255.118 2.47372
v  -45.5529 236.173 9.55323
v  -53.2708 236.173 8.06024
v  -52.1748 255.118 2.47372
v  -60.0944 236.173 3.76946
v  -53.2708 236.173 8.06024
v  -65.0447 236.613 -0.713412
v  -60.0944 236.173 3.76946
v  -85.8793 234.063 -5.87295
v  -65.0447 236.613 -0.713412
v  -126.901 182.463 44.0419
v  -124.714 211.479 28.0759
v  -118.415 191.962 41.0714
v  -126.901 182.463 44.0419
v  -109.981 201.403 38.119
v  -118.415 191.962 41.0714
v  -93.3695 219.996 32.3045
v  -124.714 211.479 28.0759
v  -111.982 184.215 46.0404
v  -119.454 183.338 45.0394
v  -118.415 191.962 41.0714
v  -119.454 183.338 45.0394
v  -109.981 201.403 38.119
v  -106.429 182.463 51.4919
v  -106.429 182.463 51.4919
v  -111.982 184.215 46.0404
v  -111.982 184.215 46.0404
v  -110.807 169.496 37.9454
v  -85.8793 234.063 -5.87295
v  -119.434 223.497 -10.4694
v  -93.3695 219.996 32.3045
v  -119.434 223.497 -10.4694
v  -119.454 183.338 45.0394
v  -118.415 160.717 32.5462
v  -116.236 153.077 29.2197
v  -124.714 153.448 28.0759
v  -118.415 160.717 32.5462
v  -124.714 153.448 28.0759
v  -118.415 160.717 32.5462
v  -111.328 153.448 33.1637
v  -111.328 153.448 33.1637
v  -116.236 153.077 29.2197
v  -85.8793 138.01 -5.87295
v  -124.714 153.448 28.0759
v  -85.8793 138.01 -5.87295
v  -93.3695 152.077 32.3045
v  -87.6713 138.597 68.3336
v  -84.3872 151.551 35.5835
v  -82.192 153.577 37.489
v  -87.6713 138.597 68.3336
v  -81.5416 141.376 69.353
v  -82.192 153.577 37.489
v  -71.0059 154.356 42.3077
v  -81.5416 141.376 69.353
v  -71.4403 143.044 69.7154
v  -71.0059 154.356 42.3077
v  -60.5206 151.551 45.0125
v  -71.4403 143.044 69.7154
v  -52.1748 135.039 2.47372
v  -93.3695 152.077 32.3045
v  -52.1748 135.039 2.47372
v  -59.2918 148.127 38.7492
v  -73.2792 148.127 31.1298
v  -59.2918 148.127 38.7492
v  -82.2047 149.636 30.8983
v  -73.2792 148.127 31.1298
v  -84.3872 151.551 35.5835
v  -82.2047 149.636 30.8983
v  64.141 183.52 75.3264
v  64.0105 217.8 59.2083
v  -4.45299 186.614 73.1045
v  64.141 183.52 75.3264
v  64.0105 217.8 59.2083
v  2.06396 238.189 13.1149
v  -58.7897 151.188 45.1666
v  -56.0378 141.951 68.6226
v  -56.0378 141.951 68.6226
v  -60.5206 151.551 45.0125
v  -53.5762 150.145 45.6621
v  -58.7897 151.188 45.1666
v  -53.5762 150.145 45.6621
v  -2.54422 150.145 55.534
v  -2.54422 150.145 55.534
v  -4.45299 186.614 73.1045
v  -4.04192 263.101 11.917
v  2.06396 238.189 13.1149
v  -4.04192 263.101 11.917
v  -45.5529 236.173 9.55323
v  -20.8092 279.528 8.62741
v  -45.5529 236.173 9.55323
v  -20.8092 279.528 8.62741
v  -52.1748 255.118 2.47372
v  -52.1748 255.118 2.47372
v  -60.0944 236.173 3.76946
v  -52.1748 255.118 2.47372
v  -65.0447 236.613 -0.713412
v  -65.0447 236.613 -0.713412
v  -58.9595 236.205 -2.28917
v  -58.9595 236.205 -2.28917
v  -54.8585 236.327 -2.28917
v  -54.8585 236.327 -2.28917
v  -78.3892 219.996 -44.0504
v  -85.8793 234.063 -5.87295
v  -78.3892 219.996 -44.0504
v  -124.714 211.479 28.0759
v  -148.425 177.872 40.1493
v  -134.258 180.894 42.7114
v  -148.425 177.872 40.1493
v  -126.901 182.463 44.0419
v  -134.258 180.894 42.7114
v  -119.454 183.338 45.0394
v  -126.901 182.463 44.0419
v  -124.714 211.479 28.0759
v  -119.434 223.497 -10.4694
v  -118.415 191.962 41.0714
v  -113.515 182.463 49.1297
v  -113.515 182.463 49.1297
v  -119.454 183.338 45.0394
v  -104.445 208.785 37.0083
v  -106.429 182.463 51.4919
v  -109.981 201.403 38.119
v  -104.445 208.785 37.0083
v  -110.807 169.496 37.9454
v  -106.429 182.463 51.4919
v  -85.8793 234.063 -5.87295
v  -114.154 211.479 -49.0146
v  -119.434 223.497 -10.4694
v  -114.154 211.479 -49.0146
v  -124.714 153.448 28.0759
v  -126.901 182.463 44.0419
v  -113.515 182.463 49.1297
v  -118.415 160.717 32.5462
v  -111.328 153.448 33.1637
v  -113.515 182.463 49.1297
v  -85.8793 138.01 -5.87295
v  -119.434 141.43 -10.4694
v  -119.434 141.43 -10.4694
v  -124.714 153.448 28.0759
v  -85.8793 138.01 -5.87295
v  -52.1748 135.039 2.47372
v  -84.3872 151.551 35.5835
v  -88.5825 136.214 67.2906
v  -88.5825 136.214 67.2906
v  -87.6713 138.597 68.3336
v  -87.6713 138.597 68.3336
v  -81.5416 141.376 69.353
v  -81.5416 141.376 69.353
v  -71.4403 143.044 69.7154
v  -71.4403 143.044 69.7154
v  -56.0378 141.951 68.6226
v  -59.2918 148.127 38.7492
v  -53.5762 150.145 45.6621
v  -52.1748 135.039 2.47372
v  -2.54422 150.145 55.534
v  -71.8661 135.703 66.4094
v  -73.2792 148.127 31.1298
v  -59.2918 148.127 38.7492
v  -71.8661 135.703 66.4094
v  -86.5197 134.581 66.4711
v  -73.2792 148.127 31.1298
v  -82.2047 149.636 30.8983
v  -86.5197 134.581 66.4711
v  -82.2047 149.636 30.8983
v  -88.5825 136.214 67.2906
v  106.81 207.536 55.1429
v  64.141 183.52 75.3264
v  64.0105 217.8 59.2083
v  106.81 207.536 55.1429
v  64.141 183.52 75.3264
v  -2.54422 150.145 55.534
v  2.06396 238.189 13.1149
v  63.6953 232 20.2958
v  64.0105 217.8 59.2083
v  63.6953 232 20.2958
v  -53.5762 150.145 45.6621
v  -56.0378 141.951 68.6226
v  -4.04192 263.101 11.917
v  -25.7738 237.113 4.55485
v  -25.7738 237.113 4.55485
v  2.06396 238.189 13.1149
v  -9.39188 273.228 11.777
v  -4.04192 263.101 11.917
v  -9.39188 273.228 11.777
v  -45.5529 236.173 9.55323
v  -20.8092 279.528 8.62741
v  -9.39188 273.228 11.777
v  -20.8092 279.528 8.62741
v  -25.7738 237.113 4.55485
v  -52.1748 255.118 2.47372
v  -25.7738 237.113 4.55485
v  -58.9595 236.205 -2.28917
v  -52.1748 255.118 2.47372
v  -54.8585 236.327 -2.28917
v  -52.1748 255.118 2.47372
v  -54.8585 236.327 -2.28917
v  -51.2403 236.471 -2.28917
v  -51.2403 236.471 -2.28917
v  -43.9601 223.083 -39.3967
v  -78.3892 219.996 -44.0504
v  -43.9601 223.083 -39.3967
v  -78.3892 219.996 -44.0504
v  -114.154 211.479 -49.0146
v  -148.425 177.872 40.1493
v  -148.425 200.269 25.4524
v  -124.714 211.479 28.0759
v  -148.425 200.269 25.4524
v  -134.258 173.239 37.6879
v  -148.425 155.475 25.4524
v  -134.258 180.894 42.7114
v  -134.258 173.239 37.6879
v  -148.425 155.475 25.4524
v  -148.425 177.872 40.1493
v  -126.901 182.463 44.0419
v  -134.258 173.239 37.6879
v  -119.434 223.497 -10.4694
v  -148.425 209.546 -10.0292
v  -124.714 211.479 28.0759
v  -148.425 209.546 -10.0292
v  -111.531 208.785 34.6461
v  -113.515 182.463 49.1297
v  -111.531 208.785 34.6461
v  -118.415 191.962 41.0714
v  -104.445 208.785 37.0083
v  -108.536 206.727 35.4926
v  -108.536 206.727 35.4926
v  -109.981 201.403 38.119
v  -104.242 153.448 35.5259
v  -110.807 169.496 37.9454
v  -104.242 153.448 35.5259
v  -106.429 182.463 51.4919
v  -114.154 211.479 -49.0146
v  -117.251 210.466 -48.698
v  -117.251 210.466 -48.698
v  -148.425 200.269 -45.5108
v  -119.434 223.497 -10.4694
v  -148.425 200.269 -45.5108
v  -134.258 173.239 37.6879
v  -128.801 153.797 27.6237
v  -124.714 153.448 28.0759
v  -128.801 153.797 27.6237
v  -118.415 153.448 31.9826
v  -124.714 153.448 28.0759
v  -118.415 153.448 31.9826
v  -120.602 182.463 47.9486
v  -126.901 182.463 44.0419
v  -120.602 182.463 47.9486
v  -78.3892 152.077 -44.0504
v  -119.434 141.43 -10.4694
v  -78.3892 152.077 -44.0504
v  -85.8793 138.01 -5.87295
v  -128.801 153.797 27.6237
v  -148.425 155.475 25.4524
v  -119.434 141.43 -10.4694
v  -148.425 155.475 25.4524
v  -51.5271 147.955 -33.3452
v  -85.8793 138.01 -5.87295
v  -51.5271 147.955 -33.3452
v  -45.1474 147.962 -33.3452
v  -45.1474 147.962 -33.3452
v  -52.1748 135.039 2.47372
v  -88.5825 136.214 67.2906
v  -86.8894 117.973 104.098
v  -87.6713 138.597 68.3336
v  -86.8894 117.973 104.098
v  -81.4256 121.195 105.567
v  -87.6713 138.597 68.3336
v  -81.5416 141.376 69.353
v  -81.4256 121.195 105.567
v  -81.4256 121.195 105.567
v  -71.4403 143.044 69.7154
v  -62.1453 122.213 105.33
v  -71.4403 143.044 69.7154
v  -56.0378 141.951 68.6226
v  -62.1453 122.213 105.33
v  -56.0378 141.951 68.6226
v  -59.2918 148.127 38.7492
v  2.06396 135.039 13.1149
v  -2.54422 150.145 55.534
v  -52.1748 135.039 2.47372
v  2.06396 135.039 13.1149
v  -71.8661 135.703 66.4094
v  -79.1007 134.508 66.1499
v  -73.2792 148.127 31.1298
v  -79.1007 134.508 66.1499
v  -56.0378 141.951 68.6226
v  -71.8661 135.703 66.4094
v  -86.5197 134.581 66.4711
v  -79.1007 134.508 66.1499
v  -88.5825 136.214 67.2906
v  -86.5197 134.581 66.4711
v  108.616 178.904 69.1144
v  106.81 207.536 55.1429
v  64.141 183.52 75.3264
v  108.616 178.904 69.1144
v  106.81 207.536 55.1429
v  63.6953 232 20.2958
v  64.0105 149.239 59.2083
v  64.141 183.52 75.3264
v  -2.54422 150.145 55.534
v  64.0105 149.239 59.2083
v  63.6953 232 20.2958
v  6.67214 223.083 -29.3041
v  2.06396 238.189 13.1149
v  6.67214 223.083 -29.3041
v  -9.39188 273.228 9.02111
v  -4.04192 263.101 11.917
v  -9.39188 273.228 9.02111
v  -25.7738 237.113 4.55485
v  -51.2403 236.471 -2.28917
v  -25.7738 237.113 4.55485
v  2.06396 238.189 13.1149
v  -43.9601 223.083 -39.3967
v  -9.39188 273.228 11.777
v  2.06396 284.252 13.1149
v  2.06396 284.252 13.1149
v  -4.04192 263.101 11.917
v  2.06396 284.252 13.1149
v  -20.8092 279.528 8.62741
v  -9.39188 273.228 9.02111
v  -20.8092 279.528 8.62741
v  -51.2403 236.471 -2.28917
v  -52.1748 255.118 2.47372
v  -43.9601 223.083 -39.3967
v  -40.5575 186.614 -56.7399
v  -78.3892 219.996 -44.0504
v  -40.5575 186.614 -56.7399
v  -78.3892 219.996 -44.0504
v  -75.2867 186.036 -59.864
v  -93.4603 197.933 -54.791
v  -75.2867 186.036 -59.864
v  -103.604 204.573 -51.9595
v  -93.4603 197.933 -54.791
v  -111.531 209.762 -49.7468
v  -103.604 204.573 -51.9595
v  -114.154 211.479 -49.0146
v  -111.531 209.762 -49.7468
v  -148.425 200.269 25.4524
v  -170.369 177.872 40.1493
v  -148.425 177.872 40.1493
v  -170.369 177.872 40.1493
v  -148.425 200.269 25.4524
v  -148.425 209.546 -10.0292
v  -126.901 182.463 47.1612
v  -134.258 173.239 37.6879
v  -134.258 180.894 42.7114
v  -126.901 182.463 47.1612
v  -170.369 161.688 25.4524
v  -148.425 177.872 40.1493
v  -170.369 161.688 25.4524
v  -148.425 155.475 25.4524
v  -148.425 200.269 -45.5108
v  -148.425 209.546 -10.0292
v  -111.531 208.785 34.6461
v  -116.236 206.967 33.1189
v  -116.236 206.967 33.1189
v  -118.415 191.962 41.0714
v  -110.807 169.496 37.9454
v  -108.238 153.898 30.8605
v  -108.238 153.898 30.8605
v  -104.242 153.448 35.5259
v  -119.404 186.096 -61.0088
v  -111.967 182.463 -64.9806
v  -117.251 210.466 -48.698
v  -119.404 186.096 -61.0088
v  -114.154 211.479 -49.0146
v  -111.967 182.463 -64.9806
v  -148.425 200.269 -45.5108
v  -119.404 186.096 -61.0088
v  -134.258 173.239 37.6879
v  -124.714 153.448 31.1952
v  -124.714 153.448 31.1952
v  -128.801 153.797 27.6237
v  -126.901 182.463 44.0419
v  -118.618 208.785 33.465
v  -118.618 208.785 33.465
v  -120.602 182.463 47.9486
v  -78.3892 152.077 -44.0504
v  -114.154 153.448 -49.0146
v  -114.154 153.448 -49.0146
v  -119.434 141.43 -10.4694
v  -78.3892 152.077 -44.0504
v  -70.9319 151.658 -43.0424
v  -70.9319 151.658 -43.0424
v  -68.5538 149.921 -38.3832
v  -68.5538 149.921 -38.3832
v  -51.5271 147.955 -33.3452
v  -119.434 141.43 -10.4694
v  -148.425 146.198 -10.0292
v  -148.425 146.198 -10.0292
v  -148.425 155.475 25.4524
v  -45.1474 147.962 -33.3452
v  -55.7708 133.343 -71.6136
v  -51.5271 147.955 -33.3452
v  -55.7708 133.343 -71.6136
v  -45.1474 147.962 -33.3452
v  -39.9252 148.821 -34.7929
v  -39.9252 148.821 -34.7929
v  2.06396 135.039 13.1149
v  -88.5825 136.214 67.2906
v  -85.3774 117.067 103.563
v  -86.8894 117.973 104.098
v  -85.3774 117.067 103.563
v  -87.6713 138.597 68.3336
v  -86.134 119.398 104.814
v  -86.8894 117.973 104.098
v  -86.134 119.398 104.814
v  -86.134 119.398 104.814
v  -81.4256 121.195 105.567
v  -71.4403 143.044 69.7154
v  -73.7486 122.445 105.915
v  -81.4256 121.195 105.567
v  -73.7486 122.445 105.915
v  -73.7486 122.445 105.915
v  -62.1453 122.213 105.33
v  -62.1453 122.213 105.33
v  -74.2773 118.117 103.669
v  -56.0378 141.951 68.6226
v  -74.2773 118.117 103.669
v  2.06396 135.039 13.1149
v  63.6953 135.039 20.2958
v  63.6953 135.039 20.2958
v  -2.54422 150.145 55.534
v  -71.8661 135.703 66.4094
v  -74.2773 118.117 103.669
v  -79.1007 134.508 66.1499
v  -74.2773 118.117 103.669
v  -79.1007 134.508 66.1499
v  -85.3774 117.067 103.563
v  -86.5197 134.581 66.4711
v  -85.3774 117.067 103.563
v  150.972 200.671 43.9831
v  108.616 178.904 69.1144
v  106.81 207.536 55.1429
v  150.972 200.671 43.9831
v  108.616 178.904 69.1144
v  64.0105 149.239 59.2083
v  63.6953 232 20.2958
v  102.451 219.395 21.4128
v  106.81 207.536 55.1429
v  102.451 219.395 21.4128
v  63.6953 135.039 20.2958
v  64.0105 149.239 59.2083
v  6.67214 223.083 -29.3041
v  63.3801 217.8 -18.6167
v  63.6953 232 20.2958
v  63.3801 217.8 -18.6167
v  -43.9601 223.083 -39.3967
v  6.67214 223.083 -29.3041
v  -9.39188 273.228 9.02111
v  2.06396 284.252 13.1149
v  -43.9601 223.083 -39.3967
v  8.58092 186.614 -46.8746
v  -40.5575 186.614 -56.7399
v  8.58092 186.614 -46.8746
v  -75.2867 186.036 -59.864
v  -40.5575 186.614 -56.7399
v  -75.2867 186.036 -59.864
v  -93.4603 184.266 -62.3991
v  -93.4603 197.933 -54.791
v  -93.4603 184.266 -62.3991
v  -93.4603 184.266 -62.3991
v  -104.787 183.163 -63.9791
v  -103.604 204.573 -51.9595
v  -104.787 183.163 -63.9791
v  -104.787 183.163 -63.9791
v  -111.967 182.463 -64.9806
v  -111.531 209.762 -49.7468
v  -111.967 182.463 -64.9806
v  -170.369 177.872 40.1493
v  -216.582 183.068 9.31063
v  -216.582 183.068 9.31063
v  -148.425 200.269 25.4524
v  -170.369 177.872 40.1493
v  -170.369 161.688 25.4524
v  -216.582 192.345 -10.0292
v  -148.425 200.269 25.4524
v  -216.582 192.345 -10.0292
v  -148.425 209.546 -10.0292
v  -124.714 153.448 31.1952
v  -126.901 182.463 47.1612
v  -124.917 208.785 32.6776
v  -134.258 180.894 42.7114
v  -124.917 208.785 32.6776
v  -126.901 182.463 47.1612
v  -170.369 152.41 -10.0292
v  -148.425 146.198 -10.0292
v  -170.369 161.688 25.4524
v  -170.369 152.41 -10.0292
v  -216.582 192.345 -10.0292
v  -148.425 200.269 -45.5108
v  -111.967 182.463 -64.9806
v  -119.404 181.527 -64.007
v  -119.404 186.096 -61.0088
v  -119.404 181.527 -64.007
v  -114.154 211.479 -52.558
v  -119.404 186.096 -61.0088
v  -114.154 211.479 -52.558
v  -117.251 210.466 -48.698
v  -119.404 181.527 -64.007
v  -148.425 177.872 -60.2077
v  -148.425 177.872 -60.2077
v  -148.425 200.269 -45.5108
v  -118.618 208.785 33.465
v  -122.669 206.326 31.6178
v  -122.669 206.326 31.6178
v  -126.901 182.463 44.0419
v  -111.967 182.463 -64.9806
v  -113.776 158.456 -51.7706
v  -111.967 182.463 -64.9806
v  -104.787 175.966 -60.5051
v  -104.787 175.966 -60.5051
v  -94.3964 166.563 -54.0282
v  -94.3964 166.563 -54.0282
v  -78.3892 152.077 -44.0504
v  -113.776 158.456 -51.7706
v  -114.154 153.448 -49.0146
v  -114.154 153.448 -49.0146
v  -148.425 146.198 -10.0292
v  -75.2867 186.036 -59.864
v  -78.3892 152.077 -44.0504
v  -75.2867 186.036 -59.864
v  -47.348 154.027 -41.6101
v  -54.9793 155.223 -43.0072
v  -47.348 154.027 -41.6101
v  -67.8895 154.027 -43.8387
v  -54.9793 155.223 -43.0072
v  -70.9319 151.658 -43.0424
v  -67.8895 154.027 -43.8387
v  -66.8537 134.936 -73.846
v  -70.9319 151.658 -43.0424
v  -68.5538 149.921 -38.3832
v  -66.8537 134.936 -73.846
v  -55.7708 133.343 -71.6136
v  -68.5538 149.921 -38.3832
v  -45.1474 147.962 -33.3452
v  -36.1789 137.206 -71.0751
v  -55.7708 133.343 -71.6136
v  -36.1789 137.206 -71.0751
v  -36.1789 137.206 -71.0751
v  -39.9252 148.821 -34.7929
v  -39.9252 148.821 -34.7929
v  -34.0144 150.145 -37.4142
v  -34.0144 150.145 -37.4142
v  6.67214 150.145 -29.3041
v  6.67214 150.145 -29.3041
v  2.06396 135.039 13.1149
v  -85.3774 117.067 103.563
v  -80.3038 106.687 126.024
v  -86.8894 117.973 104.098
v  -80.3038 106.687 126.024
v  -86.134 119.398 104.814
v  -80.3038 106.687 126.024
v  -86.134 119.398 104.814
v  -79.8294 107.137 126.906
v  -79.8294 107.137 126.906
v  -81.4256 121.195 105.567
v  -81.4256 121.195 105.567
v  -76.7761 107.029 128.448
v  -76.7761 107.029 128.448
v  -73.7486 122.445 105.915
v  -73.7486 122.445 105.915
v  -71.2807 107.443 128.54
v  -71.2807 107.443 128.54
v  -62.1453 122.213 105.33
v  -62.1453 122.213 105.33
v  -71.8696 105.539 126.641
v  -74.2773 118.117 103.669
v  -71.8696 105.539 126.641
v  63.3801 149.239 -18.6167
v  2.06396 135.039 13.1149
v  63.3801 149.239 -18.6167
v  63.6953 135.039 20.2958
v  -79.1007 134.508 66.1499
v  -79.7756 117.222 103.42
v  -74.2773 118.117 103.669
v  -79.7756 117.222 103.42
v  -85.3774 117.067 103.563
v  -79.7756 117.222 103.42
v  154.009 176.973 55.1111
v  150.972 200.671 43.9831
v  108.616 178.904 69.1144
v  154.009 176.973 55.1111
v  150.972 200.671 43.9831
v  102.451 219.395 21.4128
v  106.81 150.273 55.1429
v  108.616 178.904 69.1144
v  64.0105 149.239 59.2083
v  106.81 150.273 55.1429
v  102.451 219.395 21.4128
v  63.3801 217.8 -18.6167
v  63.6953 135.039 20.2958
v  102.451 138.414 21.4128
v  102.451 138.414 21.4128
v  64.0105 149.239 59.2083
v  63.3801 217.8 -18.6167
v  63.2495 183.52 -34.7347
v  6.67214 223.083 -29.3041
v  63.2495 183.52 -34.7347
v  6.67214 223.083 -29.3041
v  8.58092 186.614 -46.8746
v  8.58092 186.614 -46.8746
v  6.67214 150.145 -29.3041
v  -40.5575 186.614 -56.7399
v  6.67214 150.145 -29.3041
v  -40.5575 186.614 -56.7399
v  -43.7231 152.686 -40.6049
v  -47.348 154.027 -41.6101
v  -43.7231 152.686 -40.6049
v  -94.3964 166.563 -54.0282
v  -93.4603 184.266 -62.3991
v  -85.1953 182.463 -65.768
v  -93.4603 197.933 -54.791
v  -93.4603 184.266 -62.3991
v  -85.1953 182.463 -65.768
v  -104.787 175.966 -60.5051
v  -104.787 183.163 -63.9791
v  -103.604 204.573 -51.9595
v  -95.0378 182.463 -66.9491
v  -95.0378 182.463 -66.9491
v  -104.787 183.163 -63.9791
v  -111.967 182.463 -64.9806
v  -105.493 211.479 -51.7706
v  -111.531 209.762 -49.7468
v  -105.493 211.479 -51.7706
v  -209.177 185.164 53.3301
v  -170.369 177.872 40.1493
v  -216.582 183.068 9.31063
v  -209.177 185.164 53.3301
v  -216.582 192.345 -10.0292
v  -216.582 183.068 9.31063
v  -170.369 177.872 40.1493
v  -183.349 169.955 41.2004
v  -183.349 169.955 41.2004
v  -170.369 161.688 25.4524
v  -126.868 207.079 29.9444
v  -124.917 208.785 32.6776
v  -126.868 207.079 29.9444
v  -134.258 180.894 42.7114
v  -170.369 161.688 -45.5108
v  -170.369 152.41 -10.0292
v  -170.369 161.688 -45.5108
v  -148.425 155.475 -45.5108
v  -148.425 155.475 -45.5108
v  -148.425 146.198 -10.0292
v  -216.727 165.231 25.4524
v  -170.369 152.41 -10.0292
v  -170.369 161.688 25.4524
v  -216.727 165.231 25.4524
v  -216.582 183.068 -29.369
v  -148.425 200.269 -45.5108
v  -216.582 192.345 -10.0292
v  -216.582 183.068 -29.369
v  -119.404 157.19 -50.7294
v  -114.154 153.448 -49.0146
v  -119.404 181.527 -64.007
v  -119.404 157.19 -50.7294
v  -111.967 182.463 -68.5239
v  -119.404 181.527 -64.007
v  -119.404 186.096 -61.0088
v  -111.967 182.463 -68.5239
v  -114.154 211.479 -52.558
v  -111.967 182.463 -68.5239
v  -148.425 177.872 -60.2077
v  -119.404 157.19 -50.7294
v  -148.425 200.269 -45.5108
v  -170.369 177.872 -60.2077
v  -148.425 177.872 -60.2077
v  -170.369 177.872 -60.2077
v  -105.493 153.448 -51.7706
v  -113.776 158.456 -51.7706
v  -103.306 182.463 -67.7365
v  -111.967 182.463 -64.9806
v  -103.306 182.463 -67.7365
v  -105.493 153.448 -51.7706
v  -114.154 153.448 -49.0146
v  -148.425 155.475 -45.5108
v  -47.348 154.027 -41.6101
v  -54.6335 140.829 -75.2874
v  -54.9793 155.223 -43.0072
v  -54.6335 140.829 -75.2874
v  -54.6335 140.829 -75.2874
v  -67.8895 154.027 -43.8387
v  -66.2633 138.821 -75.7523
v  -70.9319 151.658 -43.0424
v  -67.8895 154.027 -43.8387
v  -66.2633 138.821 -75.7523
v  -70.9319 151.658 -43.0424
v  -68.2134 136.997 -75.0713
v  -68.2134 136.997 -75.0713
v  -66.8537 134.936 -73.846
v  -66.8537 134.936 -73.846
v  -55.7708 133.343 -71.6136
v  -55.7708 133.343 -71.6136
v  -49.7947 114.379 -108.483
v  -49.7947 114.379 -108.483
v  -36.1789 137.206 -71.0751
v  -34.0144 150.145 -37.4142
v  -36.1789 137.206 -71.0751
v  -43.7231 152.686 -40.6049
v  -34.0144 150.145 -37.4142
v  6.67214 150.145 -29.3041
v  63.3801 149.239 -18.6167
v  -80.3038 106.687 126.024
v  -79.3031 106.043 125.691
v  -85.3774 117.067 103.563
v  -79.3031 106.043 125.691
v  -80.3038 106.687 126.024
v  -79.8294 107.137 126.906
v  -79.8294 107.137 126.906
v  -76.7761 107.029 128.448
v  -76.7761 107.029 128.448
v  -71.2807 107.443 128.54
v  -62.1453 122.213 105.33
v  -67.4387 106.966 127.825
v  -71.2807 107.443 128.54
v  -67.4387 106.966 127.825
v  -67.4387 106.966 127.825
v  -71.8696 105.539 126.641
v  -71.8696 105.539 126.641
v  -79.7756 117.222 103.42
v  63.3801 149.239 -18.6167
v  98.0915 150.273 -12.3173
v  98.0915 150.273 -12.3173
v  63.6953 135.039 20.2958
v  -79.7756 117.222 103.42
v  -79.3031 106.043 125.691
v  213.692 187.62 18.548
v  154.009 176.973 55.1111
v  150.972 200.671 43.9831
v  213.692 187.62 18.548
v  154.009 176.973 55.1111
v  106.81 150.273 55.1429
v  102.451 219.395 21.4128
v  143.641 210.487 17.1175
v  150.972 200.671 43.9831
v  143.641 210.487 17.1175
v  102.451 138.414 21.4128
v  106.81 150.273 55.1429
v  63.3801 217.8 -18.6167
v  98.0915 207.536 -12.3173
v  102.451 219.395 21.4128
v  98.0915 207.536 -12.3173
v  98.0915 150.273 -12.3173
v  102.451 138.414 21.4128
v  63.3801 217.8 -18.6167
v  96.2858 178.904 -26.2888
v  63.2495 183.52 -34.7347
v  96.2858 178.904 -26.2888
v  8.58092 186.614 -46.8746
v  63.2495 183.52 -34.7347
v  8.58092 186.614 -46.8746
v  63.3801 149.239 -18.6167
v  -44.1933 139.941 -73.4969
v  -43.7231 152.686 -40.6049
v  -47.348 154.027 -41.6101
v  -44.1933 139.941 -73.4969
v  -85.1953 182.463 -65.768
v  -94.3964 166.563 -54.0282
v  -93.4603 197.933 -54.791
v  -87.3824 211.479 -49.8021
v  -87.3824 211.479 -49.8021
v  -85.1953 182.463 -65.768
v  -95.0378 182.463 -66.9491
v  -104.787 175.966 -60.5051
v  -103.604 204.573 -51.9595
v  -97.2249 211.479 -50.9832
v  -97.2249 211.479 -50.9832
v  -95.0378 182.463 -66.9491
v  -105.493 211.479 -51.7706
v  -103.306 182.463 -67.7365
v  -110.225 211.412 -48.9385
v  -111.531 209.762 -49.7468
v  -105.493 211.479 -51.7706
v  -110.225 211.412 -48.9385
v  -188.779 176.896 53.3301
v  -170.369 177.872 40.1493
v  -209.177 185.164 53.3301
v  -188.779 176.896 53.3301
v  -209.177 185.164 53.3301
v  -217.212 181.621 53.3301
v  -216.582 183.068 9.31063
v  -224.617 179.525 9.31063
v  -224.617 179.525 9.31063
v  -217.212 181.621 53.3301
v  -234.796 183.907 -10.0292
v  -216.582 183.068 9.31063
v  -216.582 192.345 -10.0292
v  -234.796 183.907 -10.0292
v  -183.349 169.955 41.2004
v  -188.779 176.896 53.3301
v  -203.129 161.688 33.3264
v  -183.349 169.955 41.2004
v  -170.369 161.688 25.4524
v  -203.129 161.688 33.3264
v  -216.727 165.231 -45.5108
v  -170.369 152.41 -10.0292
v  -170.369 161.688 -45.5108
v  -216.727 165.231 -45.5108
v  -170.369 161.688 -45.5108
v  -148.425 177.872 -60.2077
v  -148.425 177.872 -60.2077
v  -148.425 155.475 -45.5108
v  -216.727 165.231 25.4524
v  -221.55 159.7 -10.0292
v  -221.55 159.7 -10.0292
v  -170.369 152.41 -10.0292
v  -216.727 165.231 25.4524
v  -203.129 161.688 33.3264
v  -170.369 177.872 -60.2077
v  -216.582 183.068 -29.369
v  -234.796 183.907 -10.0292
v  -216.582 183.068 -29.369
v  -119.404 181.527 -64.007
v  -114.154 153.448 -52.558
v  -114.154 153.448 -52.558
v  -119.404 157.19 -50.7294
v  -111.967 182.463 -68.5239
v  -114.154 153.448 -52.558
v  -170.369 177.872 -60.2077
v  -170.369 161.688 -45.5108
v  -54.6335 140.829 -75.2874
v  -44.1933 139.941 -73.4969
v  -66.2633 138.821 -75.7523
v  -54.6335 140.829 -75.2874
v  -68.2134 136.997 -75.0713
v  -66.2633 138.821 -75.7523
v  -68.2134 136.997 -75.0713
v  -58.9861 114.945 -111.626
v  -66.8537 134.936 -73.846
v  -58.9861 114.945 -111.626
v  -58.9861 114.945 -111.626
v  -55.7708 133.343 -71.6136
v  -58.9861 114.945 -111.626
v  -49.7947 114.379 -108.483
v  -36.1789 137.206 -71.0751
v  -33.7643 118.893 -106.251
v  -49.7947 114.379 -108.483
v  -33.7643 118.893 -106.251
v  -36.1789 137.206 -71.0751
v  -43.7231 152.686 -40.6049
v  -79.3031 106.043 125.691
v  -75.6436 105.098 126.418
v  -76.7761 107.029 128.448
v  -75.6436 105.098 126.418
v  -71.8696 105.539 126.641
v  -75.6436 105.098 126.418
v  -79.7756 117.222 103.42
v  -75.6436 105.098 126.418
v  63.2495 183.52 -34.7347
v  63.3801 149.239 -18.6167
v  63.2495 183.52 -34.7347
v  98.0915 150.273 -12.3173
v  216.896 172.867 24.8942
v  213.692 187.62 18.548
v  154.009 176.973 55.1111
v  216.896 172.867 24.8942
v  213.692 187.62 18.548
v  143.641 210.487 17.1175
v  106.81 150.273 55.1429
v  142.026 152.667 46.2438
v  142.026 152.667 46.2438
v  151.2 155.054 44.8183
v  151.2 155.054 44.8183
v  154.009 176.973 55.1111
v  143.641 210.487 17.1175
v  98.0915 207.536 -12.3173
v  102.451 138.414 21.4128
v  143.641 143.459 17.1175
v  143.641 143.459 17.1175
v  106.81 150.273 55.1429
v  98.0915 207.536 -12.3173
v  96.2858 178.904 -26.2888
v  127.495 152.583 -10.3405
v  127.855 151.952 -8.51079
v  127.855 151.952 -8.51079
v  133.295 151.952 -6.97409
v  133.295 151.952 -6.97409
v  102.451 138.414 21.4128
v  98.0915 150.273 -12.3173
v  127.495 152.583 -10.3405
v  96.2858 178.904 -26.2888
v  98.0915 150.273 -12.3173
v  -44.1933 139.941 -73.4969
v  -36.1789 137.206 -71.0751
v  -85.1953 182.463 -65.768
v  -87.3824 153.448 -49.8021
v  -94.3964 166.563 -54.0282
v  -87.3824 153.448 -49.8021
v  -91.9576 210.128 -49.0407
v  -93.4603 197.933 -54.791
v  -91.9576 210.128 -49.0407
v  -87.3824 211.479 -49.8021
v  -104.787 175.966 -60.5051
v  -97.2249 153.448 -50.9832
v  -95.0378 182.463 -66.9491
v  -97.2249 153.448 -50.9832
v  -102.731 208.903 -49.9087
v  -103.604 204.573 -51.9595
v  -102.731 208.903 -49.9087
v  -97.2249 211.479 -50.9832
v  -188.779 176.896 53.3301
v  -192.488 181.621 84.4325
v  -209.177 185.164 53.3301
v  -192.488 181.621 84.4325
v  -192.488 181.621 84.4325
v  -217.212 181.621 53.3301
v  -224.617 179.525 9.31063
v  -234.796 183.907 -10.0292
v  -217.212 181.621 53.3301
v  -217.212 175.715 53.3301
v  -224.617 179.525 9.31063
v  -224.617 173.619 9.31063
v  -224.617 173.619 9.31063
v  -217.212 175.715 53.3301
v  -188.779 176.896 53.3301
v  -188.779 174.141 53.3301
v  -188.779 174.141 53.3301
v  -183.349 169.955 41.2004
v  -199.74 164.919 58.5232
v  -183.349 169.955 41.2004
v  -203.129 161.688 33.3264
v  -199.74 164.919 58.5232
v  -216.727 165.231 -45.5108
v  -221.55 159.7 -10.0292
v  -216.727 165.231 -45.5108
v  -203.129 161.688 -53.3848
v  -170.369 161.688 -45.5108
v  -203.129 161.688 -53.3848
v  -238.051 171.572 -10.0292
v  -216.727 165.231 25.4524
v  -238.051 171.572 -10.0292
v  -221.55 159.7 -10.0292
v  -211.164 166.806 58.5232
v  -203.129 161.688 33.3264
v  -216.727 165.231 25.4524
v  -211.164 166.806 58.5232
v  -209.177 185.164 -73.3885
v  -170.369 177.872 -60.2077
v  -216.582 183.068 -29.369
v  -209.177 185.164 -73.3885
v  -224.617 179.525 -29.369
v  -234.796 183.907 -10.0292
v  -216.582 183.068 -29.369
v  -224.617 179.525 -29.369
v  -170.369 177.872 -60.2077
v  -183.349 169.955 -61.2588
v  -183.349 169.955 -61.2588
v  -170.369 161.688 -45.5108
v  -44.1933 139.941 -73.4969
v  -49.1009 120.637 -111.968
v  -54.6335 140.829 -75.2874
v  -49.1009 120.637 -111.968
v  -54.6335 140.829 -75.2874
v  -58.6259 118.193 -113.434
v  -66.2633 138.821 -75.7523
v  -58.6259 118.193 -113.434
v  -66.2633 138.821 -75.7523
v  -60.1746 116.554 -112.94
v  -68.2134 136.997 -75.0713
v  -60.1746 116.554 -112.94
v  -60.1746 116.554 -112.94
v  -58.9861 114.945 -111.626
v  -58.9861 114.945 -111.626
v  -48.6285 102.509 -134.454
v  -48.6285 102.509 -134.454
v  -49.7947 114.379 -108.483
v  -40.4624 120.61 -109.312
v  -33.7643 118.893 -106.251
v  -36.1789 137.206 -71.0751
v  -40.4624 120.61 -109.312
v  -49.7947 114.379 -108.483
v  -42.2852 102.001 -131.43
v  -42.2852 102.001 -131.43
v  -33.7643 118.893 -106.251
v  311.076 171.095 -43.4159
v  216.896 172.867 24.8942
v  213.692 187.62 18.548
v  311.076 171.095 -43.4159
v  151.2 155.054 44.8183
v  155.74 154.692 42.6024
v  216.896 172.867 24.8942
v  155.74 154.692 42.6024
v  143.641 210.487 17.1175
v  205.957 193.73 3.2269
v  213.692 187.62 18.548
v  205.957 193.73 3.2269
v  143.641 143.459 17.1175
v  150.197 152.237 41.1429
v  141.274 151.747 43.7571
v  150.197 152.237 41.1429
v  142.026 152.667 46.2438
v  141.274 151.747 43.7571
v  151.2 155.054 44.8183
v  149.285 148.625 51.5206
v  142.026 152.667 46.2438
v  149.285 148.625 51.5206
v  98.0915 207.536 -12.3173
v  136.309 200.671 -9.74796
v  143.641 210.487 17.1175
v  136.309 200.671 -9.74796
v  133.295 151.952 -6.97409
v  137.298 151.952 -6.12729
v  137.298 151.952 -6.12729
v  143.641 143.459 17.1175
v  98.0915 207.536 -12.3173
v  133.273 176.973 -20.876
v  96.2858 178.904 -26.2888
v  133.273 176.973 -20.876
v  128.7 149.508 -19.6128
v  127.855 151.952 -8.51079
v  127.495 152.583 -10.3405
v  128.7 149.508 -19.6128
v  129.847 149.271 -17.783
v  133.295 151.952 -6.97409
v  127.855 151.952 -8.51079
v  129.847 149.271 -17.783
v  96.2858 178.904 -26.2888
v  133.415 155.128 -10.9443
v  127.495 152.583 -10.3405
v  133.415 155.128 -10.9443
v  -44.1933 139.941 -73.4969
v  -40.4624 120.61 -109.312
v  -93.3506 155.78 -47.8767
v  -87.3824 153.448 -49.8021
v  -93.3506 155.78 -47.8767
v  -94.3964 166.563 -54.0282
v  -104.787 156.851 -49.818
v  -97.2249 153.448 -50.9832
v  -104.787 156.851 -49.818
v  -104.787 175.966 -60.5051
v  -192.488 181.621 84.4325
v  -181.98 180.44 84.4325
v  -188.779 176.896 53.3301
v  -181.98 180.44 84.4325
v  -217.212 181.621 53.3301
v  -198.669 179.259 84.4325
v  -198.669 179.259 84.4325
v  -192.488 181.621 84.4325
v  -238.051 177.872 -10.0292
v  -234.796 183.907 -10.0292
v  -238.051 177.872 -10.0292
v  -224.617 179.525 9.31063
v  -217.212 181.621 53.3301
v  -199.905 175.715 84.4325
v  -217.212 175.715 53.3301
v  -199.905 175.715 84.4325
v  -224.617 173.619 9.31063
v  -238.051 171.572 -10.0292
v  -238.051 177.872 -10.0292
v  -238.051 171.572 -10.0292
v  -217.212 175.715 53.3301
v  -211.164 166.806 58.5232
v  -216.727 165.231 25.4524
v  -224.617 173.619 9.31063
v  -181.98 180.44 84.4325
v  -188.779 174.141 53.3301
v  -188.779 174.141 53.3301
v  -199.74 164.919 58.5232
v  -211.164 166.806 58.5232
v  -199.74 164.919 58.5232
v  -238.051 171.572 -10.0292
v  -216.727 165.231 -45.5108
v  -211.164 166.806 -78.5816
v  -203.129 161.688 -53.3848
v  -216.727 165.231 -45.5108
v  -211.164 166.806 -78.5816
v  -203.129 161.688 -53.3848
v  -183.349 169.955 -61.2588
v  -188.779 176.896 -73.3885
v  -170.369 177.872 -60.2077
v  -209.177 185.164 -73.3885
v  -188.779 176.896 -73.3885
v  -209.177 185.164 -73.3885
v  -217.212 181.621 -73.3885
v  -224.617 179.525 -29.369
v  -217.212 181.621 -73.3885
v  -238.051 177.872 -10.0292
v  -224.617 179.525 -29.369
v  -183.349 169.955 -61.2588
v  -188.779 176.896 -73.3885
v  -49.1009 120.637 -111.968
v  -40.4624 120.61 -109.312
v  -58.6259 118.193 -113.434
v  -49.1009 120.637 -111.968
v  -60.1746 116.554 -112.94
v  -58.6259 118.193 -113.434
v  -60.1746 116.554 -112.94
v  -48.6285 102.509 -134.454
v  -49.7947 114.379 -108.483
v  -46.5905 102.083 -133.567
v  -48.6285 102.509 -134.454
v  -46.5905 102.083 -133.567
v  -33.7643 118.893 -106.251
v  -35.6695 102.999 -131.254
v  -40.4624 120.61 -109.312
v  -35.6695 102.999 -131.254
v  -46.5905 102.083 -133.567
v  -42.2852 102.001 -131.43
v  -42.2852 102.001 -131.43
v  -35.6695 102.999 -131.254
v  312.047 166.817 -41.4916
v  311.076 171.095 -43.4159
v  216.896 172.867 24.8942
v  312.047 166.817 -41.4916
v  311.076 171.095 -43.4159
v  205.957 193.73 3.2269
v  159.191 148.989 46.8853
v  151.2 155.054 44.8183
v  155.74 154.692 42.6024
v  159.191 148.989 46.8853
v  155.74 154.692 42.6024
v  157.649 153.79 41.2755
v  157.649 153.79 41.2755
v  213.692 158.115 18.548
v  213.692 158.115 18.548
v  216.896 172.867 24.8942
v  205.957 193.73 3.2269
v  136.309 200.671 -9.74796
v  205.957 152.005 3.2269
v  155.74 153.165 40.4488
v  150.197 152.237 41.1429
v  155.74 153.165 40.4488
v  143.641 143.459 17.1175
v  205.957 152.005 3.2269
v  148.533 148.886 49.0339
v  150.197 152.237 41.1429
v  141.274 151.747 43.7571
v  148.533 148.886 49.0339
v  149.285 148.625 51.5206
v  141.274 151.747 43.7571
v  151.2 155.054 44.8183
v  156.55 148.653 49.3479
v  149.285 148.625 51.5206
v  156.55 148.653 49.3479
v  136.309 200.671 -9.74796
v  133.273 176.973 -20.876
v  129.847 149.271 -17.783
v  137.298 151.952 -6.12729
v  137.298 151.952 -6.12729
v  143.783 153.859 -10.0312
v  143.783 153.859 -10.0312
v  198.222 158.115 -12.0942
v  198.222 158.115 -12.0942
v  143.641 143.459 17.1175
v  133.273 176.973 -20.876
v  136.072 155.128 -10.6184
v  133.415 155.128 -10.9443
v  136.072 155.128 -10.6184
v  128.7 149.508 -19.6128
v  129.847 149.271 -17.783
v  133.415 155.128 -10.9443
v  128.7 149.508 -19.6128
v  -192.488 181.621 84.4325
v  -185.686 180.7 90.3353
v  -185.686 180.7 90.3353
v  -181.98 180.44 84.4325
v  -199.905 175.715 84.4325
v  -198.669 179.259 84.4325
v  -198.669 179.259 84.4325
v  -188.77 179.023 92.1988
v  -188.77 179.023 92.1988
v  -192.488 181.621 84.4325
v  -199.905 175.715 84.4325
v  -211.164 166.806 58.5232
v  -224.617 173.619 -29.369
v  -238.051 171.572 -10.0292
v  -224.617 179.525 -29.369
v  -224.617 173.619 -29.369
v  -180.744 176.896 84.4325
v  -181.98 180.44 84.4325
v  -188.779 174.141 53.3301
v  -180.744 176.896 84.4325
v  -180.744 176.896 84.4325
v  -199.74 164.919 58.5232
v  -199.74 164.919 58.5232
v  -193.106 171.385 84.4325
v  -211.164 166.806 58.5232
v  -193.106 171.385 84.4325
v  -216.727 165.231 -45.5108
v  -224.617 173.619 -29.369
v  -203.129 161.688 -53.3848
v  -199.74 164.919 -78.5816
v  -211.164 166.806 -78.5816
v  -199.74 164.919 -78.5816
v  -224.617 173.619 -29.369
v  -217.212 175.715 -73.3885
v  -217.212 175.715 -73.3885
v  -211.164 166.806 -78.5816
v  -199.74 164.919 -78.5816
v  -183.349 169.955 -61.2588
v  -188.779 176.896 -73.3885
v  -192.488 181.621 -104.491
v  -209.177 185.164 -73.3885
v  -192.488 181.621 -104.491
v  -192.488 181.621 -104.491
v  -217.212 181.621 -73.3885
v  -217.212 181.621 -73.3885
v  -217.212 175.715 -73.3885
v  -188.779 174.141 -73.3885
v  -183.349 169.955 -61.2588
v  -188.779 176.896 -73.3885
v  -188.779 174.141 -73.3885
v  -40.4624 120.61 -109.312
v  -41.8073 103.339 -134.915
v  -49.1009 120.637 -111.968
v  -41.8073 103.339 -134.915
v  -49.1009 120.637 -111.968
v  -48.3735 102.969 -136.335
v  -58.6259 118.193 -113.434
v  -48.3735 102.969 -136.335
v  -58.6259 118.193 -113.434
v  -49.4492 102.922 -135.746
v  -60.1746 116.554 -112.94
v  -49.4492 102.922 -135.746
v  -49.4492 102.922 -135.746
v  -48.6285 102.509 -134.454
v  -48.3735 102.969 -136.335
v  -47.6696 102.872 -136.225
v  -46.5905 102.083 -133.567
v  -47.6696 102.872 -136.225
v  -49.4492 102.922 -135.746
v  -48.3735 102.969 -136.335
v  -35.6695 102.999 -131.254
v  -41.8073 103.339 -134.915
v  -47.6696 102.872 -136.225
v  -41.8073 103.339 -134.915
v  328.218 177.057 -63.2746
v  312.047 166.817 -41.4916
v  311.076 171.095 -43.4159
v  328.218 177.057 -63.2746
v  312.047 166.817 -41.4916
v  213.692 158.115 18.548
v  311.076 171.095 -43.4159
v  309.903 171.981 -45.7388
v  309.903 171.981 -45.7388
v  293.455 175.968 -40.4387
v  205.957 193.73 3.2269
v  293.455 175.968 -40.4387
v  156.55 148.653 49.3479
v  159.191 148.989 46.8853
v  157.649 153.79 41.2755
v  159.191 148.989 46.8853
v  155.74 153.165 40.4488
v  157.649 153.79 41.2755
v  205.957 152.005 3.2269
v  213.692 158.115 18.548
v  136.309 200.671 -9.74796
v  198.222 187.62 -12.0942
v  205.957 193.73 3.2269
v  198.222 187.62 -12.0942
v  159.191 148.989 46.8853
v  150.197 152.237 41.1429
v  159.191 148.989 46.8853
v  155.74 153.165 40.4488
v  198.222 158.115 -12.0942
v  205.957 152.005 3.2269
v  148.533 148.886 49.0339
v  159.191 148.989 46.8853
v  149.285 148.625 51.5206
v  148.533 148.886 49.0339
v  156.55 148.653 49.3479
v  159.638 144.693 55.3566
v  149.285 148.625 51.5206
v  159.638 144.693 55.3566
v  136.309 200.671 -9.74796
v  195.018 172.867 -18.4404
v  133.273 176.973 -20.876
v  195.018 172.867 -18.4404
v  142.363 149.61 -17.5256
v  129.847 149.271 -17.783
v  137.298 151.952 -6.12729
v  142.363 149.61 -17.5256
v  143.783 153.859 -10.0312
v  142.363 149.61 -17.5256
v  136.072 155.128 -10.6184
v  143.783 153.859 -10.0312
v  133.273 176.973 -20.876
v  198.222 158.115 -12.0942
v  136.072 155.128 -10.6184
v  128.7 149.508 -19.6128
v  129.847 149.271 -17.783
v  138.161 146.889 -26.4195
v  128.7 149.508 -19.6128
v  138.161 146.889 -26.4195
v  -188.77 179.023 92.1988
v  -185.686 180.7 90.3353
v  -181.98 180.44 84.4325
v  -180.444 179.861 87.1674
v  -185.686 180.7 90.3353
v  -180.444 179.861 87.1674
v  -199.905 175.715 84.4325
v  -189.387 176.508 92.5715
v  -198.669 179.259 84.4325
v  -189.387 176.508 92.5715
v  -189.387 176.508 92.5715
v  -188.77 179.023 92.1988
v  -199.905 175.715 84.4325
v  -193.106 171.385 84.4325
v  -180.744 176.896 84.4325
v  -180.444 179.861 87.1674
v  -186.925 172.566 84.4325
v  -180.744 176.896 84.4325
v  -186.925 172.566 84.4325
v  -199.74 164.919 58.5232
v  -193.106 171.385 84.4325
v  -186.925 172.566 84.4325
v  -199.74 164.919 -78.5816
v  -193.106 171.385 -104.491
v  -211.164 166.806 -78.5816
v  -193.106 171.385 -104.491
v  -199.905 175.715 -104.491
v  -211.164 166.806 -78.5816
v  -217.212 175.715 -73.3885
v  -199.905 175.715 -104.491
v  -188.779 174.141 -73.3885
v  -199.74 164.919 -78.5816
v  -192.488 181.621 -104.491
v  -181.98 180.44 -104.491
v  -188.779 176.896 -73.3885
v  -181.98 180.44 -104.491
v  -198.669 179.259 -104.491
v  -192.488 181.621 -104.491
v  -217.212 181.621 -73.3885
v  -198.669 179.259 -104.491
v  -217.212 181.621 -73.3885
v  -199.905 175.715 -104.491
v  -181.98 180.44 -104.491
v  -188.779 174.141 -73.3885
v  -49.1009 120.637 -111.968
v  -47.6696 102.872 -136.225
v  328.218 177.057 -63.2746
v  329.381 165.89 -62.6137
v  312.047 166.817 -41.4916
v  329.381 165.89 -62.6137
v  319.065 175.007 -53.6757
v  328.218 177.057 -63.2746
v  311.076 171.095 -43.4159
v  319.065 175.007 -53.6757
v  311.076 162.539 -43.4159
v  312.047 166.817 -41.4916
v  213.692 158.115 18.548
v  311.076 162.539 -43.4159
v  319.065 175.007 -53.6757
v  309.903 171.981 -45.7388
v  307.557 182.948 -47.4764
v  309.903 171.981 -45.7388
v  293.455 175.968 -40.4387
v  307.557 182.948 -47.4764
v  293.455 175.968 -40.4387
v  301.593 173.82 -45.7388
v  301.593 173.82 -45.7388
v  198.222 187.62 -12.0942
v  156.55 148.653 49.3479
v  164.436 144.693 53.4668
v  164.436 144.693 53.4668
v  159.191 148.989 46.8853
v  205.957 152.005 3.2269
v  308.73 160.767 -48.0617
v  308.73 160.767 -48.0617
v  213.692 158.115 18.548
v  198.222 187.62 -12.0942
v  195.018 172.867 -18.4404
v  198.222 158.115 -12.0942
v  306.385 162.539 -52.7075
v  306.385 162.539 -52.7075
v  205.957 152.005 3.2269
v  148.533 148.886 49.0339
v  164.436 144.693 53.4668
v  148.533 148.886 49.0339
v  159.638 144.693 55.3566
v  159.638 144.693 55.3566
v  164.436 144.693 53.4668
v  195.018 172.867 -18.4404
v  198.222 158.115 -12.0942
v  145.296 146.873 -25.5406
v  129.847 149.271 -17.783
v  142.363 149.61 -17.5256
v  145.296 146.873 -25.5406
v  136.072 155.128 -10.6184
v  142.363 149.61 -17.5256
v  137.701 150.051 -19.6161
v  128.7 149.508 -19.6128
v  136.072 155.128 -10.6184
v  137.701 150.051 -19.6161
v  145.296 146.873 -25.5406
v  138.161 146.889 -26.4195
v  137.701 150.051 -19.6161
v  138.161 146.889 -26.4195
v  -189.387 176.508 92.5715
v  -185.995 173.434 90.5217
v  -185.995 173.434 90.5217
v  -182.911 174.272 88.6582
v  -182.911 174.272 88.6582
v  -179.827 177.346 86.7947
v  -179.827 177.346 86.7947
v  -180.444 179.861 87.1674
v  -193.106 171.385 84.4325
v  -189.387 176.508 92.5715
v  -180.744 176.896 84.4325
v  -179.827 177.346 86.7947
v  -186.925 172.566 84.4325
v  -179.827 177.346 86.7947
v  -186.925 172.566 84.4325
v  -185.995 173.434 90.5217
v  -193.106 171.385 84.4325
v  -185.995 173.434 90.5217
v  -186.925 172.566 -104.491
v  -199.74 164.919 -78.5816
v  -193.106 171.385 -104.491
v  -186.925 172.566 -104.491
v  -199.905 175.715 -104.491
v  -193.106 171.385 -104.491
v  -180.744 176.896 -104.491
v  -199.74 164.919 -78.5816
v  -188.779 174.141 -73.3885
v  -180.744 176.896 -104.491
v  -192.488 181.621 -104.491
v  -185.686 180.7 -110.394
v  -185.686 180.7 -110.394
v  -181.98 180.44 -104.491
v  -198.669 179.259 -104.491
v  -188.77 179.023 -112.257
v  -188.77 179.023 -112.257
v  -192.488 181.621 -104.491
v  -199.905 175.715 -104.491
v  -198.669 179.259 -104.491
v  -180.744 176.896 -104.491
v  -181.98 180.44 -104.491
v  330.31 168.754 -65.0179
v  328.218 177.057 -63.2746
v  329.381 165.89 -62.6137
v  330.31 168.754 -65.0179
v  329.381 165.89 -62.6137
v  311.076 162.539 -43.4159
v  322.912 206.964 -53.382
v  319.065 175.007 -53.6757
v  322.912 206.964 -53.382
v  328.218 177.057 -63.2746
v  308.73 160.767 -48.0617
v  311.076 162.539 -43.4159
v  322.912 206.964 -53.382
v  309.903 171.981 -45.7388
v  307.557 182.948 -47.4764
v  322.912 206.964 -53.382
v  301.593 173.82 -45.7388
v  307.557 182.948 -47.4764
v  301.593 173.82 -45.7388
v  307.557 171.981 -50.3846
v  307.557 171.981 -50.3846
v  306.385 171.095 -52.7075
v  198.222 187.62 -12.0942
v  306.385 171.095 -52.7075
v  306.385 162.539 -52.7075
v  308.73 160.767 -48.0617
v  198.222 187.62 -12.0942
v  305.413 166.817 -54.6318
v  195.018 172.867 -18.4404
v  305.413 166.817 -54.6318
v  195.018 172.867 -18.4404
v  306.385 162.539 -52.7075
v  137.701 150.051 -19.6161
v  145.296 146.873 -25.5406
v  142.363 149.61 -17.5256
v  137.701 150.051 -19.6161
v  -186.925 172.566 84.4325
v  -182.911 174.272 88.6582
v  -186.925 172.566 -104.491
v  -180.744 176.896 -104.491
v  -193.106 171.385 -104.491
v  -185.995 173.434 -110.58
v  -186.925 172.566 -104.491
v  -185.995 173.434 -110.58
v  -199.905 175.715 -104.491
v  -189.387 176.508 -112.63
v  -193.106 171.385 -104.491
v  -189.387 176.508 -112.63
v  -188.77 179.023 -112.257
v  -185.686 180.7 -110.394
v  -181.98 180.44 -104.491
v  -180.444 179.861 -107.226
v  -185.686 180.7 -110.394
v  -180.444 179.861 -107.226
v  -189.387 176.508 -112.63
v  -188.77 179.023 -112.257
v  -198.669 179.259 -104.491
v  -189.387 176.508 -112.63
v  -180.744 176.896 -104.491
v  -180.444 179.861 -107.226
v  326.914 180.838 -63.7752
v  330.31 168.754 -65.0179
v  326.914 180.838 -63.7752
v  328.218 177.057 -63.2746
v  329.381 165.89 -62.6137
v  332.202 156.67 -67.0726
v  332.202 156.67 -67.0726
v  330.31 168.754 -65.0179
v  311.076 162.539 -43.4159
v  329.381 157.228 -62.6137
v  329.381 157.228 -62.6137
v  329.381 165.89 -62.6137
v  330.786 225.468 -59.2875
v  328.939 190.654 -62.1547
v  322.912 206.964 -53.382
v  330.786 225.468 -59.2875
v  328.939 190.654 -62.1547
v  328.218 177.057 -63.2746
v  323.763 155.368 -59.7084
v  308.73 160.767 -48.0617
v  323.763 155.368 -59.7084
v  311.076 162.539 -43.4159
v  307.557 171.981 -50.3846
v  322.912 206.964 -53.382
v  307.557 182.948 -47.4764
v  307.557 171.981 -50.3846
v  307.557 171.981 -50.3846
v  319.901 174.493 -60.0676
v  319.901 174.493 -60.0676
v  324.729 175.196 -65.2572
v  306.385 171.095 -52.7075
v  324.729 175.196 -65.2572
v  306.385 171.095 -52.7075
v  305.413 166.817 -54.6318
v  306.385 162.539 -52.7075
v  324.729 157.228 -65.2572
v  324.729 157.228 -65.2572
v  308.73 160.767 -48.0617
v  305.413 166.817 -54.6318
v  306.385 162.539 -52.7075
v  -180.744 176.896 -104.491
v  -179.827 177.346 -106.853
v  -186.925 172.566 -104.491
v  -179.827 177.346 -106.853
v  -189.387 176.508 -112.63
v  -185.995 173.434 -110.58
v  -185.995 173.434 -110.58
v  -182.911 174.272 -108.717
v  -186.925 172.566 -104.491
v  -182.911 174.272 -108.717
v  -179.827 177.346 -106.853
v  -180.444 179.861 -107.226
v  -182.911 174.272 -108.717
v  -179.827 177.346 -106.853
v  328.731 156.891 -69.2714
v  330.31 168.754 -65.0179
v  326.914 180.838 -63.7752
v  328.731 156.891 -69.2714
v  325.409 180.838 -64.5872
v  326.914 180.838 -63.7752
v  325.409 180.838 -64.5872
v  326.606 190.777 -63.407
v  328.939 190.654 -62.1547
v  326.606 190.777 -63.407
v  335.022 147.451 -71.5316
v  329.381 157.228 -62.6137
v  332.202 156.67 -67.0726
v  335.022 147.451 -71.5316
v  328.731 156.891 -69.2714
v  332.202 156.67 -67.0726
v  328.218 155.368 -63.2746
v  323.763 155.368 -59.7084
v  328.218 155.368 -63.2746
v  329.381 157.228 -62.6137
v  335.904 235.704 -70.7048
v  328.939 190.654 -62.1547
v  330.786 225.468 -59.2875
v  335.904 235.704 -70.7048
v  330.786 225.468 -59.2875
v  319.901 174.493 -60.0676
v  322.912 206.964 -53.382
v  319.901 174.493 -60.0676
v  323.763 155.368 -59.7084
v  315.423 149.35 -55.9357
v  308.73 160.767 -48.0617
v  315.423 149.35 -55.9357
v  324.729 175.196 -65.2572
v  325.409 180.838 -64.5872
v  326.606 190.777 -63.407
v  330.786 225.468 -59.2875
v  324.729 175.196 -65.2572
v  323.766 166.212 -65.8047
v  306.385 171.095 -52.7075
v  323.766 166.212 -65.8047
v  305.413 166.817 -54.6318
v  323.766 166.212 -65.8047
v  305.413 166.817 -54.6318
v  324.729 157.228 -65.2572
v  324.729 157.228 -65.2572
v  325.436 156.098 -64.8556
v  308.73 160.767 -48.0617
v  325.436 156.098 -64.8556
v  328.731 156.891 -69.2714
v  326.723 171.366 -66.4401
v  326.723 171.366 -66.4401
v  325.409 180.838 -64.5872
v  326.606 190.777 -63.407
v  335.904 235.704 -70.7048
v  335.022 147.451 -71.5316
v  328.218 155.368 -63.2746
v  332.202 156.67 -67.0726
v  333.697 147.569 -72.7382
v  335.022 147.451 -71.5316
v  333.697 147.569 -72.7382
v  333.697 147.569 -72.7382
v  328.731 156.891 -69.2714
v  344.557 136.358 -83.1011
v  335.022 147.451 -71.5316
v  323.763 155.368 -59.7084
v  344.557 136.358 -83.1011
v  315.423 149.35 -55.9357
v  344.557 136.358 -83.1011
v  315.423 149.35 -55.9357
v  325.436 156.098 -64.8556
v  326.723 171.366 -66.4401
v  324.729 175.196 -65.2572
v  323.766 166.212 -65.8047
v  326.723 171.366 -66.4401
v  323.766 166.212 -65.8047
v  324.729 157.228 -65.2572
v  333.697 147.569 -72.7382
v  324.729 157.228 -65.2572
v  325.436 156.098 -64.8556
v  333.697 147.569 -72.7382
v  328.731 156.891 -69.2714
v  323.766 166.212 -65.8047
v  333.697 147.569 -72.7382
v  344.557 136.358 -83.1011

# 0 UV coordinates

# 5480 vertex normals
vn -0.210467 -0.642211 0.737068
vn -0.271291 -0.962474 0.00667173
vn -0.284329 -0.958723 0.00281983
vn -0.210467 -0.642211 0.737068
vn -0.284329 -0.958723 0.00281983
vn -0.0538087 -0.668917 0.741387
vn -0.210467 -0.642211 0.737068
vn -0.287106 -0.586722 0.757183
vn -0.271291 -0.962474 0.00667173
vn -0.284329 -0.958723 0.00281983
vn -0.271291 -0.962474 0.00667173
vn -0.194857 -0.629171 -0.752446
vn -0.0538087 -0.668917 0.741387
vn -0.284329 -0.958723 0.00281983
vn -0.111902 -0.993706 0.00514897
vn -0.0538087 -0.668917 0.741387
vn -0.259374 -0.651072 0.713324
vn -0.210467 -0.642211 0.737068
vn -0.259374 -0.651072 0.713324
vn -0.0538087 -0.668917 0.741387
vn -0.152645 -0.730024 0.666156
vn -0.271291 -0.962474 0.00667173
vn -0.207085 -0.865694 0.45573
vn -0.123981 -0.98959 -0.0730815
vn -0.207085 -0.865694 0.45573
vn -0.271291 -0.962474 0.00667173
vn -0.287106 -0.586722 0.757183
vn -0.210467 -0.642211 0.737068
vn -0.193177 0.0424084 0.980247
vn -0.287106 -0.586722 0.757183
vn -0.271291 -0.962474 0.00667173
vn -0.121588 -0.661193 -0.740298
vn -0.194857 -0.629171 -0.752446
vn -0.121588 -0.661193 -0.740298
vn -0.271291 -0.962474 0.00667173
vn -0.120899 -0.888882 -0.441895
vn -0.120899 -0.888882 -0.441895
vn -0.271291 -0.962474 0.00667173
vn -0.0997055 -0.883792 -0.457132
vn -0.284329 -0.958723 0.00281983
vn -0.301951 -0.903107 0.305326
vn -0.0667896 -0.918684 0.389306
vn -0.580609 -0.800493 0.148676
vn -0.194857 -0.629171 -0.752446
vn -0.789683 -0.398531 -0.466449
vn -0.194857 -0.629171 -0.752446
vn -0.580609 -0.800493 0.148676
vn -0.284329 -0.958723 0.00281983
vn -0.284329 -0.958723 0.00281983
vn -0.580609 -0.800493 0.148676
vn -0.301951 -0.903107 0.305326
vn -0.0538087 -0.668917 0.741387
vn -0.111902 -0.993706 0.00514897
vn 0.126382 -0.669805 0.731702
vn -0.111902 -0.993706 0.00514897
vn -0.0667896 -0.918684 0.389306
vn -0.008648 -0.928608 0.370962
vn -0.0667896 -0.918684 0.389306
vn -0.111902 -0.993706 0.00514897
vn -0.284329 -0.958723 0.00281983
vn 0.100328 -0.0240087 0.994665
vn -0.152645 -0.730024 0.666156
vn -0.0538087 -0.668917 0.741387
vn -0.516432 0.149597 0.84316
vn -0.259374 -0.651072 0.713324
vn -0.152645 -0.730024 0.666156
vn -0.210467 -0.642211 0.737068
vn -0.257476 0.0616733 0.964315
vn -0.193177 0.0424084 0.980247
vn -0.257476 0.0616733 0.964315
vn -0.210467 -0.642211 0.737068
vn -0.416441 -0.578458 0.701401
vn -0.416441 -0.578458 0.701401
vn -0.210467 -0.642211 0.737068
vn -0.259374 -0.651072 0.713324
vn -0.207085 -0.865694 0.45573
vn -0.339552 -0.561152 0.754859
vn -0.175443 -0.98448 -0.00430777
vn -0.339552 -0.561152 0.754859
vn -0.207085 -0.865694 0.45573
vn -0.207085 -0.865694 0.45573
vn -0.339552 -0.561152 0.754859
vn -0.207085 -0.865694 0.45573
vn -0.287106 -0.586722 0.757183
vn -0.133756 -0.990977 0.00858224
vn -0.207085 -0.865694 0.45573
vn -0.123332 -0.989276 -0.0782459
vn -0.207085 -0.865694 0.45573
vn -0.133756 -0.990977 0.00858224
vn -0.207085 -0.865694 0.45573
vn -0.475916 -0.752498 0.455248
vn -0.692399 -0.720063 0.0457489
vn -0.700591 -0.711574 -0.0532457
vn -0.271291 -0.962474 0.00667173
vn -0.123981 -0.98959 -0.0730815
vn -0.0997055 -0.883792 -0.457132
vn -0.193177 0.0424084 0.980247
vn -0.345427 0.0409996 0.93755
vn -0.287106 -0.586722 0.757183
vn -0.0997055 -0.883792 -0.457132
vn -0.123332 -0.989276 -0.0782459
vn -0.120899 -0.888882 -0.441895
vn -0.123332 -0.989276 -0.0782459
vn -0.0997055 -0.883792 -0.457132
vn -0.133756 -0.990977 0.00858224
vn -0.0812742 -0.878874 -0.47008
vn -0.124261 -0.62696 -0.769078
vn -0.121588 -0.661193 -0.740298
vn -0.524828 -0.725833 -0.44466
vn -0.534493 -0.708428 -0.460919
vn -0.526597 -0.719837 -0.452251
vn -0.0837689 0.0327179 -0.995948
vn -0.121588 -0.661193 -0.740298
vn -0.124261 -0.62696 -0.769078
vn -0.121588 -0.661193 -0.740298
vn -0.0837689 0.0327179 -0.995948
vn -0.194857 -0.629171 -0.752446
vn -0.789683 -0.398531 -0.466449
vn -0.748732 -0.267367 0.606561
vn -0.580609 -0.800493 0.148676
vn -0.301951 -0.903107 0.305326
vn -0.580609 -0.800493 0.148676
vn -0.301221 -0.410219 0.860806
vn -0.0667896 -0.918684 0.389306
vn -0.301951 -0.903107 0.305326
vn -0.031617 -0.431005 0.901795
vn -0.194857 -0.629171 -0.752446
vn -0.276533 -0.0721065 -0.958295
vn -0.789683 -0.398531 -0.466449
vn -0.276533 -0.0721065 -0.958295
vn -0.194857 -0.629171 -0.752446
vn -0.043763 0.00244355 -0.999039
vn -0.276533 -0.0721065 -0.958295
vn -0.043763 0.00244355 -0.999039
vn -0.0960406 -0.0162133 -0.995245
vn -0.0960406 -0.0162133 -0.995245
vn -0.043763 0.00244355 -0.999039
vn 0.0915122 -0.0520823 -0.994441
vn 0.126382 -0.669805 0.731702
vn -0.111902 -0.993706 0.00514897
vn 0.0549164 -0.998458 0.00806994
vn 0.126382 -0.669805 0.731702
vn 0.100328 -0.0240087 0.994665
vn -0.0538087 -0.668917 0.741387
vn 0.0993805 -0.415453 0.904169
vn -0.008648 -0.928608 0.370962
vn -0.0667896 -0.918684 0.389306
vn -0.111902 -0.993706 0.00514897
vn 0.154758 -0.664812 -0.730804
vn -0.0881362 -0.67226 -0.73505
vn 0.154758 -0.664812 -0.730804
vn -0.111902 -0.993706 0.00514897
vn -0.008648 -0.928608 0.370962
vn -0.0658279 -0.997829 -0.00219052
vn -0.152645 -0.730024 0.666156
vn 0.100328 -0.0240087 0.994665
vn -0.224239 -0.964654 0.138417
vn -0.516432 0.149597 0.84316
vn -0.152645 -0.730024 0.666156
vn -0.516432 0.149597 0.84316
vn -0.416441 -0.578458 0.701401
vn -0.259374 -0.651072 0.713324
vn -0.516432 0.149597 0.84316
vn -0.257476 0.0616733 0.964315
vn -0.416441 -0.578458 0.701401
vn -0.257476 0.0616733 0.964315
vn -0.0274007 0.672696 0.739412
vn -0.193177 0.0424084 0.980247
vn -0.0274007 0.672696 0.739412
vn -0.257476 0.0616733 0.964315
vn -0.0859895 0.701053 0.707906
vn -0.0274007 0.672696 0.739412
vn -0.0859895 0.701053 0.707906
vn -0.0240507 0.74253 0.669381
vn -0.169625 -0.984711 -0.0396456
vn -0.339552 -0.561152 0.754859
vn -0.114615 -0.991074 -0.0680891
vn -0.339552 -0.561152 0.754859
vn -0.169625 -0.984711 -0.0396456
vn -0.175443 -0.98448 -0.00430777
vn -0.207085 -0.865694 0.45573
vn -0.175443 -0.98448 -0.00430777
vn -0.13441 -0.990822 0.0143264
vn -0.287106 -0.586722 0.757183
vn -0.345427 0.0409996 0.93755
vn -0.339552 -0.561152 0.754859
vn -0.41486 -0.786839 0.456921
vn -0.565947 -0.824352 0.0121838
vn -0.555604 -0.830788 -0.033104
vn -0.481001 -0.738879 0.471906
vn -0.475916 -0.752498 0.455248
vn -0.700591 -0.711574 -0.0532457
vn -0.710511 -0.591843 -0.380652
vn -0.700591 -0.711574 -0.0532457
vn -0.692399 -0.720063 0.0457489
vn -0.193177 0.0424084 0.980247
vn -0.179327 0.665327 0.724695
vn -0.345427 0.0409996 0.93755
vn -0.0812742 -0.878874 -0.47008
vn -0.175443 -0.98448 -0.00430777
vn -0.124261 -0.62696 -0.769078
vn -0.175443 -0.98448 -0.00430777
vn -0.0812742 -0.878874 -0.47008
vn -0.13441 -0.990822 0.0143264
vn -0.565947 -0.824352 0.0121838
vn -0.524828 -0.725833 -0.44466
vn -0.555604 -0.830788 -0.033104
vn -0.555604 -0.830788 -0.033104
vn -0.524828 -0.725833 -0.44466
vn -0.526597 -0.719837 -0.452251
vn -0.0837689 0.0327179 -0.995948
vn -0.124261 -0.62696 -0.769078
vn -0.118895 0.0404249 -0.992084
vn -0.043763 0.00244355 -0.999039
vn -0.194857 -0.629171 -0.752446
vn -0.0837689 0.0327179 -0.995948
vn -0.789683 -0.398531 -0.466449
vn -0.97083 0.125603 -0.204236
vn -0.748732 -0.267367 0.606561
vn -0.301221 -0.410219 0.860806
vn -0.580609 -0.800493 0.148676
vn -0.748732 -0.267367 0.606561
vn -0.301951 -0.903107 0.305326
vn -0.301221 -0.410219 0.860806
vn -0.031617 -0.431005 0.901795
vn 0.0993805 -0.415453 0.904169
vn -0.0667896 -0.918684 0.389306
vn -0.031617 -0.431005 0.901795
vn -0.043763 0.00244355 -0.999039
vn 0.154758 -0.664812 -0.730804
vn 0.0915122 -0.0520823 -0.994441
vn 0.154758 -0.664812 -0.730804
vn -0.043763 0.00244355 -0.999039
vn -0.0881362 -0.67226 -0.73505
vn 0.0915122 -0.0520823 -0.994441
vn 0.267084 0.34545 -0.899628
vn -0.0960406 -0.0162133 -0.995245
vn -0.0960406 -0.0162133 -0.995245
vn -0.385459 0.387644 -0.837349
vn -0.276533 -0.0721065 -0.958295
vn -0.276533 -0.0721065 -0.958295
vn -0.97083 0.125603 -0.204236
vn -0.789683 -0.398531 -0.466449
vn 0.126382 -0.669805 0.731702
vn 0.0549164 -0.998458 0.00806994
vn 0.252453 -0.649095 0.717595
vn -0.111902 -0.993706 0.00514897
vn -0.0881362 -0.67226 -0.73505
vn 0.0549164 -0.998458 0.00806994
vn 0.126382 -0.669805 0.731702
vn 0.197393 -0.00808218 0.980291
vn 0.100328 -0.0240087 0.994665
vn -0.154758 0.664812 0.730804
vn -0.008648 -0.928608 0.370962
vn 0.0993805 -0.415453 0.904169
vn 0.36121 0.931731 -0.0374938
vn 0.100328 -0.0240087 0.994665
vn 0.165961 0.768517 0.617931
vn -0.139431 -0.989146 0.046367
vn -0.152645 -0.730024 0.666156
vn -0.0658279 -0.997829 -0.00219052
vn -0.224239 -0.964654 0.138417
vn -0.152645 -0.730024 0.666156
vn -0.139431 -0.989146 0.046367
vn 0.114079 0.986635 0.116347
vn 0.165961 0.768517 0.617931
vn -0.516432 0.149597 0.84316
vn -0.516432 0.149597 0.84316
vn -0.0859895 0.701053 0.707906
vn -0.257476 0.0616733 0.964315
vn -0.516432 0.149597 0.84316
vn -0.0240507 0.74253 0.669381
vn -0.0859895 0.701053 0.707906
vn -0.0240507 0.74253 0.669381
vn 0.077912 0.662464 0.745031
vn -0.0274007 0.672696 0.739412
vn 0.077912 0.662464 0.745031
vn -0.0240507 0.74253 0.669381
vn 0.0703125 0.716977 0.693542
vn -0.0274007 0.672696 0.739412
vn -0.179327 0.665327 0.724695
vn -0.193177 0.0424084 0.980247
vn -0.339552 -0.561152 0.754859
vn -0.322248 -0.552134 0.768963
vn -0.114615 -0.991074 -0.0680891
vn -0.0595109 -0.843627 -0.533622
vn -0.114615 -0.991074 -0.0680891
vn -0.174404 -0.571127 -0.802121
vn -0.114615 -0.991074 -0.0680891
vn -0.0595109 -0.843627 -0.533622
vn -0.169625 -0.984711 -0.0396456
vn -0.175443 -0.98448 -0.00430777
vn -0.169625 -0.984711 -0.0396456
vn -0.116466 -0.858902 -0.498721
vn -0.345427 0.0409996 0.93755
vn -0.348081 0.00121618 0.937464
vn -0.339552 -0.561152 0.754859
vn -0.423623 -0.774805 0.469276
vn -0.41486 -0.786839 0.456921
vn -0.555604 -0.830788 -0.033104
vn -0.481001 -0.738879 0.471906
vn -0.508362 -0.709518 0.488008
vn -0.475916 -0.752498 0.455248
vn -0.717291 -0.583148 -0.381356
vn -0.700591 -0.711574 -0.0532457
vn -0.710511 -0.591843 -0.380652
vn -0.345427 0.0409996 0.93755
vn -0.298927 0.629647 0.717068
vn -0.265815 0.576695 0.772506
vn -0.298927 0.629647 0.717068
vn -0.345427 0.0409996 0.93755
vn -0.179327 0.665327 0.724695
vn -0.175443 -0.98448 -0.00430777
vn -0.134552 -0.617197 -0.775219
vn -0.124261 -0.62696 -0.769078
vn -0.134552 -0.617197 -0.775219
vn -0.175443 -0.98448 -0.00430777
vn -0.116466 -0.858902 -0.498721
vn -0.527058 -0.849829 3.17599e-16
vn -0.470024 -0.757868 -0.452454
vn -0.470024 -0.757868 -0.452454
vn -0.470024 -0.757868 -0.452454
vn -0.527058 -0.849829 3.17599e-16
vn -0.53319 -0.845896 -0.0129564
vn 0.056806 0.662442 -0.746956
vn -0.0837689 0.0327179 -0.995948
vn -0.118895 0.0404249 -0.992084
vn -0.118895 0.0404249 -0.992084
vn -0.134552 -0.617197 -0.775219
vn -0.174404 -0.571127 -0.802121
vn -0.134552 -0.617197 -0.775219
vn -0.118895 0.0404249 -0.992084
vn -0.124261 -0.62696 -0.769078
vn -0.0449871 0.0204559 -0.998778
vn -0.043763 0.00244355 -0.999039
vn -0.0837689 0.0327179 -0.995948
vn -0.043763 0.00244355 -0.999039
vn -0.0449871 0.0204559 -0.998778
vn 0.0822235 0.0271206 -0.996245
vn -0.97083 0.125603 -0.204236
vn -0.958387 -0.0170008 -0.284966
vn -0.748732 -0.267367 0.606561
vn -0.27532 -0.502285 0.8197
vn -0.301221 -0.410219 0.860806
vn -0.748732 -0.267367 0.606561
vn -0.031617 -0.431005 0.901795
vn -0.301221 -0.410219 0.860806
vn -0.27532 -0.502285 0.8197
vn 0.0993805 -0.415453 0.904169
vn -0.031617 -0.431005 0.901795
vn 0.0565352 -0.519636 0.852516
vn 0.154758 -0.664812 -0.730804
vn 0.396909 0.296866 -0.868524
vn 0.0915122 -0.0520823 -0.994441
vn -1.98374e-05 -0.00722623 -0.999974
vn -0.0881362 -0.67226 -0.73505
vn -0.043763 0.00244355 -0.999039
vn 0.267084 0.34545 -0.899628
vn 0.0662197 0.387174 -0.919626
vn -0.0960406 -0.0162133 -0.995245
vn 0.396909 0.296866 -0.868524
vn 0.267084 0.34545 -0.899628
vn 0.0915122 -0.0520823 -0.994441
vn -0.0960406 -0.0162133 -0.995245
vn 0.0662197 0.387174 -0.919626
vn -0.385459 0.387644 -0.837349
vn -0.276533 -0.0721065 -0.958295
vn -0.385459 0.387644 -0.837349
vn -0.97083 0.125603 -0.204236
vn 0.252453 -0.649095 0.717595
vn 0.0549164 -0.998458 0.00806994
vn 0.217101 -0.976122 -0.00722341
vn 0.252453 -0.649095 0.717595
vn 0.197393 -0.00808218 0.980291
vn 0.126382 -0.669805 0.731702
vn 0.0549164 -0.998458 0.00806994
vn -0.0881362 -0.67226 -0.73505
vn 0.0169258 -0.679085 -0.733864
vn 0.197393 -0.00808218 0.980291
vn 0.158622 0.64728 0.745565
vn 0.100328 -0.0240087 0.994665
vn 0.238261 0.96941 0.0589519
vn 0.36121 0.931731 -0.0374938
vn 0.165961 0.768517 0.617931
vn 0.165961 0.768517 0.617931
vn 0.077912 0.662464 0.745031
vn 0.0703125 0.716977 0.693542
vn 0.077912 0.662464 0.745031
vn 0.165961 0.768517 0.617931
vn 0.100328 -0.0240087 0.994665
vn -0.15201 -0.987644 0.0381006
vn -0.139431 -0.989146 0.046367
vn -0.0658279 -0.997829 -0.00219052
vn -0.15201 -0.987644 0.0381006
vn -0.224239 -0.964654 0.138417
vn -0.139431 -0.989146 0.046367
vn 0.114079 0.986635 0.116347
vn 0.238261 0.96941 0.0589519
vn 0.165961 0.768517 0.617931
vn -0.516432 0.149597 0.84316
vn 0.165961 0.768517 0.617931
vn 0.0703125 0.716977 0.693542
vn -0.516432 0.149597 0.84316
vn 0.0703125 0.716977 0.693542
vn -0.0240507 0.74253 0.669381
vn 0.077912 0.662464 0.745031
vn 0.145058 0.989422 0.00131878
vn -0.0274007 0.672696 0.739412
vn 0.0495547 0.889175 0.454876
vn -0.0274007 0.672696 0.739412
vn 0.103541 0.994489 0.0164718
vn -0.0274007 0.672696 0.739412
vn 0.0495547 0.889175 0.454876
vn 0.0495547 0.889175 0.454876
vn -0.0274007 0.672696 0.739412
vn 0.0495547 0.889175 0.454876
vn 0.0495547 0.889175 0.454876
vn -0.0274007 0.672696 0.739412
vn 0.0495547 0.889175 0.454876
vn -0.179327 0.665327 0.724695
vn -0.322248 -0.552134 0.768963
vn 0.117395 -0.980844 0.155449
vn -0.114615 -0.991074 -0.0680891
vn -0.339552 -0.561152 0.754859
vn -0.348081 0.00121618 0.937464
vn -0.322248 -0.552134 0.768963
vn -0.0595109 -0.843627 -0.533622
vn -0.174404 -0.571127 -0.802121
vn -0.134552 -0.617197 -0.775219
vn -0.532629 -0.845643 0.0345709
vn -0.507728 -0.851063 -0.133806
vn -0.428599 -0.768921 -0.474408
vn -0.114615 -0.991074 -0.0680891
vn -0.0473692 -0.490315 -0.870257
vn -0.174404 -0.571127 -0.802121
vn -0.345427 0.0409996 0.93755
vn -0.265815 0.576695 0.772506
vn -0.348081 0.00121618 0.937464
vn -0.423623 -0.774805 0.469276
vn -0.431592 -0.769615 0.470554
vn -0.41486 -0.786839 0.456921
vn -0.719786 -0.579733 -0.381862
vn -0.717291 -0.583148 -0.381356
vn -0.710511 -0.591843 -0.380652
vn -0.217497 0.848485 0.48246
vn -0.179327 0.665327 0.724695
vn -0.153026 0.986219 0.0628968
vn -0.179327 0.665327 0.724695
vn -0.217497 0.848485 0.48246
vn -0.298927 0.629647 0.717068
vn -0.298927 0.629647 0.717068
vn -0.196026 0.835907 0.512672
vn -0.265815 0.576695 0.772506
vn -0.428599 -0.768921 -0.474408
vn -0.595421 -0.632965 -0.494802
vn -0.559489 -0.669001 -0.489296
vn -0.561655 -0.691324 0.45455
vn -0.53319 -0.845896 -0.0129564
vn -0.527058 -0.849829 3.17599e-16
vn 0.056806 0.662442 -0.746956
vn -0.118895 0.0404249 -0.992084
vn -0.0206509 0.638039 -0.769727
vn -0.0837689 0.0327179 -0.995948
vn -0.185876 0.0931511 -0.978148
vn -0.0449871 0.0204559 -0.998778
vn -0.185876 0.0931511 -0.978148
vn -0.0837689 0.0327179 -0.995948
vn 0.056806 0.662442 -0.746956
vn -0.185876 0.0931511 -0.978148
vn 0.056806 0.662442 -0.746956
vn -0.505765 0.589706 -0.629641
vn -0.118895 0.0404249 -0.992084
vn -0.174404 -0.571127 -0.802121
vn -0.206918 0.00853214 -0.978321
vn 0.0822235 0.0271206 -0.996245
vn -0.0449871 0.0204559 -0.998778
vn -0.0404074 -0.403978 -0.913876
vn 0.0822235 0.0271206 -0.996245
vn -1.98374e-05 -0.00722623 -0.999974
vn -0.043763 0.00244355 -0.999039
vn -1.98374e-05 -0.00722623 -0.999974
vn 0.0822235 0.0271206 -0.996245
vn 0.17733 0.0195333 -0.983958
vn -0.311136 0.375109 -0.873205
vn -0.958387 -0.0170008 -0.284966
vn -0.97083 0.125603 -0.204236
vn -0.748732 -0.267367 0.606561
vn -0.958387 -0.0170008 -0.284966
vn -0.693275 -0.426253 0.581101
vn -0.27532 -0.502285 0.8197
vn -0.748732 -0.267367 0.606561
vn -0.693275 -0.426253 0.581101
vn -0.031617 -0.431005 0.901795
vn -0.27532 -0.502285 0.8197
vn -0.0606905 -0.519967 0.852027
vn 0.0565352 -0.519636 0.852516
vn -0.031617 -0.431005 0.901795
vn -0.0606905 -0.519967 0.852027
vn 0.396909 0.296866 -0.868524
vn 0.343181 0.433313 -0.833347
vn 0.252098 0.445706 -0.858949
vn 0.042973 -0.00841927 -0.999041
vn -0.0881362 -0.67226 -0.73505
vn -1.98374e-05 -0.00722623 -0.999974
vn 0.267084 0.34545 -0.899628
vn 0.252098 0.445706 -0.858949
vn 0.0662197 0.387174 -0.919626
vn 0.396909 0.296866 -0.868524
vn 0.252098 0.445706 -0.858949
vn 0.267084 0.34545 -0.899628
vn 0.0662197 0.387174 -0.919626
vn -0.311136 0.375109 -0.873205
vn -0.385459 0.387644 -0.837349
vn -0.311136 0.375109 -0.873205
vn -0.97083 0.125603 -0.204236
vn -0.385459 0.387644 -0.837349
vn 0.252453 -0.649095 0.717595
vn 0.217101 -0.976122 -0.00722341
vn 0.327278 -0.601926 0.728405
vn 0.0549164 -0.998458 0.00806994
vn 0.0169258 -0.679085 -0.733864
vn 0.217101 -0.976122 -0.00722341
vn 0.252453 -0.649095 0.717595
vn 0.262952 0.0167815 0.964663
vn 0.197393 -0.00808218 0.980291
vn 0.0169258 -0.679085 -0.733864
vn -0.0881362 -0.67226 -0.73505
vn 0.042973 -0.00841927 -0.999041
vn 0.197393 -0.00808218 0.980291
vn 0.250348 0.64411 0.722805
vn 0.158622 0.64728 0.745565
vn 0.158622 0.64728 0.745565
vn 0.077912 0.662464 0.745031
vn 0.100328 -0.0240087 0.994665
vn 0.27116 0.95964 0.0745896
vn 0.36121 0.931731 -0.0374938
vn 0.238261 0.96941 0.0589519
vn 0.27116 0.95964 0.0745896
vn 0.238261 0.96941 0.0589519
vn 0.114079 0.986635 0.116347
vn 0.077912 0.662464 0.745031
vn 0.204914 0.978741 0.00878593
vn 0.145058 0.989422 0.00131878
vn -0.0274007 0.672696 0.739412
vn 0.145058 0.989422 0.00131878
vn 0.103541 0.994489 0.0164718
vn 0.0495547 0.889175 0.454876
vn 0.103541 0.994489 0.0164718
vn 0.138753 0.990307 -0.00627973
vn 0.0495547 0.889175 0.454876
vn 0.131348 0.98901 0.067881
vn 0.138867 0.990283 -0.00748831
vn 0.131348 0.98901 0.067881
vn 0.0495547 0.889175 0.454876
vn 0.0495547 0.889175 0.454876
vn 0.0495547 0.889175 0.454876
vn 0.131461 0.989068 0.0668029
vn 0.121148 0.992256 -0.0274246
vn 0.131461 0.989068 0.0668029
vn 0.0495547 0.889175 0.454876
vn 0.0495547 0.889175 0.454876
vn -0.179327 0.665327 0.724695
vn 0.0495547 0.889175 0.454876
vn -0.153026 0.986219 0.0628968
vn -0.322248 -0.552134 0.768963
vn -0.309102 -0.266564 0.912907
vn 0.117395 -0.980844 0.155449
vn 0.117395 -0.980844 0.155449
vn -0.0473692 -0.490315 -0.870257
vn -0.114615 -0.991074 -0.0680891
vn -0.322248 -0.552134 0.768963
vn -0.348081 0.00121618 0.937464
vn -0.362184 9.11583e-16 0.932107
vn -0.532629 -0.845643 0.0345709
vn -0.428599 -0.768921 -0.474408
vn -0.559489 -0.669001 -0.489296
vn -0.800426 -0.426281 0.421429
vn -0.507728 -0.851063 -0.133806
vn -0.532629 -0.845643 0.0345709
vn -0.206918 0.00853214 -0.978321
vn -0.0473692 -0.490315 -0.870257
vn -0.191311 -1.42954e-15 -0.981529
vn -0.0473692 -0.490315 -0.870257
vn -0.206918 0.00853214 -0.978321
vn -0.174404 -0.571127 -0.802121
vn -0.348081 0.00121618 0.937464
vn -0.265815 0.576695 0.772506
vn -0.362184 9.11583e-16 0.932107
vn -0.217497 0.848485 0.48246
vn -0.153026 0.986219 0.0628968
vn -0.129695 0.991553 -0.000897796
vn -0.563729 0.724858 0.395968
vn -0.775383 0.533433 0.337981
vn -0.743963 0.572566 0.344511
vn -0.265815 0.576695 0.772506
vn -0.138874 0.987363 0.0763382
vn -0.102161 0.994287 -0.0309227
vn -0.138874 0.987363 0.0763382
vn -0.265815 0.576695 0.772506
vn -0.196026 0.835907 0.512672
vn -0.561655 -0.691324 0.45455
vn -0.582893 -0.673765 0.454177
vn -0.53319 -0.845896 -0.0129564
vn -0.0206509 0.638039 -0.769727
vn 0.133907 0.879057 -0.457523
vn 0.056806 0.662442 -0.746956
vn 0.133907 0.879057 -0.457523
vn -0.0206509 0.638039 -0.769727
vn 0.023765 0.875114 -0.483333
vn 0.133907 0.879057 -0.457523
vn 0.023765 0.875114 -0.483333
vn 0.133907 0.879057 -0.457523
vn 0.133907 0.879057 -0.457523
vn 0.023765 0.875114 -0.483333
vn 0.121148 0.992256 -0.0274246
vn -0.0206509 0.638039 -0.769727
vn -0.118895 0.0404249 -0.992084
vn -0.206918 0.00853214 -0.978321
vn 0.056806 0.662442 -0.746956
vn -0.150904 0.969561 0.192822
vn -0.505765 0.589706 -0.629641
vn -0.150904 0.969561 0.192822
vn 0.056806 0.662442 -0.746956
vn 0.103541 0.994489 0.0164718
vn -0.150904 0.969561 0.192822
vn 0.103541 0.994489 0.0164718
vn 0.130806 0.944673 0.300804
vn 0.103541 0.994489 0.0164718
vn 0.277851 0.91721 0.285524
vn 0.130806 0.944673 0.300804
vn -0.59955 -0.276896 -0.750912
vn -0.185876 0.0931511 -0.978148
vn -0.505765 0.589706 -0.629641
vn -0.0449871 0.0204559 -0.998778
vn -0.185876 0.0931511 -0.978148
vn -0.0404074 -0.403978 -0.913876
vn 0.181822 -0.38656 -0.904164
vn 0.0822235 0.0271206 -0.996245
vn -0.0404074 -0.403978 -0.913876
vn 0.181822 -0.38656 -0.904164
vn 0.17733 0.0195333 -0.983958
vn 0.0822235 0.0271206 -0.996245
vn 0.316871 0.591039 -0.741799
vn -1.98374e-05 -0.00722623 -0.999974
vn 0.17733 0.0195333 -0.983958
vn -1.98374e-05 -0.00722623 -0.999974
vn 0.316871 0.591039 -0.741799
vn 0.121644 0.656416 -0.744528
vn -0.811104 -0.309004 -0.496616
vn -0.958387 -0.0170008 -0.284966
vn -0.311136 0.375109 -0.873205
vn -0.958387 -0.0170008 -0.284966
vn -0.811104 -0.309004 -0.496616
vn -0.693275 -0.426253 0.581101
vn -0.596471 -0.80174 0.0378821
vn -0.27532 -0.502285 0.8197
vn -0.693275 -0.426253 0.581101
vn -0.0606905 -0.519967 0.852027
vn -0.27532 -0.502285 0.8197
vn -0.249117 -0.968208 0.0226687
vn 0.0565352 -0.519636 0.852516
vn -0.0606905 -0.519967 0.852027
vn 0.0714562 -0.989553 0.125217
vn 0.343181 0.433313 -0.833347
vn 0.197904 -0.102875 -0.974808
vn 0.252098 0.445706 -0.858949
vn 0.042973 -0.00841927 -0.999041
vn -1.98374e-05 -0.00722623 -0.999974
vn 0.126646 0.662301 -0.738456
vn 0.252098 0.445706 -0.858949
vn 0.0806443 0.442886 -0.892944
vn 0.0662197 0.387174 -0.919626
vn 0.0662197 0.387174 -0.919626
vn 0.0806443 0.442886 -0.892944
vn -0.311136 0.375109 -0.873205
vn 0.327278 -0.601926 0.728405
vn 0.217101 -0.976122 -0.00722341
vn 0.363391 -0.931635 0.00156519
vn 0.327278 -0.601926 0.728405
vn 0.262952 0.0167815 0.964663
vn 0.252453 -0.649095 0.717595
vn 0.217101 -0.976122 -0.00722341
vn 0.0169258 -0.679085 -0.733864
vn 0.146809 -0.655213 -0.741042
vn 0.262952 0.0167815 0.964663
vn 0.250348 0.64411 0.722805
vn 0.197393 -0.00808218 0.980291
vn 0.101839 -0.00228198 -0.994798
vn 0.0169258 -0.679085 -0.733864
vn 0.042973 -0.00841927 -0.999041
vn 0.158622 0.64728 0.745565
vn 0.250348 0.64411 0.722805
vn 0.230992 0.972921 0.00819912
vn 0.158622 0.64728 0.745565
vn 0.204914 0.978741 0.00878593
vn 0.077912 0.662464 0.745031
vn 0.204914 0.978741 0.00878593
vn 0.121644 0.656416 -0.744528
vn 0.145058 0.989422 0.00131878
vn 0.277851 0.91721 0.285524
vn 0.145058 0.989422 0.00131878
vn 0.372498 0.869614 0.324064
vn 0.145058 0.989422 0.00131878
vn 0.277851 0.91721 0.285524
vn 0.103541 0.994489 0.0164718
vn 0.133907 0.879057 -0.457523
vn 0.103541 0.994489 0.0164718
vn 0.056806 0.662442 -0.746956
vn 0.103541 0.994489 0.0164718
vn 0.133907 0.879057 -0.457523
vn 0.138753 0.990307 -0.00627973
vn -0.284579 0.847978 0.447155
vn -0.370072 0.928731 -0.0224727
vn -0.356549 0.928795 0.10106
vn 0.133907 0.879057 -0.457523
vn 0.131348 0.98901 0.067881
vn 0.133907 0.879057 -0.457523
vn 0.131348 0.98901 0.067881
vn 0.133907 0.879057 -0.457523
vn 0.138867 0.990283 -0.00748831
vn -0.333416 0.830965 0.445343
vn -0.294717 0.955584 0.000735646
vn -0.287492 0.956286 0.0535233
vn 0.131461 0.989068 0.0668029
vn 0.133907 0.879057 -0.457523
vn 0.121148 0.992256 -0.0274246
vn -0.380898 0.785993 0.486961
vn -0.311596 0.950159 -0.0103097
vn -0.400742 0.753068 0.521819
vn 0.117395 -0.980844 0.155449
vn -0.309102 -0.266564 0.912907
vn -0.0998078 -0.108401 0.989084
vn -0.322248 -0.552134 0.768963
vn -0.362184 9.11583e-16 0.932107
vn -0.309102 -0.266564 0.912907
vn 0.117395 -0.980844 0.155449
vn 0.404581 -0.514556 -0.756006
vn -0.0473692 -0.490315 -0.870257
vn -0.844145 -0.347924 0.407882
vn -0.507728 -0.851063 -0.133806
vn -0.800426 -0.426281 0.421429
vn -0.16586 0.557453 -0.813472
vn -0.191311 -1.42954e-15 -0.981529
vn -0.0473692 0.490315 -0.870257
vn -0.191311 -1.42954e-15 -0.981529
vn -0.16586 0.557453 -0.813472
vn -0.206918 0.00853214 -0.978321
vn -0.0473692 -0.490315 -0.870257
vn -0.569121 -0.16805 -0.804898
vn -0.191311 -1.42954e-15 -0.981529
vn -0.265815 0.576695 0.772506
vn -0.309102 0.266564 0.912907
vn -0.362184 9.11583e-16 0.932107
vn -0.0859305 0.854551 -0.51221
vn 0.023765 0.875114 -0.483333
vn -0.0206509 0.638039 -0.769727
vn 0.023765 0.875114 -0.483333
vn -0.0859305 0.854551 -0.51221
vn -0.129695 0.991553 -0.000897796
vn 0.023765 0.875114 -0.483333
vn -0.129695 0.991553 -0.000897796
vn -0.153026 0.986219 0.0628968
vn -0.563729 0.724858 0.395968
vn -0.542031 0.839705 0.033152
vn -0.527174 0.849589 0.016906
vn -0.743963 0.572566 0.344511
vn -0.542031 0.839705 0.033152
vn -0.563729 0.724858 0.395968
vn -0.138874 0.987363 0.0763382
vn -0.0859305 0.854551 -0.51221
vn -0.102161 0.994287 -0.0309227
vn -0.265815 0.576695 0.772506
vn -0.102161 0.994287 -0.0309227
vn 0.117395 0.980844 0.155449
vn -0.27103 0.85181 -0.448288
vn -0.303204 0.952926 3.65136e-16
vn -0.27103 0.85181 -0.448288
vn -0.303204 0.952926 3.65136e-16
vn -0.27103 0.85181 -0.448288
vn -0.311596 0.950159 -0.0103097
vn -0.0206509 0.638039 -0.769727
vn -0.206918 0.00853214 -0.978321
vn -0.16586 0.557453 -0.813472
vn 0.277851 0.91721 0.285524
vn 0.00898237 0.448152 0.893912
vn 0.130806 0.944673 0.300804
vn 0.00898237 0.448152 0.893912
vn -0.150904 0.969561 0.192822
vn 0.130806 0.944673 0.300804
vn -0.444128 0.454154 0.77233
vn -0.505765 0.589706 -0.629641
vn -0.150904 0.969561 0.192822
vn -0.98112 0.179803 0.0712327
vn -0.59955 -0.276896 -0.750912
vn -0.505765 0.589706 -0.629641
vn -0.0404074 -0.403978 -0.913876
vn -0.185876 0.0931511 -0.978148
vn -0.59955 -0.276896 -0.750912
vn 0.181822 -0.38656 -0.904164
vn -0.0404074 -0.403978 -0.913876
vn -0.0238831 -0.457005 -0.889144
vn 0.316871 0.591039 -0.741799
vn 0.17733 0.0195333 -0.983958
vn 0.181822 -0.38656 -0.904164
vn 0.372498 0.869614 0.324064
vn 0.121644 0.656416 -0.744528
vn 0.316871 0.591039 -0.741799
vn 0.121644 0.656416 -0.744528
vn 0.372498 0.869614 0.324064
vn 0.145058 0.989422 0.00131878
vn 0.126646 0.662301 -0.738456
vn -1.98374e-05 -0.00722623 -0.999974
vn 0.121644 0.656416 -0.744528
vn -0.35369 -0.037541 -0.934609
vn -0.811104 -0.309004 -0.496616
vn -0.311136 0.375109 -0.873205
vn -0.693275 -0.426253 0.581101
vn -0.811104 -0.309004 -0.496616
vn -0.596471 -0.80174 0.0378821
vn -0.249117 -0.968208 0.0226687
vn -0.27532 -0.502285 0.8197
vn -0.596471 -0.80174 0.0378821
vn 0.0714562 -0.989553 0.125217
vn -0.0606905 -0.519967 0.852027
vn -0.249117 -0.968208 0.0226687
vn 0.0565352 -0.519636 0.852516
vn 0.0714562 -0.989553 0.125217
vn 0.795249 -0.541528 -0.272629
vn 0.343181 0.433313 -0.833347
vn 0.795249 -0.541528 -0.272629
vn 0.197904 -0.102875 -0.974808
vn 0.197904 -0.102875 -0.974808
vn 0.0806443 0.442886 -0.892944
vn 0.252098 0.445706 -0.858949
vn 0.120437 0.656716 -0.744459
vn 0.042973 -0.00841927 -0.999041
vn 0.126646 0.662301 -0.738456
vn -0.35369 -0.037541 -0.934609
vn -0.311136 0.375109 -0.873205
vn 0.0806443 0.442886 -0.892944
vn 0.327278 -0.601926 0.728405
vn 0.363391 -0.931635 0.00156519
vn 0.419128 -0.550996 0.72162
vn 0.217101 -0.976122 -0.00722341
vn 0.146809 -0.655213 -0.741042
vn 0.363391 -0.931635 0.00156519
vn 0.327278 -0.601926 0.728405
vn 0.227932 0.0443155 0.972668
vn 0.262952 0.0167815 0.964663
vn 0.146809 -0.655213 -0.741042
vn 0.0169258 -0.679085 -0.733864
vn 0.101839 -0.00228198 -0.994798
vn 0.262952 0.0167815 0.964663
vn 0.253295 0.664185 0.703349
vn 0.250348 0.64411 0.722805
vn 0.101839 -0.00228198 -0.994798
vn 0.042973 -0.00841927 -0.999041
vn 0.120437 0.656716 -0.744459
vn 0.250348 0.64411 0.722805
vn 0.196283 0.980429 -0.0152084
vn 0.230992 0.972921 0.00819912
vn 0.158622 0.64728 0.745565
vn 0.230992 0.972921 0.00819912
vn 0.204914 0.978741 0.00878593
vn 0.204914 0.978741 0.00878593
vn 0.126646 0.662301 -0.738456
vn 0.121644 0.656416 -0.744528
vn 0.372498 0.869614 0.324064
vn 0.274883 0.400322 0.874175
vn 0.277851 0.91721 0.285524
vn -0.356549 0.928795 0.10106
vn -0.370072 0.928731 -0.0224727
vn -0.34682 0.830466 -0.435939
vn -0.279182 0.853665 0.439675
vn -0.370072 0.928731 -0.0224727
vn -0.284579 0.847978 0.447155
vn -0.287492 0.956286 0.0535233
vn -0.294717 0.955584 0.000735646
vn -0.27912 0.852728 -0.441529
vn -0.352153 0.825028 0.441946
vn -0.294717 0.955584 0.000735646
vn -0.333416 0.830965 0.445343
vn -0.380898 0.785993 0.486961
vn -0.303204 0.952926 3.65136e-16
vn -0.311596 0.950159 -0.0103097
vn -0.380898 0.785993 0.486961
vn -0.400742 0.753068 0.521819
vn -0.40155 0.656033 0.639045
vn 0.117395 -0.980844 0.155449
vn -0.0998078 -0.108401 0.989084
vn 0.782863 -0.283345 0.553933
vn -0.801963 -0.27817 0.528656
vn -0.309102 -0.266564 0.912907
vn -0.764936 -0.361428 0.533145
vn -0.309102 -0.266564 0.912907
vn -0.801963 -0.27817 0.528656
vn -0.0998078 -0.108401 0.989084
vn -0.362184 9.11583e-16 0.932107
vn -0.709211 9.3515e-16 0.704996
vn -0.309102 -0.266564 0.912907
vn 0.117395 -0.980844 0.155449
vn 0.782863 -0.283345 0.553933
vn 0.404581 -0.514556 -0.756006
vn -0.0473692 -0.490315 -0.870257
vn 0.404581 -0.514556 -0.756006
vn -0.0505779 0.00395491 -0.998712
vn -0.191311 -1.42954e-15 -0.981529
vn -0.569121 0.16805 -0.804898
vn -0.0473692 0.490315 -0.870257
vn -0.102161 0.994287 -0.0309227
vn -0.16586 0.557453 -0.813472
vn -0.0473692 0.490315 -0.870257
vn -0.191311 -1.42954e-15 -0.981529
vn -0.569121 -0.16805 -0.804898
vn -0.382302 2.14654e-16 -0.924038
vn -0.0473692 -0.490315 -0.870257
vn -0.0505779 0.00395491 -0.998712
vn -0.569121 -0.16805 -0.804898
vn -0.265815 0.576695 0.772506
vn 0.117395 0.980844 0.155449
vn -0.309102 0.266564 0.912907
vn -0.309102 0.266564 0.912907
vn -0.709211 9.3515e-16 0.704996
vn -0.362184 9.11583e-16 0.932107
vn -0.16586 0.557453 -0.813472
vn -0.0859305 0.854551 -0.51221
vn -0.0206509 0.638039 -0.769727
vn -0.0859305 0.854551 -0.51221
vn -0.16586 0.557453 -0.813472
vn -0.102161 0.994287 -0.0309227
vn -0.527174 0.849589 0.016906
vn -0.521433 0.75161 -0.403969
vn -0.543241 0.737024 -0.4021
vn -0.542031 0.839705 0.033152
vn -0.521433 0.75161 -0.403969
vn -0.527174 0.849589 0.016906
vn -0.102161 0.994287 -0.0309227
vn -0.0473692 0.490315 -0.870257
vn 0.117395 0.980844 0.155449
vn 0.274883 0.400322 0.874175
vn 0.00898237 0.448152 0.893912
vn 0.277851 0.91721 0.285524
vn 0.00898237 0.448152 0.893912
vn -0.444128 0.454154 0.77233
vn -0.150904 0.969561 0.192822
vn -0.444128 0.454154 0.77233
vn -0.98112 0.179803 0.0712327
vn -0.505765 0.589706 -0.629641
vn -0.569755 -0.236762 -0.786971
vn -0.59955 -0.276896 -0.750912
vn -0.98112 0.179803 0.0712327
vn -0.0404074 -0.403978 -0.913876
vn -0.59955 -0.276896 -0.750912
vn -0.569755 -0.236762 -0.786971
vn -0.0238831 -0.457005 -0.889144
vn -0.0404074 -0.403978 -0.913876
vn -0.569755 -0.236762 -0.786971
vn 0.170613 -0.484445 -0.858024
vn 0.181822 -0.38656 -0.904164
vn -0.0238831 -0.457005 -0.889144
vn -0.316871 -0.591039 0.741799
vn 0.393163 0.369134 0.842118
vn 0.372498 0.869614 0.324064
vn -0.35369 -0.037541 -0.934609
vn -0.596471 -0.80174 0.0378821
vn -0.811104 -0.309004 -0.496616
vn -0.596471 -0.80174 0.0378821
vn -0.35369 -0.037541 -0.934609
vn -0.249117 -0.968208 0.0226687
vn -0.249117 -0.968208 0.0226687
vn -0.35369 -0.037541 -0.934609
vn -0.0467339 -0.128982 -0.990545
vn -0.0467339 -0.128982 -0.990545
vn 0.0714562 -0.989553 0.125217
vn -0.249117 -0.968208 0.0226687
vn 0.0714562 -0.989553 0.125217
vn -0.0467339 -0.128982 -0.990545
vn 0.197904 -0.102875 -0.974808
vn 0.0714562 -0.989553 0.125217
vn 0.197904 -0.102875 -0.974808
vn 0.795249 -0.541528 -0.272629
vn 0.197904 -0.102875 -0.974808
vn -0.0467339 -0.128982 -0.990545
vn 0.0806443 0.442886 -0.892944
vn 0.230992 0.972921 0.00819912
vn 0.120437 0.656716 -0.744459
vn 0.126646 0.662301 -0.738456
vn -0.0467339 -0.128982 -0.990545
vn -0.35369 -0.037541 -0.934609
vn 0.0806443 0.442886 -0.892944
vn 0.419128 -0.550996 0.72162
vn 0.363391 -0.931635 0.00156519
vn 0.50322 -0.864157 -0.00144009
vn 0.419128 -0.550996 0.72162
vn 0.227932 0.0443155 0.972668
vn 0.327278 -0.601926 0.728405
vn -0.0982144 -0.809755 -0.57849
vn 0.363391 -0.931635 0.00156519
vn 0.146809 -0.655213 -0.741042
vn 0.363391 -0.931635 0.00156519
vn -0.0982144 -0.809755 -0.57849
vn 0.303994 -0.944841 0.121915
vn 0.227932 0.0443155 0.972668
vn 0.253295 0.664185 0.703349
vn 0.262952 0.0167815 0.964663
vn 0.124963 0.0207593 -0.991944
vn 0.146809 -0.655213 -0.741042
vn 0.101839 -0.00228198 -0.994798
vn 0.250348 0.64411 0.722805
vn 0.253295 0.664185 0.703349
vn 0.196283 0.980429 -0.0152084
vn -0.468767 0.70653 -0.530162
vn 0.101839 -0.00228198 -0.994798
vn 0.120437 0.656716 -0.744459
vn 0.101839 -0.00228198 -0.994798
vn -0.468767 0.70653 -0.530162
vn -0.052388 0.163701 -0.985118
vn 0.101839 -0.00228198 -0.994798
vn -0.052388 0.163701 -0.985118
vn 0.0131707 0.0569368 -0.998291
vn 0.230992 0.972921 0.00819912
vn 0.196283 0.980429 -0.0152084
vn 0.120437 0.656716 -0.744459
vn 0.204914 0.978741 0.00878593
vn 0.230992 0.972921 0.00819912
vn 0.126646 0.662301 -0.738456
vn 0.393163 0.369134 0.842118
vn 0.274883 0.400322 0.874175
vn 0.372498 0.869614 0.324064
vn -0.370072 0.928731 -0.0224727
vn -0.388276 0.79609 -0.464201
vn -0.34682 0.830466 -0.435939
vn -0.279182 0.853665 0.439675
vn -0.284579 0.847978 0.447155
vn -0.271799 0.857094 0.437625
vn -0.294717 0.955584 0.000735646
vn -0.314309 0.831899 -0.457334
vn -0.27912 0.852728 -0.441529
vn -0.352153 0.825028 0.441946
vn -0.333416 0.830965 0.445343
vn -0.371672 0.807786 0.457539
vn 0.782863 -0.283345 0.553933
vn -0.0998078 -0.108401 0.989084
vn -0.106266 -0.183179 0.977319
vn -0.106266 -0.183179 0.977319
vn -0.0998078 -0.108401 0.989084
vn -0.801963 -0.27817 0.528656
vn -0.309102 -0.266564 0.912907
vn -0.709211 9.3515e-16 0.704996
vn -0.764936 -0.361428 0.533145
vn -0.764936 -0.361428 0.533145
vn -0.928423 -0.303424 -0.214394
vn -0.801963 -0.27817 0.528656
vn -0.928423 -0.303424 -0.214394
vn -0.764936 -0.361428 0.533145
vn -0.895305 -0.440121 0.0687224
vn 0.404581 -0.514556 -0.756006
vn 0.782863 -0.283345 0.553933
vn 0.906381 -0.214391 -0.36402
vn 0.404581 -0.514556 -0.756006
vn 0.190679 -0.167384 -0.967277
vn -0.0505779 0.00395491 -0.998712
vn -0.191311 -1.42954e-15 -0.981529
vn -0.382302 2.14654e-16 -0.924038
vn -0.569121 0.16805 -0.804898
vn -0.0473692 0.490315 -0.870257
vn -0.569121 0.16805 -0.804898
vn -0.0505779 -0.00395491 -0.998712
vn -0.569121 -0.16805 -0.804898
vn -0.934895 6.95033e-16 -0.354924
vn -0.382302 2.14654e-16 -0.924038
vn -0.0505779 0.00395491 -0.998712
vn -0.594956 -0.320331 -0.737167
vn -0.569121 -0.16805 -0.804898
vn 0.117395 0.980844 0.155449
vn -0.0998078 0.108401 0.989084
vn -0.309102 0.266564 0.912907
vn -0.309102 0.266564 0.912907
vn -0.764936 0.361428 0.533145
vn -0.709211 9.3515e-16 0.704996
vn 0.117395 0.980844 0.155449
vn -0.0473692 0.490315 -0.870257
vn 0.404581 0.514556 -0.756006
vn 0.274883 0.400322 0.874175
vn 0.0164949 0.530674 0.847416
vn 0.00898237 0.448152 0.893912
vn 0.00898237 0.448152 0.893912
vn -0.445136 0.558841 0.699679
vn -0.444128 0.454154 0.77233
vn -0.953228 0.29923 -0.0426409
vn -0.98112 0.179803 0.0712327
vn -0.444128 0.454154 0.77233
vn -0.953228 0.29923 -0.0426409
vn -0.569755 -0.236762 -0.786971
vn -0.98112 0.179803 0.0712327
vn -0.348137 -0.0513704 -0.936035
vn -0.0238831 -0.457005 -0.889144
vn -0.569755 -0.236762 -0.786971
vn 0.408552 0.448247 0.795085
vn 0.289284 0.486888 0.824169
vn 0.393163 0.369134 0.842118
vn 0.170613 -0.484445 -0.858024
vn -0.0238831 -0.457005 -0.889144
vn 0.0468074 -0.127202 -0.990772
vn 0.419128 -0.550996 0.72162
vn 0.50322 -0.864157 -0.00144009
vn 0.441857 -0.554013 0.705572
vn 0.50322 -0.864157 -0.00144009
vn 0.303994 -0.944841 0.121915
vn 0.509493 -0.853555 0.108907
vn 0.303994 -0.944841 0.121915
vn 0.50322 -0.864157 -0.00144009
vn 0.363391 -0.931635 0.00156519
vn 0.419128 -0.550996 0.72162
vn 0.209799 0.0700956 0.975229
vn 0.227932 0.0443155 0.972668
vn 0.124963 0.0207593 -0.991944
vn 0.00513953 -0.228161 -0.97361
vn 0.146809 -0.655213 -0.741042
vn 0.00513953 -0.228161 -0.97361
vn 0.124963 0.0207593 -0.991944
vn 0.0783161 0.0641723 -0.994861
vn -0.0982144 -0.809755 -0.57849
vn 0.146809 -0.655213 -0.741042
vn 0.00513953 -0.228161 -0.97361
vn 0.303994 -0.944841 0.121915
vn -0.0982144 -0.809755 -0.57849
vn -0.387121 -0.892469 -0.231596
vn 0.227932 0.0443155 0.972668
vn 0.149001 0.68473 0.713403
vn 0.253295 0.664185 0.703349
vn 0.0131707 0.0569368 -0.998291
vn 0.124963 0.0207593 -0.991944
vn 0.101839 -0.00228198 -0.994798
vn 0.124963 0.0207593 -0.991944
vn 0.0131707 0.0569368 -0.998291
vn 0.0969405 0.118916 -0.988161
vn 0.253295 0.664185 0.703349
vn 0.0928025 0.995681 0.00274909
vn 0.196283 0.980429 -0.0152084
vn -0.779929 0.617108 -0.104348
vn -0.052388 0.163701 -0.985118
vn -0.468767 0.70653 -0.530162
vn 0.0131707 0.0569368 -0.998291
vn -0.052388 0.163701 -0.985118
vn -0.224695 -0.174507 -0.958676
vn 0.196283 0.980429 -0.0152084
vn -0.468767 0.70653 -0.530162
vn 0.120437 0.656716 -0.744459
vn -0.468767 0.70653 -0.530162
vn 0.196283 0.980429 -0.0152084
vn 0.022389 0.974005 0.225419
vn 0.393163 0.369134 0.842118
vn 0.289284 0.486888 0.824169
vn 0.274883 0.400322 0.874175
vn -0.34682 0.830466 -0.435939
vn -0.388276 0.79609 -0.464201
vn -0.433232 0.764122 -0.477942
vn -0.27912 0.852728 -0.441529
vn -0.314309 0.831899 -0.457334
vn -0.333794 0.822777 -0.460021
vn 0.561911 0.186423 0.805917
vn 0.782863 -0.283345 0.553933
vn -0.106266 -0.183179 0.977319
vn -0.106266 -0.183179 0.977319
vn -0.801963 -0.27817 0.528656
vn -0.587534 -0.547688 0.595686
vn -0.976252 9.46662e-16 0.216639
vn -0.764936 -0.361428 0.533145
vn -0.709211 9.3515e-16 0.704996
vn -0.928423 -0.303424 -0.214394
vn -0.715992 -0.65254 -0.248088
vn -0.801963 -0.27817 0.528656
vn -0.976252 9.46662e-16 0.216639
vn -0.895305 -0.440121 0.0687224
vn -0.764936 -0.361428 0.533145
vn -0.895305 -0.440121 0.0687224
vn -0.976252 9.46662e-16 0.216639
vn -0.934895 6.95033e-16 -0.354924
vn -0.928423 -0.303424 -0.214394
vn -0.569121 -0.16805 -0.804898
vn -0.594956 -0.320331 -0.737167
vn -0.569121 -0.16805 -0.804898
vn -0.928423 -0.303424 -0.214394
vn -0.895305 -0.440121 0.0687224
vn 0.782863 -0.283345 0.553933
vn 0.561911 0.186423 0.805917
vn 0.906381 -0.214391 -0.36402
vn 0.404581 -0.514556 -0.756006
vn 0.906381 -0.214391 -0.36402
vn 0.190679 -0.167384 -0.967277
vn 0.190679 -0.167384 -0.967277
vn -0.594956 -0.320331 -0.737167
vn -0.0505779 0.00395491 -0.998712
vn -0.569121 0.16805 -0.804898
vn -0.382302 2.14654e-16 -0.924038
vn -0.934895 6.95033e-16 -0.354924
vn -0.0505779 -0.00395491 -0.998712
vn -0.569121 0.16805 -0.804898
vn -0.594956 0.320331 -0.737167
vn -0.0473692 0.490315 -0.870257
vn -0.0505779 -0.00395491 -0.998712
vn 0.404581 0.514556 -0.756006
vn -0.934895 6.95033e-16 -0.354924
vn -0.569121 -0.16805 -0.804898
vn -0.895305 -0.440121 0.0687224
vn 0.117395 0.980844 0.155449
vn 0.782863 0.283345 0.553933
vn -0.0998078 0.108401 0.989084
vn -0.309102 0.266564 0.912907
vn -0.801963 0.27817 0.528656
vn -0.764936 0.361428 0.533145
vn -0.801963 0.27817 0.528656
vn -0.309102 0.266564 0.912907
vn -0.0998078 0.108401 0.989084
vn -0.764936 0.361428 0.533145
vn -0.976252 9.46662e-16 0.216639
vn -0.709211 9.3515e-16 0.704996
vn 0.117395 0.980844 0.155449
vn 0.404581 0.514556 -0.756006
vn 0.782863 0.283345 0.553933
vn 0.289284 0.486888 0.824169
vn 0.0164949 0.530674 0.847416
vn 0.274883 0.400322 0.874175
vn 0.0164949 0.530674 0.847416
vn -0.445136 0.558841 0.699679
vn 0.00898237 0.448152 0.893912
vn -0.445136 0.558841 0.699679
vn -0.953228 0.29923 -0.0426409
vn -0.444128 0.454154 0.77233
vn -0.348137 -0.0513704 -0.936035
vn -0.569755 -0.236762 -0.786971
vn -0.953228 0.29923 -0.0426409
vn -0.105644 -0.03306 -0.993854
vn -0.0238831 -0.457005 -0.889144
vn -0.348137 -0.0513704 -0.936035
vn 0.408552 0.448247 0.795085
vn 0.369099 0.531346 0.762521
vn 0.289284 0.486888 0.824169
vn 0.0468074 -0.127202 -0.990772
vn -0.0238831 -0.457005 -0.889144
vn -0.105644 -0.03306 -0.993854
vn 0.170613 -0.484445 -0.858024
vn 0.0468074 -0.127202 -0.990772
vn 0.131171 -0.344746 -0.929486
vn 0.50322 -0.864157 -0.00144009
vn 0.652584 -0.757429 -0.0208702
vn 0.441857 -0.554013 0.705572
vn 0.441857 -0.554013 0.705572
vn 0.209799 0.0700956 0.975229
vn 0.419128 -0.550996 0.72162
vn 0.961895 0.0889116 -0.258559
vn 0.509493 -0.853555 0.108907
vn 0.303994 -0.944841 0.121915
vn 0.347064 -0.588042 -0.730584
vn 0.509493 -0.853555 0.108907
vn 0.620285 -0.438092 -0.650632
vn 0.509493 -0.853555 0.108907
vn 0.347064 -0.588042 -0.730584
vn 0.50322 -0.864157 -0.00144009
vn 0.209799 0.0700956 0.975229
vn 0.149001 0.68473 0.713403
vn 0.227932 0.0443155 0.972668
vn 0.100707 0.0192408 -0.99473
vn 0.0783161 0.0641723 -0.994861
vn 0.124963 0.0207593 -0.991944
vn 0.0783161 0.0641723 -0.994861
vn 0.100707 0.0192408 -0.99473
vn 0.229251 0.110406 -0.967086
vn 0.0783161 0.0641723 -0.994861
vn -0.239161 0.200002 -0.950159
vn 0.00513953 -0.228161 -0.97361
vn 0.00513953 -0.228161 -0.97361
vn -0.387121 -0.892469 -0.231596
vn -0.0982144 -0.809755 -0.57849
vn 0.303994 -0.944841 0.121915
vn -0.387121 -0.892469 -0.231596
vn 0.25182 -0.52807 0.811005
vn 0.253295 0.664185 0.703349
vn 0.149001 0.68473 0.713403
vn 0.0928025 0.995681 0.00274909
vn 0.0969405 0.118916 -0.988161
vn 0.0131707 0.0569368 -0.998291
vn -0.224695 -0.174507 -0.958676
vn 0.22242 0.665424 -0.712559
vn 0.124963 0.0207593 -0.991944
vn 0.0969405 0.118916 -0.988161
vn 0.124963 0.0207593 -0.991944
vn 0.22242 0.665424 -0.712559
vn -0.0852725 0.657253 -0.74883
vn 0.196283 0.980429 -0.0152084
vn 0.100437 0.96212 0.253452
vn 0.022389 0.974005 0.225419
vn 0.100437 0.96212 0.253452
vn 0.196283 0.980429 -0.0152084
vn 0.0928025 0.995681 0.00274909
vn -0.224695 -0.174507 -0.958676
vn -0.052388 0.163701 -0.985118
vn -0.779929 0.617108 -0.104348
vn 0.022389 0.974005 0.225419
vn -0.779929 0.617108 -0.104348
vn 0.468767 -0.70653 0.530162
vn 0.561911 0.186423 0.805917
vn -0.106266 -0.183179 0.977319
vn 0.293249 -0.649055 0.701949
vn -0.801963 -0.27817 0.528656
vn -0.715992 -0.65254 -0.248088
vn -0.587534 -0.547688 0.595686
vn -0.0433918 -0.884862 0.463829
vn -0.106266 -0.183179 0.977319
vn -0.587534 -0.547688 0.595686
vn -0.928423 -0.303424 -0.214394
vn -0.594956 -0.320331 -0.737167
vn -0.715992 -0.65254 -0.248088
vn -0.764936 0.361428 0.533145
vn -0.934895 6.95033e-16 -0.354924
vn -0.976252 9.46662e-16 0.216639
vn -0.934895 6.95033e-16 -0.354924
vn -0.764936 0.361428 0.533145
vn -0.895305 0.440121 0.0687224
vn 0.906381 -0.214391 -0.36402
vn 0.561911 0.186423 0.805917
vn 0.908957 0.242527 -0.339084
vn 0.908957 0.242527 -0.339084
vn 0.190679 -0.167384 -0.967277
vn 0.906381 -0.214391 -0.36402
vn -0.170073 -0.413149 -0.894641
vn -0.594956 -0.320331 -0.737167
vn 0.190679 -0.167384 -0.967277
vn -0.569121 0.16805 -0.804898
vn -0.934895 6.95033e-16 -0.354924
vn -0.895305 0.440121 0.0687224
vn 0.190679 0.167384 -0.967277
vn -0.0505779 -0.00395491 -0.998712
vn -0.594956 0.320331 -0.737167
vn -0.928423 0.303424 -0.214394
vn -0.569121 0.16805 -0.804898
vn -0.895305 0.440121 0.0687224
vn -0.569121 0.16805 -0.804898
vn -0.928423 0.303424 -0.214394
vn -0.594956 0.320331 -0.737167
vn 0.404581 0.514556 -0.756006
vn -0.0505779 -0.00395491 -0.998712
vn 0.190679 0.167384 -0.967277
vn 0.782863 0.283345 0.553933
vn -0.106266 0.183179 0.977319
vn -0.0998078 0.108401 0.989084
vn -0.106266 0.183179 0.977319
vn -0.801963 0.27817 0.528656
vn -0.0998078 0.108401 0.989084
vn -0.801963 0.27817 0.528656
vn -0.895305 0.440121 0.0687224
vn -0.764936 0.361428 0.533145
vn -0.895305 0.440121 0.0687224
vn -0.801963 0.27817 0.528656
vn -0.928423 0.303424 -0.214394
vn 0.782863 0.283345 0.553933
vn 0.404581 0.514556 -0.756006
vn 0.906381 0.214391 -0.36402
vn 0.289284 0.486888 0.824169
vn 0.190843 0.569831 0.799294
vn 0.0164949 0.530674 0.847416
vn -0.0176705 0.610951 0.791471
vn -0.445136 0.558841 0.699679
vn 0.0164949 0.530674 0.847416
vn -0.704157 0.636814 -0.314056
vn -0.953228 0.29923 -0.0426409
vn -0.445136 0.558841 0.699679
vn -0.348137 -0.0513704 -0.936035
vn -0.953228 0.29923 -0.0426409
vn -0.704157 0.636814 -0.314056
vn -0.0938616 0.248096 -0.964178
vn -0.348137 -0.0513704 -0.936035
vn -0.704157 0.636814 -0.314056
vn -0.348137 -0.0513704 -0.936035
vn -0.0938616 0.248096 -0.964178
vn -0.105644 -0.03306 -0.993854
vn -0.105644 -0.03306 -0.993854
vn -0.0938616 0.248096 -0.964178
vn -0.0153209 0.278809 -0.960225
vn 0.369099 0.531346 0.762521
vn 0.190843 0.569831 0.799294
vn 0.289284 0.486888 0.824169
vn 0.149305 0.336595 -0.929738
vn -0.105644 -0.03306 -0.993854
vn -0.0153209 0.278809 -0.960225
vn -0.105644 -0.03306 -0.993854
vn 0.149305 0.336595 -0.929738
vn 0.0468074 -0.127202 -0.990772
vn 0.0468074 -0.127202 -0.990772
vn 0.149305 0.336595 -0.929738
vn 0.131171 -0.344746 -0.929486
vn 0.964277 -0.202162 0.171173
vn 0.441857 -0.554013 0.705572
vn 0.652584 -0.757429 -0.0208702
vn 0.50322 -0.864157 -0.00144009
vn 0.347064 -0.588042 -0.730584
vn 0.652584 -0.757429 -0.0208702
vn 0.441857 -0.554013 0.705572
vn 0.133099 0.0753029 0.988238
vn 0.209799 0.0700956 0.975229
vn 0.133099 0.0753029 0.988238
vn 0.441857 -0.554013 0.705572
vn 0.307344 -0.64017 0.704076
vn 0.961895 0.0889116 -0.258559
vn 0.303994 -0.944841 0.121915
vn 0.25182 -0.52807 0.811005
vn 0.961895 0.0889116 -0.258559
vn 0.620285 -0.438092 -0.650632
vn 0.509493 -0.853555 0.108907
vn 0.100707 0.0192408 -0.99473
vn 0.620285 -0.438092 -0.650632
vn 0.229251 0.110406 -0.967086
vn 0.620285 -0.438092 -0.650632
vn 0.100707 0.0192408 -0.99473
vn 0.347064 -0.588042 -0.730584
vn 0.209799 0.0700956 0.975229
vn 0.00191395 0.690807 0.723036
vn 0.149001 0.68473 0.713403
vn 0.961895 0.0889116 -0.258559
vn 0.0783161 0.0641723 -0.994861
vn 0.229251 0.110406 -0.967086
vn 0.100707 0.0192408 -0.99473
vn 0.124963 0.0207593 -0.991944
vn -0.0852725 0.657253 -0.74883
vn 0.961895 0.0889116 -0.258559
vn -0.239161 0.200002 -0.950159
vn 0.0783161 0.0641723 -0.994861
vn -0.387121 -0.892469 -0.231596
vn 0.00513953 -0.228161 -0.97361
vn -0.239161 0.200002 -0.950159
vn 0.173602 -0.478133 0.86096
vn 0.25182 -0.52807 0.811005
vn -0.387121 -0.892469 -0.231596
vn 0.149001 0.68473 0.713403
vn -0.124977 0.992158 -0.0019381
vn 0.0928025 0.995681 0.00274909
vn 0.0989617 -0.30398 -0.947524
vn 0.0969405 0.118916 -0.988161
vn -0.224695 -0.174507 -0.958676
vn 0.22242 0.665424 -0.712559
vn 0.0969405 0.118916 -0.988161
vn 0.0989617 -0.30398 -0.947524
vn 0.100437 0.96212 0.253452
vn -0.0852725 0.657253 -0.74883
vn 0.22242 0.665424 -0.712559
vn -0.0852725 0.657253 -0.74883
vn 0.100437 0.96212 0.253452
vn 0.0928025 0.995681 0.00274909
vn 0.100437 0.96212 0.253452
vn -0.779929 0.617108 -0.104348
vn 0.022389 0.974005 0.225419
vn -0.047727 -0.222725 -0.973712
vn -0.224695 -0.174507 -0.958676
vn -0.779929 0.617108 -0.104348
vn 0.293249 -0.649055 0.701949
vn -0.106266 -0.183179 0.977319
vn -0.0433918 -0.884862 0.463829
vn 0.775316 -0.306056 0.552463
vn 0.561911 0.186423 0.805917
vn 0.293249 -0.649055 0.701949
vn -0.587534 -0.547688 0.595686
vn -0.715992 -0.65254 -0.248088
vn -0.153875 -0.966652 -0.204711
vn -0.587534 -0.547688 0.595686
vn -0.153875 -0.966652 -0.204711
vn -0.0433918 -0.884862 0.463829
vn -0.170073 -0.413149 -0.894641
vn -0.715992 -0.65254 -0.248088
vn -0.594956 -0.320331 -0.737167
vn 0.561911 0.186423 0.805917
vn 0.775316 -0.306056 0.552463
vn 0.908957 0.242527 -0.339084
vn 0.908957 0.242527 -0.339084
vn 0.387972 -0.0346007 -0.921021
vn 0.190679 -0.167384 -0.967277
vn 0.387972 -0.0346007 -0.921021
vn -0.170073 -0.413149 -0.894641
vn 0.190679 -0.167384 -0.967277
vn -0.170073 0.413149 -0.894641
vn 0.190679 0.167384 -0.967277
vn -0.594956 0.320331 -0.737167
vn -0.715992 0.65254 -0.248088
vn -0.594956 0.320331 -0.737167
vn -0.928423 0.303424 -0.214394
vn 0.190679 0.167384 -0.967277
vn 0.906381 0.214391 -0.36402
vn 0.404581 0.514556 -0.756006
vn 0.561911 -0.186423 0.805917
vn -0.106266 0.183179 0.977319
vn 0.782863 0.283345 0.553933
vn -0.106266 0.183179 0.977319
vn -0.587534 0.547688 0.595686
vn -0.801963 0.27817 0.528656
vn -0.715992 0.65254 -0.248088
vn -0.928423 0.303424 -0.214394
vn -0.801963 0.27817 0.528656
vn 0.561911 -0.186423 0.805917
vn 0.782863 0.283345 0.553933
vn 0.906381 0.214391 -0.36402
vn 0.190843 0.569831 0.799294
vn 0.136588 0.580063 0.803038
vn 0.0164949 0.530674 0.847416
vn 0.136588 0.580063 0.803038
vn -0.0176705 0.610951 0.791471
vn 0.0164949 0.530674 0.847416
vn -0.0176705 0.610951 0.791471
vn -0.704157 0.636814 -0.314056
vn -0.445136 0.558841 0.699679
vn 0.964277 -0.202162 0.171173
vn 0.652584 -0.757429 -0.0208702
vn 0.824897 -0.562938 0.0514389
vn 0.964277 -0.202162 0.171173
vn 0.647103 -0.716211 0.261341
vn 0.441857 -0.554013 0.705572
vn 0.652584 -0.757429 -0.0208702
vn 0.347064 -0.588042 -0.730584
vn 0.435592 -0.567565 -0.698662
vn 0.647103 -0.716211 0.261341
vn 0.307344 -0.64017 0.704076
vn 0.441857 -0.554013 0.705572
vn 0.18827 -0.962997 0.192851
vn 0.133099 0.0753029 0.988238
vn 0.307344 -0.64017 0.704076
vn 0.209799 0.0700956 0.975229
vn -0.309353 0.699155 0.64458
vn 0.00191395 0.690807 0.723036
vn -0.309353 0.699155 0.64458
vn 0.209799 0.0700956 0.975229
vn 0.133099 0.0753029 0.988238
vn 0.203535 -0.447475 0.870827
vn -0.961895 -0.0889116 0.258559
vn 0.25182 -0.52807 0.811005
vn 0.620285 -0.438092 -0.650632
vn 0.961895 0.0889116 -0.258559
vn 0.229251 0.110406 -0.967086
vn -0.0867912 -0.0608955 -0.994364
vn 0.347064 -0.588042 -0.730584
vn 0.100707 0.0192408 -0.99473
vn 0.149001 0.68473 0.713403
vn 0.00191395 0.690807 0.723036
vn -0.124977 0.992158 -0.0019381
vn -0.371181 0.546313 -0.750844
vn 0.100707 0.0192408 -0.99473
vn -0.0852725 0.657253 -0.74883
vn -0.118185 0.424963 -0.897462
vn -0.239161 0.200002 -0.950159
vn 0.961895 0.0889116 -0.258559
vn -0.157441 0.338682 -0.927635
vn -0.387121 -0.892469 -0.231596
vn -0.239161 0.200002 -0.950159
vn 0.203535 -0.447475 0.870827
vn 0.25182 -0.52807 0.811005
vn 0.173602 -0.478133 0.86096
vn 0.0928025 0.995681 0.00274909
vn -0.124977 0.992158 -0.0019381
vn -0.0852725 0.657253 -0.74883
vn -0.00349031 -0.289044 -0.957309
vn 0.0989617 -0.30398 -0.947524
vn -0.224695 -0.174507 -0.958676
vn -0.22242 -0.665424 0.712559
vn 0.223872 0.375343 0.899444
vn 0.100437 0.96212 0.253452
vn 0.0775051 0.41823 0.905028
vn -0.779929 0.617108 -0.104348
vn 0.100437 0.96212 0.253452
vn -0.00349031 -0.289044 -0.957309
vn -0.224695 -0.174507 -0.958676
vn -0.047727 -0.222725 -0.973712
vn 0.0146114 0.420621 0.907119
vn -0.779929 0.617108 -0.104348
vn 0.0775051 0.41823 0.905028
vn 0.665158 -0.43006 -0.610421
vn -0.153875 -0.966652 -0.204711
vn 0.282777 -0.68615 -0.67025
vn -0.153875 -0.966652 -0.204711
vn 0.665158 -0.43006 -0.610421
vn 0.955642 -0.20699 -0.209533
vn -0.153875 -0.966652 -0.204711
vn 0.955642 -0.20699 -0.209533
vn -0.0433918 -0.884862 0.463829
vn -0.0433918 -0.884862 0.463829
vn 0.955642 -0.20699 -0.209533
vn 0.775316 -0.306056 0.552463
vn -0.0433918 -0.884862 0.463829
vn 0.775316 -0.306056 0.552463
vn 0.293249 -0.649055 0.701949
vn -0.153875 -0.966652 -0.204711
vn -0.715992 -0.65254 -0.248088
vn -0.170073 -0.413149 -0.894641
vn 0.908957 0.242527 -0.339084
vn 0.775316 -0.306056 0.552463
vn 0.955642 -0.20699 -0.209533
vn 0.955642 -0.20699 -0.209533
vn 0.387972 -0.0346007 -0.921021
vn 0.908957 0.242527 -0.339084
vn 0.282777 -0.68615 -0.67025
vn -0.170073 -0.413149 -0.894641
vn 0.387972 -0.0346007 -0.921021
vn 0.387972 0.0346007 -0.921021
vn 0.190679 0.167384 -0.967277
vn -0.170073 0.413149 -0.894641
vn -0.170073 0.413149 -0.894641
vn -0.594956 0.320331 -0.737167
vn -0.715992 0.65254 -0.248088
vn 0.908957 -0.242527 -0.339084
vn 0.906381 0.214391 -0.36402
vn 0.190679 0.167384 -0.967277
vn 0.561911 -0.186423 0.805917
vn 0.293249 0.649055 0.701949
vn -0.106266 0.183179 0.977319
vn -0.0433918 0.884862 0.463829
vn -0.587534 0.547688 0.595686
vn -0.106266 0.183179 0.977319
vn -0.715992 0.65254 -0.248088
vn -0.801963 0.27817 0.528656
vn -0.587534 0.547688 0.595686
vn 0.561911 -0.186423 0.805917
vn 0.906381 0.214391 -0.36402
vn 0.908957 -0.242527 -0.339084
vn 0.944983 0.23762 0.224819
vn 0.964277 -0.202162 0.171173
vn 0.824897 -0.562938 0.0514389
vn 0.824897 -0.562938 0.0514389
vn 0.652584 -0.757429 -0.0208702
vn 0.435592 -0.567565 -0.698662
vn 0.964277 -0.202162 0.171173
vn 0.695484 -0.714327 -0.0777138
vn 0.647103 -0.716211 0.261341
vn 0.435592 -0.567565 -0.698662
vn 0.347064 -0.588042 -0.730584
vn -0.0867912 -0.0608955 -0.994364
vn 0.695484 -0.714327 -0.0777138
vn 0.307344 -0.64017 0.704076
vn 0.647103 -0.716211 0.261341
vn 0.695484 -0.714327 -0.0777138
vn 0.18827 -0.962997 0.192851
vn 0.307344 -0.64017 0.704076
vn -0.585769 0.78546 0.19982
vn -0.309353 0.699155 0.64458
vn 0.133099 0.0753029 0.988238
vn -0.309353 0.699155 0.64458
vn -0.297458 0.608236 0.735913
vn 0.00191395 0.690807 0.723036
vn -0.297458 0.608236 0.735913
vn -0.309353 0.699155 0.64458
vn -0.406563 0.58966 0.697859
vn -0.0867912 -0.0608955 -0.994364
vn 0.100707 0.0192408 -0.99473
vn -0.371181 0.546313 -0.750844
vn 0.00191395 0.690807 0.723036
vn -0.443815 0.895929 0.0184186
vn -0.124977 0.992158 -0.0019381
vn -0.124977 0.992158 -0.0019381
vn -0.371181 0.546313 -0.750844
vn -0.0852725 0.657253 -0.74883
vn -0.118185 0.424963 -0.897462
vn -0.157441 0.338682 -0.927635
vn -0.239161 0.200002 -0.950159
vn 0.111642 0.354758 0.928269
vn 0.0775051 0.41823 0.905028
vn 0.223872 0.375343 0.899444
vn 0.223872 0.375343 0.899444
vn 0.0775051 0.41823 0.905028
vn 0.100437 0.96212 0.253452
vn 0.111642 0.354758 0.928269
vn 0.0146114 0.420621 0.907119
vn 0.0775051 0.41823 0.905028
vn 0.282777 -0.68615 -0.67025
vn -0.153875 -0.966652 -0.204711
vn -0.170073 -0.413149 -0.894641
vn 0.665158 -0.43006 -0.610421
vn 0.282777 -0.68615 -0.67025
vn 0.387972 -0.0346007 -0.921021
vn 0.955642 -0.20699 -0.209533
vn 0.665158 -0.43006 -0.610421
vn 0.387972 -0.0346007 -0.921021
vn 0.908957 -0.242527 -0.339084
vn 0.190679 0.167384 -0.967277
vn 0.387972 0.0346007 -0.921021
vn 0.282777 0.68615 -0.67025
vn 0.387972 0.0346007 -0.921021
vn -0.170073 0.413149 -0.894641
vn -0.153875 0.966652 -0.204711
vn -0.170073 0.413149 -0.894641
vn -0.715992 0.65254 -0.248088
vn 0.293249 0.649055 0.701949
vn -0.0433918 0.884862 0.463829
vn -0.106266 0.183179 0.977319
vn 0.775316 0.306056 0.552463
vn 0.293249 0.649055 0.701949
vn 0.561911 -0.186423 0.805917
vn -0.587534 0.547688 0.595686
vn -0.0433918 0.884862 0.463829
vn -0.153875 0.966652 -0.204711
vn -0.587534 0.547688 0.595686
vn -0.153875 0.966652 -0.204711
vn -0.715992 0.65254 -0.248088
vn 0.775316 0.306056 0.552463
vn 0.561911 -0.186423 0.805917
vn 0.908957 -0.242527 -0.339084
vn 0.944983 0.23762 0.224819
vn 0.49628 0.861357 0.108488
vn 0.964277 -0.202162 0.171173
vn 0.961034 0.113043 0.252261
vn 0.944983 0.23762 0.224819
vn 0.824897 -0.562938 0.0514389
vn 0.824897 -0.562938 0.0514389
vn 0.435592 -0.567565 -0.698662
vn 0.698617 -0.675845 -0.234876
vn 0.964277 -0.202162 0.171173
vn 0.906301 -0.414558 -0.0822161
vn 0.695484 -0.714327 -0.0777138
vn 0.906301 -0.414558 -0.0822161
vn 0.964277 -0.202162 0.171173
vn 0.981695 0.116447 -0.150712
vn 0.536728 -0.721697 -0.437123
vn 0.435592 -0.567565 -0.698662
vn -0.0867912 -0.0608955 -0.994364
vn -0.795617 0.574765 0.191412
vn -0.406563 0.58966 0.697859
vn -0.585769 0.78546 0.19982
vn -0.585769 0.78546 0.19982
vn -0.406563 0.58966 0.697859
vn -0.309353 0.699155 0.64458
vn -0.406563 0.58966 0.697859
vn -0.493273 0.851884 0.175997
vn -0.297458 0.608236 0.735913
vn -0.493273 0.851884 0.175997
vn -0.406563 0.58966 0.697859
vn -0.590994 0.515498 0.620474
vn 0.00191395 0.690807 0.723036
vn -0.297458 0.608236 0.735913
vn -0.443815 0.895929 0.0184186
vn -0.696758 0.617753 -0.364567
vn -0.0867912 -0.0608955 -0.994364
vn -0.371181 0.546313 -0.750844
vn -0.124977 0.992158 -0.0019381
vn -0.443815 0.895929 0.0184186
vn -0.371181 0.546313 -0.750844
vn 0.955642 0.20699 -0.209533
vn 0.908957 -0.242527 -0.339084
vn 0.387972 0.0346007 -0.921021
vn 0.282777 0.68615 -0.67025
vn -0.170073 0.413149 -0.894641
vn -0.153875 0.966652 -0.204711
vn 0.665158 0.43006 -0.610421
vn 0.387972 0.0346007 -0.921021
vn 0.282777 0.68615 -0.67025
vn -0.153875 0.966652 -0.204711
vn 0.665158 0.43006 -0.610421
vn 0.282777 0.68615 -0.67025
vn 0.665158 0.43006 -0.610421
vn -0.153875 0.966652 -0.204711
vn 0.955642 0.20699 -0.209533
vn 0.955642 0.20699 -0.209533
vn -0.153875 0.966652 -0.204711
vn -0.0433918 0.884862 0.463829
vn 0.955642 0.20699 -0.209533
vn -0.0433918 0.884862 0.463829
vn 0.775316 0.306056 0.552463
vn 0.775316 0.306056 0.552463
vn -0.0433918 0.884862 0.463829
vn 0.293249 0.649055 0.701949
vn 0.775316 0.306056 0.552463
vn 0.908957 -0.242527 -0.339084
vn 0.955642 0.20699 -0.209533
vn 0.49628 0.861357 0.108488
vn 0.944983 0.23762 0.224819
vn -0.178996 0.972928 0.146189
vn -0.21574 0.974742 0.0577509
vn 0.49628 0.861357 0.108488
vn -0.196059 0.961191 0.194096
vn 0.49628 0.861357 0.108488
vn -0.21574 0.974742 0.0577509
vn 0.981695 0.116447 -0.150712
vn 0.981695 0.116447 -0.150712
vn 0.964277 -0.202162 0.171173
vn 0.49628 0.861357 0.108488
vn 0.931508 -0.24242 0.271157
vn 0.824897 -0.562938 0.0514389
vn 0.698617 -0.675845 -0.234876
vn 0.824897 -0.562938 0.0514389
vn 0.931508 -0.24242 0.271157
vn 0.961034 0.113043 0.252261
vn 0.944983 0.23762 0.224819
vn 0.961034 0.113043 0.252261
vn -0.178996 0.972928 0.146189
vn 0.698617 -0.675845 -0.234876
vn 0.536728 -0.721697 -0.437123
vn 0.510302 -0.74384 -0.431618
vn 0.536728 -0.721697 -0.437123
vn 0.698617 -0.675845 -0.234876
vn 0.435592 -0.567565 -0.698662
vn 0.235144 0.372569 0.897719
vn 0.906301 -0.414558 -0.0822161
vn 0.981695 0.116447 -0.150712
vn -0.590994 0.515498 0.620474
vn -0.795617 0.574765 0.191412
vn -0.926278 0.343302 0.155412
vn -0.0867912 -0.0608955 -0.994364
vn 0.550501 -0.790961 -0.267077
vn 0.536728 -0.721697 -0.437123
vn -0.795617 0.574765 0.191412
vn -0.590994 0.515498 0.620474
vn -0.406563 0.58966 0.697859
vn -0.21574 0.974742 0.0577509
vn -0.590994 0.515498 0.620474
vn -0.926278 0.343302 0.155412
vn -0.590994 0.515498 0.620474
vn -0.21574 0.974742 0.0577509
vn -0.493273 0.851884 0.175997
vn -0.493273 0.851884 0.175997
vn -0.21574 0.974742 0.0577509
vn -0.196059 0.961191 0.194096
vn -0.493273 0.851884 0.175997
vn -0.505865 0.861232 0.0487933
vn -0.297458 0.608236 0.735913
vn -0.297458 0.608236 0.735913
vn -0.505865 0.861232 0.0487933
vn -0.443815 0.895929 0.0184186
vn -0.443815 0.895929 0.0184186
vn -0.696758 0.617753 -0.364567
vn -0.371181 0.546313 -0.750844
vn -0.696758 0.617753 -0.364567
vn -0.775789 0.536409 -0.33229
vn -0.0867912 -0.0608955 -0.994364
vn 0.955642 0.20699 -0.209533
vn 0.387972 0.0346007 -0.921021
vn 0.665158 0.43006 -0.610421
vn 0.0529953 0.981015 0.186548
vn 0.49628 0.861357 0.108488
vn -0.178996 0.972928 0.146189
vn 0.49628 0.861357 0.108488
vn 0.0529953 0.981015 0.186548
vn -0.196059 0.961191 0.194096
vn 0.235144 0.372569 0.897719
vn 0.981695 0.116447 -0.150712
vn -0.21574 0.974742 0.0577509
vn 0.698617 -0.675845 -0.234876
vn 0.510302 -0.74384 -0.431618
vn 0.931508 -0.24242 0.271157
vn 0.961034 0.113043 0.252261
vn 0.931508 -0.24242 0.271157
vn -0.151509 0.89041 0.429204
vn -0.178996 0.972928 0.146189
vn 0.961034 0.113043 0.252261
vn -0.151509 0.89041 0.429204
vn 0.931508 -0.24242 0.271157
vn 0.536728 -0.721697 -0.437123
vn 0.603325 0.616515 -0.505873
vn 0.536728 -0.721697 -0.437123
vn 0.931508 -0.24242 0.271157
vn 0.510302 -0.74384 -0.431618
vn 0.235144 0.372569 0.897719
vn -0.21574 0.974742 0.0577509
vn -0.926278 0.343302 0.155412
vn 0.536728 -0.721697 -0.437123
vn 0.550501 -0.790961 -0.267077
vn 0.603325 0.616515 -0.505873
vn 0.0867912 0.0608955 0.994364
vn -0.775789 0.536409 -0.33229
vn -0.688911 0.721617 0.0683364
vn -0.196059 0.961191 0.194096
vn 0.0529953 0.981015 0.186548
vn -0.493273 0.851884 0.175997
vn -0.493273 0.851884 0.175997
vn 0.0529953 0.981015 0.186548
vn -0.505865 0.861232 0.0487933
vn -0.443815 0.895929 0.0184186
vn -0.505865 0.861232 0.0487933
vn -0.696758 0.617753 -0.364567
vn -0.151509 0.89041 0.429204
vn -0.775789 0.536409 -0.33229
vn -0.696758 0.617753 -0.364567
vn 0.0529953 0.981015 0.186548
vn -0.178996 0.972928 0.146189
vn -0.505865 0.861232 0.0487933
vn 0.603325 0.616515 -0.505873
vn -0.151509 0.89041 0.429204
vn 0.931508 -0.24242 0.271157
vn -0.505865 0.861232 0.0487933
vn -0.151509 0.89041 0.429204
vn -0.696758 0.617753 -0.364567
vn -0.151509 0.89041 0.429204
vn -0.505865 0.861232 0.0487933
vn -0.178996 0.972928 0.146189
vn -0.688911 0.721617 0.0683364
vn -0.151509 0.89041 0.429204
vn 0.603325 0.616515 -0.505873
vn -0.151509 0.89041 0.429204
vn -0.688911 0.721617 0.0683364
vn -0.775789 0.536409 -0.33229
vn 0.284329 0.958723 -0.00281983
vn 0.271291 0.962474 -0.00667173
vn 0.210467 0.642211 -0.737068
vn 0.0538087 0.668917 -0.741387
vn 0.284329 0.958723 -0.00281983
vn 0.210467 0.642211 -0.737068
vn 0.271291 0.962474 -0.00667173
vn 0.287106 0.586722 -0.757183
vn 0.210467 0.642211 -0.737068
vn 0.194857 0.629171 0.752446
vn 0.271291 0.962474 -0.00667173
vn 0.284329 0.958723 -0.00281983
vn 0.111902 0.993706 -0.00514897
vn 0.284329 0.958723 -0.00281983
vn 0.0538087 0.668917 -0.741387
vn 0.152645 0.730024 -0.666156
vn 0.0538087 0.668917 -0.741387
vn 0.259374 0.651072 -0.713324
vn 0.210467 0.642211 -0.737068
vn 0.259374 0.651072 -0.713324
vn 0.0538087 0.668917 -0.741387
vn 0.287106 0.586722 -0.757183
vn 0.271291 0.962474 -0.00667173
vn 0.207085 0.865694 -0.45573
vn 0.123981 0.98959 0.0730815
vn 0.207085 0.865694 -0.45573
vn 0.271291 0.962474 -0.00667173
vn 0.287106 0.586722 -0.757183
vn 0.193177 -0.0424084 -0.980247
vn 0.210467 0.642211 -0.737068
vn 0.0997055 0.883792 0.457132
vn 0.271291 0.962474 -0.00667173
vn 0.120899 0.888882 0.441895
vn 0.120899 0.888882 0.441895
vn 0.271291 0.962474 -0.00667173
vn 0.121588 0.661193 0.740298
vn 0.194857 0.629171 0.752446
vn 0.121588 0.661193 0.740298
vn 0.271291 0.962474 -0.00667173
vn 0.301951 0.903107 -0.305326
vn 0.580609 0.800493 -0.148676
vn 0.284329 0.958723 -0.00281983
vn 0.284329 0.958723 -0.00281983
vn 0.580609 0.800493 -0.148676
vn 0.194857 0.629171 0.752446
vn 0.789683 0.398531 0.466449
vn 0.194857 0.629171 0.752446
vn 0.580609 0.800493 -0.148676
vn 0.0667896 0.918684 -0.389306
vn 0.301951 0.903107 -0.305326
vn 0.284329 0.958723 -0.00281983
vn -0.126382 0.669805 -0.731702
vn 0.111902 0.993706 -0.00514897
vn 0.0538087 0.668917 -0.741387
vn 0.284329 0.958723 -0.00281983
vn 0.111902 0.993706 -0.00514897
vn 0.0667896 0.918684 -0.389306
vn 0.008648 0.928608 -0.370962
vn 0.0667896 0.918684 -0.389306
vn 0.111902 0.993706 -0.00514897
vn 0.0538087 0.668917 -0.741387
vn 0.152645 0.730024 -0.666156
vn -0.100328 0.0240087 -0.994665
vn 0.152645 0.730024 -0.666156
vn 0.259374 0.651072 -0.713324
vn 0.516432 -0.149597 -0.84316
vn 0.259374 0.651072 -0.713324
vn 0.210467 0.642211 -0.737068
vn 0.416441 0.578458 -0.701401
vn 0.416441 0.578458 -0.701401
vn 0.210467 0.642211 -0.737068
vn 0.257476 -0.0616733 -0.964315
vn 0.193177 -0.0424084 -0.980247
vn 0.257476 -0.0616733 -0.964315
vn 0.210467 0.642211 -0.737068
vn 0.287106 0.586722 -0.757183
vn 0.207085 0.865694 -0.45573
vn 0.339552 0.561152 -0.754859
vn 0.207085 0.865694 -0.45573
vn 0.207085 0.865694 -0.45573
vn 0.339552 0.561152 -0.754859
vn 0.175443 0.98448 0.00430777
vn 0.339552 0.561152 -0.754859
vn 0.207085 0.865694 -0.45573
vn 0.207085 0.865694 -0.45573
vn 0.133756 0.990977 -0.00858224
vn 0.207085 0.865694 -0.45573
vn 0.123332 0.989276 0.0782459
vn 0.207085 0.865694 -0.45573
vn 0.133756 0.990977 -0.00858224
vn 0.700591 0.711574 0.0532457
vn 0.692399 0.720063 -0.0457489
vn 0.475916 0.752498 -0.455248
vn 0.0997055 0.883792 0.457132
vn 0.123981 0.98959 0.0730815
vn 0.271291 0.962474 -0.00667173
vn 0.287106 0.586722 -0.757183
vn 0.345427 -0.0409996 -0.93755
vn 0.193177 -0.0424084 -0.980247
vn 0.133756 0.990977 -0.00858224
vn 0.0997055 0.883792 0.457132
vn 0.123332 0.989276 0.0782459
vn 0.120899 0.888882 0.441895
vn 0.123332 0.989276 0.0782459
vn 0.0997055 0.883792 0.457132
vn 0.121588 0.661193 0.740298
vn 0.124261 0.62696 0.769078
vn 0.0812742 0.878874 0.47008
vn 0.526597 0.719837 0.452251
vn 0.534493 0.708428 0.460919
vn 0.524828 0.725833 0.44466
vn 0.194857 0.629171 0.752446
vn 0.0837689 -0.0327179 0.995948
vn 0.121588 0.661193 0.740298
vn 0.124261 0.62696 0.769078
vn 0.121588 0.661193 0.740298
vn 0.0837689 -0.0327179 0.995948
vn 0.580609 0.800493 -0.148676
vn 0.748732 0.267367 -0.606561
vn 0.789683 0.398531 0.466449
vn 0.301221 0.410219 -0.860806
vn 0.580609 0.800493 -0.148676
vn 0.301951 0.903107 -0.305326
vn 0.031617 0.431005 -0.901795
vn 0.301951 0.903107 -0.305326
vn 0.0667896 0.918684 -0.389306
vn -0.0915122 0.0520823 0.994441
vn 0.043763 -0.00244355 0.999039
vn 0.0960406 0.0162133 0.995245
vn 0.0960406 0.0162133 0.995245
vn 0.043763 -0.00244355 0.999039
vn 0.276533 0.0721065 0.958295
vn 0.043763 -0.00244355 0.999039
vn 0.194857 0.629171 0.752446
vn 0.276533 0.0721065 0.958295
vn 0.789683 0.398531 0.466449
vn 0.276533 0.0721065 0.958295
vn 0.194857 0.629171 0.752446
vn -0.0549164 0.998458 -0.00806994
vn 0.111902 0.993706 -0.00514897
vn -0.126382 0.669805 -0.731702
vn 0.0538087 0.668917 -0.741387
vn -0.100328 0.0240087 -0.994665
vn -0.126382 0.669805 -0.731702
vn 0.0667896 0.918684 -0.389306
vn 0.008648 0.928608 -0.370962
vn -0.0993805 0.415453 -0.904169
vn 0.008648 0.928608 -0.370962
vn 0.111902 0.993706 -0.00514897
vn -0.154758 0.664812 0.730804
vn 0.0881362 0.67226 0.73505
vn -0.154758 0.664812 0.730804
vn 0.111902 0.993706 -0.00514897
vn -0.100328 0.0240087 -0.994665
vn 0.152645 0.730024 -0.666156
vn 0.0658279 0.997829 0.00219052
vn 0.152645 0.730024 -0.666156
vn 0.516432 -0.149597 -0.84316
vn 0.224239 0.964654 -0.138417
vn 0.259374 0.651072 -0.713324
vn 0.416441 0.578458 -0.701401
vn 0.516432 -0.149597 -0.84316
vn 0.416441 0.578458 -0.701401
vn 0.257476 -0.0616733 -0.964315
vn 0.516432 -0.149597 -0.84316
vn 0.0240507 -0.74253 -0.669381
vn 0.0859895 -0.701053 -0.707906
vn 0.0274007 -0.672696 -0.739412
vn 0.0859895 -0.701053 -0.707906
vn 0.257476 -0.0616733 -0.964315
vn 0.0274007 -0.672696 -0.739412
vn 0.193177 -0.0424084 -0.980247
vn 0.0274007 -0.672696 -0.739412
vn 0.257476 -0.0616733 -0.964315
vn 0.175443 0.98448 0.00430777
vn 0.169625 0.984711 0.0396456
vn 0.339552 0.561152 -0.754859
vn 0.114615 0.991074 0.0680891
vn 0.339552 0.561152 -0.754859
vn 0.169625 0.984711 0.0396456
vn 0.13441 0.990822 -0.0143264
vn 0.175443 0.98448 0.00430777
vn 0.207085 0.865694 -0.45573
vn 0.339552 0.561152 -0.754859
vn 0.345427 -0.0409996 -0.93755
vn 0.287106 0.586722 -0.757183
vn 0.555604 0.830788 0.033104
vn 0.565947 0.824352 -0.0121838
vn 0.41486 0.786839 -0.456921
vn 0.700591 0.711574 0.0532457
vn 0.475916 0.752498 -0.455248
vn 0.481001 0.738879 -0.471906
vn 0.692399 0.720063 -0.0457489
vn 0.700591 0.711574 0.0532457
vn 0.710511 0.591843 0.380652
vn 0.345427 -0.0409996 -0.93755
vn 0.179327 -0.665327 -0.724695
vn 0.193177 -0.0424084 -0.980247
vn 0.13441 0.990822 -0.0143264
vn 0.0812742 0.878874 0.47008
vn 0.175443 0.98448 0.00430777
vn 0.124261 0.62696 0.769078
vn 0.175443 0.98448 0.00430777
vn 0.0812742 0.878874 0.47008
vn 0.555604 0.830788 0.033104
vn 0.524828 0.725833 0.44466
vn 0.565947 0.824352 -0.0121838
vn 0.526597 0.719837 0.452251
vn 0.524828 0.725833 0.44466
vn 0.555604 0.830788 0.033104
vn 0.118895 -0.0404249 0.992084
vn 0.124261 0.62696 0.769078
vn 0.0837689 -0.0327179 0.995948
vn 0.0837689 -0.0327179 0.995948
vn 0.194857 0.629171 0.752446
vn 0.043763 -0.00244355 0.999039
vn 0.748732 0.267367 -0.606561
vn 0.97083 -0.125603 0.204236
vn 0.789683 0.398531 0.466449
vn 0.748732 0.267367 -0.606561
vn 0.580609 0.800493 -0.148676
vn 0.301221 0.410219 -0.860806
vn 0.031617 0.431005 -0.901795
vn 0.301221 0.410219 -0.860806
vn 0.301951 0.903107 -0.305326
vn 0.031617 0.431005 -0.901795
vn 0.0667896 0.918684 -0.389306
vn -0.0993805 0.415453 -0.904169
vn 0.0881362 0.67226 0.73505
vn 0.043763 -0.00244355 0.999039
vn -0.154758 0.664812 0.730804
vn -0.0915122 0.0520823 0.994441
vn -0.154758 0.664812 0.730804
vn 0.043763 -0.00244355 0.999039
vn 0.0960406 0.0162133 0.995245
vn -0.267084 -0.34545 0.899628
vn -0.0915122 0.0520823 0.994441
vn 0.276533 0.0721065 0.958295
vn 0.385459 -0.387644 0.837349
vn 0.0960406 0.0162133 0.995245
vn 0.789683 0.398531 0.466449
vn 0.97083 -0.125603 0.204236
vn 0.276533 0.0721065 0.958295
vn -0.252453 0.649095 -0.717595
vn -0.0549164 0.998458 -0.00806994
vn -0.126382 0.669805 -0.731702
vn -0.0549164 0.998458 -0.00806994
vn 0.0881362 0.67226 0.73505
vn 0.111902 0.993706 -0.00514897
vn -0.100328 0.0240087 -0.994665
vn -0.197393 0.00808218 -0.980291
vn -0.126382 0.669805 -0.731702
vn -0.0993805 0.415453 -0.904169
vn 0.008648 0.928608 -0.370962
vn 0.154758 -0.664812 -0.730804
vn -0.165961 -0.768517 -0.617931
vn -0.100328 0.0240087 -0.994665
vn -0.36121 -0.931731 0.0374938
vn 0.0658279 0.997829 0.00219052
vn 0.152645 0.730024 -0.666156
vn 0.139431 0.989146 -0.046367
vn 0.139431 0.989146 -0.046367
vn 0.152645 0.730024 -0.666156
vn 0.224239 0.964654 -0.138417
vn 0.516432 -0.149597 -0.84316
vn -0.165961 -0.768517 -0.617931
vn -0.114079 -0.986635 -0.116347
vn 0.257476 -0.0616733 -0.964315
vn 0.0859895 -0.701053 -0.707906
vn 0.516432 -0.149597 -0.84316
vn 0.0859895 -0.701053 -0.707906
vn 0.0240507 -0.74253 -0.669381
vn 0.516432 -0.149597 -0.84316
vn -0.0703125 -0.716977 -0.693542
vn 0.0240507 -0.74253 -0.669381
vn -0.077912 -0.662464 -0.745031
vn 0.0274007 -0.672696 -0.739412
vn -0.077912 -0.662464 -0.745031
vn 0.0240507 -0.74253 -0.669381
vn 0.193177 -0.0424084 -0.980247
vn 0.179327 -0.665327 -0.724695
vn 0.0274007 -0.672696 -0.739412
vn 0.114615 0.991074 0.0680891
vn 0.322248 0.552134 -0.768963
vn 0.339552 0.561152 -0.754859
vn 0.169625 0.984711 0.0396456
vn 0.0595109 0.843627 0.533622
vn 0.114615 0.991074 0.0680891
vn 0.174404 0.571127 0.802121
vn 0.114615 0.991074 0.0680891
vn 0.0595109 0.843627 0.533622
vn 0.116466 0.858902 0.498721
vn 0.169625 0.984711 0.0396456
vn 0.175443 0.98448 0.00430777
vn 0.339552 0.561152 -0.754859
vn 0.348081 -0.00121618 -0.937464
vn 0.345427 -0.0409996 -0.93755
vn 0.555604 0.830788 0.033104
vn 0.41486 0.786839 -0.456921
vn 0.423623 0.774805 -0.469276
vn 0.475916 0.752498 -0.455248
vn 0.508362 0.709518 -0.488008
vn 0.481001 0.738879 -0.471906
vn 0.710511 0.591843 0.380652
vn 0.700591 0.711574 0.0532457
vn 0.717291 0.583148 0.381356
vn 0.179327 -0.665327 -0.724695
vn 0.345427 -0.0409996 -0.93755
vn 0.298927 -0.629647 -0.717068
vn 0.265815 -0.576695 -0.772506
vn 0.298927 -0.629647 -0.717068
vn 0.345427 -0.0409996 -0.93755
vn 0.116466 0.858902 0.498721
vn 0.175443 0.98448 0.00430777
vn 0.134552 0.617197 0.775219
vn 0.124261 0.62696 0.769078
vn 0.134552 0.617197 0.775219
vn 0.175443 0.98448 0.00430777
vn 0.53319 0.845896 0.0129564
vn 0.527058 0.849829 -3.17599e-16
vn 0.470024 0.757868 0.452454
vn 0.470024 0.757868 0.452454
vn 0.470024 0.757868 0.452454
vn 0.527058 0.849829 -3.17599e-16
vn 0.118895 -0.0404249 0.992084
vn 0.0837689 -0.0327179 0.995948
vn -0.056806 -0.662442 0.746956
vn 0.124261 0.62696 0.769078
vn 0.118895 -0.0404249 0.992084
vn 0.134552 0.617197 0.775219
vn 0.174404 0.571127 0.802121
vn 0.134552 0.617197 0.775219
vn 0.118895 -0.0404249 0.992084
vn -0.0822235 -0.0271206 0.996245
vn 0.0449871 -0.0204559 0.998778
vn 0.043763 -0.00244355 0.999039
vn 0.0837689 -0.0327179 0.995948
vn 0.043763 -0.00244355 0.999039
vn 0.0449871 -0.0204559 0.998778
vn 0.748732 0.267367 -0.606561
vn 0.958387 0.0170008 0.284966
vn 0.97083 -0.125603 0.204236
vn 0.748732 0.267367 -0.606561
vn 0.301221 0.410219 -0.860806
vn 0.27532 0.502285 -0.8197
vn 0.27532 0.502285 -0.8197
vn 0.301221 0.410219 -0.860806
vn 0.031617 0.431005 -0.901795
vn -0.0565352 0.519636 -0.852516
vn 0.031617 0.431005 -0.901795
vn -0.0993805 0.415453 -0.904169
vn -0.0915122 0.0520823 0.994441
vn -0.396909 -0.296866 0.868524
vn -0.154758 0.664812 0.730804
vn 0.043763 -0.00244355 0.999039
vn 0.0881362 0.67226 0.73505
vn 1.98374e-05 0.00722623 0.999974
vn 0.0960406 0.0162133 0.995245
vn -0.0662197 -0.387174 0.919626
vn -0.267084 -0.34545 0.899628
vn -0.0915122 0.0520823 0.994441
vn -0.267084 -0.34545 0.899628
vn -0.396909 -0.296866 0.868524
vn 0.385459 -0.387644 0.837349
vn -0.0662197 -0.387174 0.919626
vn 0.0960406 0.0162133 0.995245
vn 0.97083 -0.125603 0.204236
vn 0.385459 -0.387644 0.837349
vn 0.276533 0.0721065 0.958295
vn -0.217101 0.976122 0.00722341
vn -0.0549164 0.998458 -0.00806994
vn -0.252453 0.649095 -0.717595
vn -0.126382 0.669805 -0.731702
vn -0.197393 0.00808218 -0.980291
vn -0.252453 0.649095 -0.717595
vn -0.0169258 0.679085 0.733864
vn 0.0881362 0.67226 0.73505
vn -0.0549164 0.998458 -0.00806994
vn -0.100328 0.0240087 -0.994665
vn -0.158622 -0.64728 -0.745565
vn -0.197393 0.00808218 -0.980291
vn -0.165961 -0.768517 -0.617931
vn -0.36121 -0.931731 0.0374938
vn -0.238261 -0.96941 -0.0589519
vn -0.100328 0.0240087 -0.994665
vn -0.165961 -0.768517 -0.617931
vn -0.077912 -0.662464 -0.745031
vn -0.0703125 -0.716977 -0.693542
vn -0.077912 -0.662464 -0.745031
vn -0.165961 -0.768517 -0.617931
vn 0.0658279 0.997829 0.00219052
vn 0.139431 0.989146 -0.046367
vn 0.15201 0.987644 -0.0381006
vn 0.139431 0.989146 -0.046367
vn 0.224239 0.964654 -0.138417
vn 0.15201 0.987644 -0.0381006
vn -0.165961 -0.768517 -0.617931
vn -0.238261 -0.96941 -0.0589519
vn -0.114079 -0.986635 -0.116347
vn -0.0703125 -0.716977 -0.693542
vn -0.165961 -0.768517 -0.617931
vn 0.516432 -0.149597 -0.84316
vn 0.0240507 -0.74253 -0.669381
vn -0.0703125 -0.716977 -0.693542
vn 0.516432 -0.149597 -0.84316
vn 0.0274007 -0.672696 -0.739412
vn -0.145058 -0.989422 -0.00131878
vn -0.077912 -0.662464 -0.745031
vn 0.179327 -0.665327 -0.724695
vn -0.0495547 -0.889175 -0.454876
vn 0.0274007 -0.672696 -0.739412
vn -0.0495547 -0.889175 -0.454876
vn -0.0495547 -0.889175 -0.454876
vn 0.0274007 -0.672696 -0.739412
vn -0.0495547 -0.889175 -0.454876
vn -0.0495547 -0.889175 -0.454876
vn 0.0274007 -0.672696 -0.739412
vn -0.103541 -0.994489 -0.0164718
vn 0.0274007 -0.672696 -0.739412
vn -0.0495547 -0.889175 -0.454876
vn 0.114615 0.991074 0.0680891
vn -0.117395 0.980844 -0.155449
vn 0.322248 0.552134 -0.768963
vn 0.322248 0.552134 -0.768963
vn 0.348081 -0.00121618 -0.937464
vn 0.339552 0.561152 -0.754859
vn 0.134552 0.617197 0.775219
vn 0.174404 0.571127 0.802121
vn 0.0595109 0.843627 0.533622
vn 0.428599 0.768921 0.474408
vn 0.507728 0.851063 0.133806
vn 0.532629 0.845643 -0.0345709
vn 0.174404 0.571127 0.802121
vn 0.0473692 0.490315 0.870257
vn 0.114615 0.991074 0.0680891
vn 0.348081 -0.00121618 -0.937464
vn 0.265815 -0.576695 -0.772506
vn 0.345427 -0.0409996 -0.93755
vn 0.41486 0.786839 -0.456921
vn 0.431592 0.769615 -0.470554
vn 0.423623 0.774805 -0.469276
vn 0.710511 0.591843 0.380652
vn 0.717291 0.583148 0.381356
vn 0.719786 0.579733 0.381862
vn 0.298927 -0.629647 -0.717068
vn 0.217497 -0.848485 -0.48246
vn 0.179327 -0.665327 -0.724695
vn 0.153026 -0.986219 -0.0628968
vn 0.179327 -0.665327 -0.724695
vn 0.217497 -0.848485 -0.48246
vn 0.265815 -0.576695 -0.772506
vn 0.196026 -0.835907 -0.512672
vn 0.298927 -0.629647 -0.717068
vn 0.559489 0.669001 0.489296
vn 0.595421 0.632965 0.494802
vn 0.428599 0.768921 0.474408
vn 0.527058 0.849829 -3.17599e-16
vn 0.53319 0.845896 0.0129564
vn 0.561655 0.691324 -0.45455
vn 0.0206509 -0.638039 0.769727
vn 0.118895 -0.0404249 0.992084
vn -0.056806 -0.662442 0.746956
vn 0.505765 -0.589706 0.629641
vn -0.056806 -0.662442 0.746956
vn 0.185876 -0.0931511 0.978148
vn -0.056806 -0.662442 0.746956
vn 0.0837689 -0.0327179 0.995948
vn 0.185876 -0.0931511 0.978148
vn 0.0449871 -0.0204559 0.998778
vn 0.185876 -0.0931511 0.978148
vn 0.0837689 -0.0327179 0.995948
vn 0.206918 -0.00853214 0.978321
vn 0.174404 0.571127 0.802121
vn 0.118895 -0.0404249 0.992084
vn 0.0404074 0.403978 0.913876
vn 0.0449871 -0.0204559 0.998778
vn -0.0822235 -0.0271206 0.996245
vn -0.17733 -0.0195333 0.983958
vn -0.0822235 -0.0271206 0.996245
vn 1.98374e-05 0.00722623 0.999974
vn 0.043763 -0.00244355 0.999039
vn 1.98374e-05 0.00722623 0.999974
vn -0.0822235 -0.0271206 0.996245
vn 0.97083 -0.125603 0.204236
vn 0.958387 0.0170008 0.284966
vn 0.311136 -0.375109 0.873205
vn 0.693275 0.426253 -0.581101
vn 0.958387 0.0170008 0.284966
vn 0.748732 0.267367 -0.606561
vn 0.693275 0.426253 -0.581101
vn 0.748732 0.267367 -0.606561
vn 0.27532 0.502285 -0.8197
vn 0.0606905 0.519967 -0.852027
vn 0.27532 0.502285 -0.8197
vn 0.031617 0.431005 -0.901795
vn 0.0606905 0.519967 -0.852027
vn 0.031617 0.431005 -0.901795
vn -0.0565352 0.519636 -0.852516
vn -0.252098 -0.445706 0.858949
vn -0.343181 -0.433313 0.833347
vn -0.396909 -0.296866 0.868524
vn 1.98374e-05 0.00722623 0.999974
vn 0.0881362 0.67226 0.73505
vn -0.042973 0.00841927 0.999041
vn -0.0662197 -0.387174 0.919626
vn -0.252098 -0.445706 0.858949
vn -0.267084 -0.34545 0.899628
vn -0.267084 -0.34545 0.899628
vn -0.252098 -0.445706 0.858949
vn -0.396909 -0.296866 0.868524
vn 0.385459 -0.387644 0.837349
vn 0.311136 -0.375109 0.873205
vn -0.0662197 -0.387174 0.919626
vn 0.385459 -0.387644 0.837349
vn 0.97083 -0.125603 0.204236
vn 0.311136 -0.375109 0.873205
vn -0.327278 0.601926 -0.728405
vn -0.217101 0.976122 0.00722341
vn -0.252453 0.649095 -0.717595
vn -0.217101 0.976122 0.00722341
vn -0.0169258 0.679085 0.733864
vn -0.0549164 0.998458 -0.00806994
vn -0.197393 0.00808218 -0.980291
vn -0.262952 -0.0167815 -0.964663
vn -0.252453 0.649095 -0.717595
vn -0.042973 0.00841927 0.999041
vn 0.0881362 0.67226 0.73505
vn -0.0169258 0.679085 0.733864
vn -0.158622 -0.64728 -0.745565
vn -0.250348 -0.64411 -0.722805
vn -0.197393 0.00808218 -0.980291
vn -0.100328 0.0240087 -0.994665
vn -0.077912 -0.662464 -0.745031
vn -0.158622 -0.64728 -0.745565
vn -0.238261 -0.96941 -0.0589519
vn -0.36121 -0.931731 0.0374938
vn -0.27116 -0.95964 -0.0745896
vn -0.114079 -0.986635 -0.116347
vn -0.238261 -0.96941 -0.0589519
vn -0.27116 -0.95964 -0.0745896
vn -0.145058 -0.989422 -0.00131878
vn -0.204914 -0.978741 -0.00878593
vn -0.077912 -0.662464 -0.745031
vn -0.103541 -0.994489 -0.0164718
vn -0.145058 -0.989422 -0.00131878
vn 0.0274007 -0.672696 -0.739412
vn -0.138753 -0.990307 0.00627973
vn -0.103541 -0.994489 -0.0164718
vn -0.0495547 -0.889175 -0.454876
vn -0.0495547 -0.889175 -0.454876
vn -0.0495547 -0.889175 -0.454876
vn -0.131348 -0.98901 -0.067881
vn -0.138867 -0.990283 0.00748831
vn -0.131348 -0.98901 -0.067881
vn -0.0495547 -0.889175 -0.454876
vn -0.0495547 -0.889175 -0.454876
vn -0.0495547 -0.889175 -0.454876
vn -0.131461 -0.989068 -0.0668029
vn -0.121148 -0.992256 0.0274246
vn -0.131461 -0.989068 -0.0668029
vn -0.0495547 -0.889175 -0.454876
vn 0.153026 -0.986219 -0.0628968
vn -0.0495547 -0.889175 -0.454876
vn 0.179327 -0.665327 -0.724695
vn -0.117395 0.980844 -0.155449
vn 0.309102 0.266564 -0.912907
vn 0.322248 0.552134 -0.768963
vn 0.114615 0.991074 0.0680891
vn 0.0473692 0.490315 0.870257
vn -0.117395 0.980844 -0.155449
vn 0.362184 -9.11583e-16 -0.932107
vn 0.348081 -0.00121618 -0.937464
vn 0.322248 0.552134 -0.768963
vn 0.559489 0.669001 0.489296
vn 0.428599 0.768921 0.474408
vn 0.532629 0.845643 -0.0345709
vn 0.532629 0.845643 -0.0345709
vn 0.507728 0.851063 0.133806
vn 0.800426 0.426281 -0.421429
vn 0.174404 0.571127 0.802121
vn 0.206918 -0.00853214 0.978321
vn 0.0473692 0.490315 0.870257
vn 0.191311 1.42954e-15 0.981529
vn 0.0473692 0.490315 0.870257
vn 0.206918 -0.00853214 0.978321
vn 0.362184 -9.11583e-16 -0.932107
vn 0.265815 -0.576695 -0.772506
vn 0.348081 -0.00121618 -0.937464
vn 0.129695 -0.991553 0.000897796
vn 0.153026 -0.986219 -0.0628968
vn 0.217497 -0.848485 -0.48246
vn 0.743963 -0.572566 -0.344511
vn 0.775383 -0.533433 -0.337981
vn 0.563729 -0.724858 -0.395968
vn 0.196026 -0.835907 -0.512672
vn 0.265815 -0.576695 -0.772506
vn 0.138874 -0.987363 -0.0763382
vn 0.102161 -0.994287 0.0309227
vn 0.138874 -0.987363 -0.0763382
vn 0.265815 -0.576695 -0.772506
vn 0.53319 0.845896 0.0129564
vn 0.582893 0.673765 -0.454177
vn 0.561655 0.691324 -0.45455
vn -0.121148 -0.992256 0.0274246
vn -0.023765 -0.875114 0.483333
vn -0.133907 -0.879057 0.457523
vn -0.133907 -0.879057 0.457523
vn -0.023765 -0.875114 0.483333
vn -0.133907 -0.879057 0.457523
vn -0.023765 -0.875114 0.483333
vn 0.0206509 -0.638039 0.769727
vn -0.133907 -0.879057 0.457523
vn -0.056806 -0.662442 0.746956
vn -0.133907 -0.879057 0.457523
vn 0.0206509 -0.638039 0.769727
vn 0.206918 -0.00853214 0.978321
vn 0.118895 -0.0404249 0.992084
vn 0.0206509 -0.638039 0.769727
vn -0.130806 -0.944673 -0.300804
vn -0.277851 -0.91721 -0.285524
vn -0.103541 -0.994489 -0.0164718
vn -0.130806 -0.944673 -0.300804
vn -0.103541 -0.994489 -0.0164718
vn 0.150904 -0.969561 -0.192822
vn -0.103541 -0.994489 -0.0164718
vn -0.056806 -0.662442 0.746956
vn 0.150904 -0.969561 -0.192822
vn 0.505765 -0.589706 0.629641
vn 0.150904 -0.969561 -0.192822
vn -0.056806 -0.662442 0.746956
vn 0.505765 -0.589706 0.629641
vn 0.185876 -0.0931511 0.978148
vn 0.59955 0.276896 0.750912
vn 0.0404074 0.403978 0.913876
vn 0.185876 -0.0931511 0.978148
vn 0.0449871 -0.0204559 0.998778
vn 0.0404074 0.403978 0.913876
vn -0.0822235 -0.0271206 0.996245
vn -0.181822 0.38656 0.904164
vn -0.0822235 -0.0271206 0.996245
vn -0.17733 -0.0195333 0.983958
vn -0.181822 0.38656 0.904164
vn -0.121644 -0.656416 0.744528
vn -0.316871 -0.591039 0.741799
vn 1.98374e-05 0.00722623 0.999974
vn -0.17733 -0.0195333 0.983958
vn 1.98374e-05 0.00722623 0.999974
vn -0.316871 -0.591039 0.741799
vn 0.311136 -0.375109 0.873205
vn 0.958387 0.0170008 0.284966
vn 0.811104 0.309004 0.496616
vn 0.693275 0.426253 -0.581101
vn 0.811104 0.309004 0.496616
vn 0.958387 0.0170008 0.284966
vn 0.693275 0.426253 -0.581101
vn 0.27532 0.502285 -0.8197
vn 0.596471 0.80174 -0.0378821
vn 0.249117 0.968208 -0.0226687
vn 0.27532 0.502285 -0.8197
vn 0.0606905 0.519967 -0.852027
vn -0.0714562 0.989553 -0.125217
vn 0.0606905 0.519967 -0.852027
vn -0.0565352 0.519636 -0.852516
vn -0.252098 -0.445706 0.858949
vn -0.197904 0.102875 0.974808
vn -0.343181 -0.433313 0.833347
vn -0.126646 -0.662301 0.738456
vn 1.98374e-05 0.00722623 0.999974
vn -0.042973 0.00841927 0.999041
vn -0.0662197 -0.387174 0.919626
vn -0.0806443 -0.442886 0.892944
vn -0.252098 -0.445706 0.858949
vn 0.311136 -0.375109 0.873205
vn -0.0806443 -0.442886 0.892944
vn -0.0662197 -0.387174 0.919626
vn -0.363391 0.931635 -0.00156519
vn -0.217101 0.976122 0.00722341
vn -0.327278 0.601926 -0.728405
vn -0.252453 0.649095 -0.717595
vn -0.262952 -0.0167815 -0.964663
vn -0.327278 0.601926 -0.728405
vn -0.146809 0.655213 0.741042
vn -0.0169258 0.679085 0.733864
vn -0.217101 0.976122 0.00722341
vn -0.197393 0.00808218 -0.980291
vn -0.250348 -0.64411 -0.722805
vn -0.262952 -0.0167815 -0.964663
vn -0.042973 0.00841927 0.999041
vn -0.0169258 0.679085 0.733864
vn -0.101839 0.00228198 0.994798
vn -0.230992 -0.972921 -0.00819912
vn -0.250348 -0.64411 -0.722805
vn -0.158622 -0.64728 -0.745565
vn -0.077912 -0.662464 -0.745031
vn -0.204914 -0.978741 -0.00878593
vn -0.158622 -0.64728 -0.745565
vn -0.145058 -0.989422 -0.00131878
vn -0.121644 -0.656416 0.744528
vn -0.204914 -0.978741 -0.00878593
vn -0.103541 -0.994489 -0.0164718
vn -0.277851 -0.91721 -0.285524
vn -0.145058 -0.989422 -0.00131878
vn -0.372498 -0.869614 -0.324064
vn -0.145058 -0.989422 -0.00131878
vn -0.277851 -0.91721 -0.285524
vn -0.138753 -0.990307 0.00627973
vn -0.133907 -0.879057 0.457523
vn -0.103541 -0.994489 -0.0164718
vn -0.056806 -0.662442 0.746956
vn -0.103541 -0.994489 -0.0164718
vn -0.133907 -0.879057 0.457523
vn 0.356549 -0.928795 -0.10106
vn 0.370072 -0.928731 0.0224727
vn 0.284579 -0.847978 -0.447155
vn -0.138867 -0.990283 0.00748831
vn -0.133907 -0.879057 0.457523
vn -0.131348 -0.98901 -0.067881
vn -0.133907 -0.879057 0.457523
vn -0.131348 -0.98901 -0.067881
vn -0.133907 -0.879057 0.457523
vn 0.287492 -0.956286 -0.0535233
vn 0.294717 -0.955584 -0.000735646
vn 0.333416 -0.830965 -0.445343
vn -0.121148 -0.992256 0.0274246
vn -0.133907 -0.879057 0.457523
vn -0.131461 -0.989068 -0.0668029
vn 0.400742 -0.753068 -0.521819
vn 0.311596 -0.950159 0.0103097
vn 0.380898 -0.785993 -0.486961
vn 0.0998078 0.108401 -0.989084
vn 0.309102 0.266564 -0.912907
vn -0.117395 0.980844 -0.155449
vn 0.309102 0.266564 -0.912907
vn 0.362184 -9.11583e-16 -0.932107
vn 0.322248 0.552134 -0.768963
vn 0.0473692 0.490315 0.870257
vn -0.404581 0.514556 0.756006
vn -0.117395 0.980844 -0.155449
vn 0.800426 0.426281 -0.421429
vn 0.507728 0.851063 0.133806
vn 0.844145 0.347924 -0.407882
vn 0.206918 -0.00853214 0.978321
vn 0.16586 -0.557453 0.813472
vn 0.191311 1.42954e-15 0.981529
vn 0.0473692 -0.490315 0.870257
vn 0.191311 1.42954e-15 0.981529
vn 0.16586 -0.557453 0.813472
vn 0.191311 1.42954e-15 0.981529
vn 0.569121 0.16805 0.804898
vn 0.0473692 0.490315 0.870257
vn 0.362184 -9.11583e-16 -0.932107
vn 0.309102 -0.266564 -0.912907
vn 0.265815 -0.576695 -0.772506
vn 0.153026 -0.986219 -0.0628968
vn 0.129695 -0.991553 0.000897796
vn -0.023765 -0.875114 0.483333
vn 0.129695 -0.991553 0.000897796
vn 0.0859305 -0.854551 0.51221
vn -0.023765 -0.875114 0.483333
vn 0.0206509 -0.638039 0.769727
vn -0.023765 -0.875114 0.483333
vn 0.0859305 -0.854551 0.51221
vn 0.527174 -0.849589 -0.016906
vn 0.542031 -0.839705 -0.033152
vn 0.563729 -0.724858 -0.395968
vn 0.563729 -0.724858 -0.395968
vn 0.542031 -0.839705 -0.033152
vn 0.743963 -0.572566 -0.344511
vn 0.102161 -0.994287 0.0309227
vn 0.0859305 -0.854551 0.51221
vn 0.138874 -0.987363 -0.0763382
vn -0.117395 -0.980844 -0.155449
vn 0.102161 -0.994287 0.0309227
vn 0.265815 -0.576695 -0.772506
vn 0.311596 -0.950159 0.0103097
vn 0.27103 -0.85181 0.448288
vn 0.303204 -0.952926 -3.65136e-16
vn 0.27103 -0.85181 0.448288
vn 0.303204 -0.952926 -3.65136e-16
vn 0.27103 -0.85181 0.448288
vn 0.16586 -0.557453 0.813472
vn 0.206918 -0.00853214 0.978321
vn 0.0206509 -0.638039 0.769727
vn -0.130806 -0.944673 -0.300804
vn -0.00898237 -0.448152 -0.893912
vn -0.277851 -0.91721 -0.285524
vn -0.130806 -0.944673 -0.300804
vn 0.150904 -0.969561 -0.192822
vn -0.00898237 -0.448152 -0.893912
vn 0.150904 -0.969561 -0.192822
vn 0.505765 -0.589706 0.629641
vn 0.444128 -0.454154 -0.77233
vn 0.505765 -0.589706 0.629641
vn 0.59955 0.276896 0.750912
vn 0.98112 -0.179803 -0.0712327
vn 0.59955 0.276896 0.750912
vn 0.185876 -0.0931511 0.978148
vn 0.0404074 0.403978 0.913876
vn 0.0238831 0.457005 0.889144
vn 0.0404074 0.403978 0.913876
vn -0.181822 0.38656 0.904164
vn -0.181822 0.38656 0.904164
vn -0.17733 -0.0195333 0.983958
vn -0.316871 -0.591039 0.741799
vn -0.145058 -0.989422 -0.00131878
vn -0.372498 -0.869614 -0.324064
vn -0.121644 -0.656416 0.744528
vn -0.316871 -0.591039 0.741799
vn -0.121644 -0.656416 0.744528
vn -0.372498 -0.869614 -0.324064
vn -0.121644 -0.656416 0.744528
vn 1.98374e-05 0.00722623 0.999974
vn -0.126646 -0.662301 0.738456
vn 0.311136 -0.375109 0.873205
vn 0.811104 0.309004 0.496616
vn 0.35369 0.037541 0.934609
vn 0.596471 0.80174 -0.0378821
vn 0.811104 0.309004 0.496616
vn 0.693275 0.426253 -0.581101
vn 0.596471 0.80174 -0.0378821
vn 0.27532 0.502285 -0.8197
vn 0.249117 0.968208 -0.0226687
vn 0.249117 0.968208 -0.0226687
vn 0.0606905 0.519967 -0.852027
vn -0.0714562 0.989553 -0.125217
vn -0.795249 0.541528 0.272629
vn -0.0714562 0.989553 -0.125217
vn -0.0565352 0.519636 -0.852516
vn -0.197904 0.102875 0.974808
vn -0.795249 0.541528 0.272629
vn -0.343181 -0.433313 0.833347
vn -0.252098 -0.445706 0.858949
vn -0.0806443 -0.442886 0.892944
vn -0.197904 0.102875 0.974808
vn -0.126646 -0.662301 0.738456
vn -0.042973 0.00841927 0.999041
vn -0.120437 -0.656716 0.744459
vn -0.0806443 -0.442886 0.892944
vn 0.311136 -0.375109 0.873205
vn 0.35369 0.037541 0.934609
vn -0.419128 0.550996 -0.72162
vn -0.363391 0.931635 -0.00156519
vn -0.327278 0.601926 -0.728405
vn -0.363391 0.931635 -0.00156519
vn -0.146809 0.655213 0.741042
vn -0.217101 0.976122 0.00722341
vn -0.262952 -0.0167815 -0.964663
vn -0.227932 -0.0443155 -0.972668
vn -0.327278 0.601926 -0.728405
vn -0.101839 0.00228198 0.994798
vn -0.0169258 0.679085 0.733864
vn -0.146809 0.655213 0.741042
vn -0.250348 -0.64411 -0.722805
vn -0.253295 -0.664185 -0.703349
vn -0.262952 -0.0167815 -0.964663
vn -0.120437 -0.656716 0.744459
vn -0.042973 0.00841927 0.999041
vn -0.101839 0.00228198 0.994798
vn -0.230992 -0.972921 -0.00819912
vn -0.196283 -0.980429 0.0152084
vn -0.250348 -0.64411 -0.722805
vn -0.204914 -0.978741 -0.00878593
vn -0.230992 -0.972921 -0.00819912
vn -0.158622 -0.64728 -0.745565
vn -0.121644 -0.656416 0.744528
vn -0.126646 -0.662301 0.738456
vn -0.204914 -0.978741 -0.00878593
vn -0.277851 -0.91721 -0.285524
vn -0.274883 -0.400322 -0.874175
vn -0.372498 -0.869614 -0.324064
vn 0.34682 -0.830466 0.435939
vn 0.370072 -0.928731 0.0224727
vn 0.356549 -0.928795 -0.10106
vn 0.284579 -0.847978 -0.447155
vn 0.370072 -0.928731 0.0224727
vn 0.279182 -0.853665 -0.439675
vn 0.27912 -0.852728 0.441529
vn 0.294717 -0.955584 -0.000735646
vn 0.287492 -0.956286 -0.0535233
vn 0.333416 -0.830965 -0.445343
vn 0.294717 -0.955584 -0.000735646
vn 0.352153 -0.825028 -0.441946
vn 0.311596 -0.950159 0.0103097
vn 0.303204 -0.952926 -3.65136e-16
vn 0.380898 -0.785993 -0.486961
vn 0.40155 -0.656033 -0.639045
vn 0.400742 -0.753068 -0.521819
vn 0.380898 -0.785993 -0.486961
vn -0.782863 0.283345 -0.553933
vn 0.0998078 0.108401 -0.989084
vn -0.117395 0.980844 -0.155449
vn 0.0998078 0.108401 -0.989084
vn 0.801963 0.27817 -0.528656
vn 0.309102 0.266564 -0.912907
vn 0.764936 0.361428 -0.533145
vn 0.309102 0.266564 -0.912907
vn 0.801963 0.27817 -0.528656
vn 0.309102 0.266564 -0.912907
vn 0.709211 -9.3515e-16 -0.704996
vn 0.362184 -9.11583e-16 -0.932107
vn -0.404581 0.514556 0.756006
vn -0.782863 0.283345 -0.553933
vn -0.117395 0.980844 -0.155449
vn 0.0505779 -0.00395491 0.998712
vn -0.404581 0.514556 0.756006
vn 0.0473692 0.490315 0.870257
vn 0.0473692 -0.490315 0.870257
vn 0.569121 -0.16805 0.804898
vn 0.191311 1.42954e-15 0.981529
vn 0.0473692 -0.490315 0.870257
vn 0.16586 -0.557453 0.813472
vn 0.102161 -0.994287 0.0309227
vn 0.382302 -2.14654e-16 0.924038
vn 0.569121 0.16805 0.804898
vn 0.191311 1.42954e-15 0.981529
vn 0.569121 0.16805 0.804898
vn 0.0505779 -0.00395491 0.998712
vn 0.0473692 0.490315 0.870257
vn 0.309102 -0.266564 -0.912907
vn -0.117395 -0.980844 -0.155449
vn 0.265815 -0.576695 -0.772506
vn 0.362184 -9.11583e-16 -0.932107
vn 0.709211 -9.3515e-16 -0.704996
vn 0.309102 -0.266564 -0.912907
vn 0.102161 -0.994287 0.0309227
vn 0.16586 -0.557453 0.813472
vn 0.0859305 -0.854551 0.51221
vn 0.0206509 -0.638039 0.769727
vn 0.0859305 -0.854551 0.51221
vn 0.16586 -0.557453 0.813472
vn 0.543241 -0.737024 0.4021
vn 0.521433 -0.75161 0.403969
vn 0.527174 -0.849589 -0.016906
vn 0.527174 -0.849589 -0.016906
vn 0.521433 -0.75161 0.403969
vn 0.542031 -0.839705 -0.033152
vn -0.117395 -0.980844 -0.155449
vn 0.0473692 -0.490315 0.870257
vn 0.102161 -0.994287 0.0309227
vn -0.277851 -0.91721 -0.285524
vn -0.00898237 -0.448152 -0.893912
vn -0.274883 -0.400322 -0.874175
vn 0.150904 -0.969561 -0.192822
vn 0.444128 -0.454154 -0.77233
vn -0.00898237 -0.448152 -0.893912
vn 0.505765 -0.589706 0.629641
vn 0.98112 -0.179803 -0.0712327
vn 0.444128 -0.454154 -0.77233
vn 0.98112 -0.179803 -0.0712327
vn 0.59955 0.276896 0.750912
vn 0.569755 0.236762 0.786971
vn 0.569755 0.236762 0.786971
vn 0.59955 0.276896 0.750912
vn 0.0404074 0.403978 0.913876
vn 0.569755 0.236762 0.786971
vn 0.0404074 0.403978 0.913876
vn 0.0238831 0.457005 0.889144
vn 0.0238831 0.457005 0.889144
vn -0.181822 0.38656 0.904164
vn -0.170613 0.484445 0.858024
vn -0.372498 -0.869614 -0.324064
vn -0.393163 -0.369134 -0.842118
vn 0.316871 0.591039 -0.741799
vn 0.0467339 0.128982 0.990545
vn 0.35369 0.037541 0.934609
vn 0.249117 0.968208 -0.0226687
vn 0.249117 0.968208 -0.0226687
vn 0.35369 0.037541 0.934609
vn 0.596471 0.80174 -0.0378821
vn 0.811104 0.309004 0.496616
vn 0.596471 0.80174 -0.0378821
vn 0.35369 0.037541 0.934609
vn -0.795249 0.541528 0.272629
vn -0.197904 0.102875 0.974808
vn -0.0714562 0.989553 -0.125217
vn -0.197904 0.102875 0.974808
vn 0.0467339 0.128982 0.990545
vn -0.0714562 0.989553 -0.125217
vn 0.249117 0.968208 -0.0226687
vn -0.0714562 0.989553 -0.125217
vn 0.0467339 0.128982 0.990545
vn -0.0806443 -0.442886 0.892944
vn 0.0467339 0.128982 0.990545
vn -0.197904 0.102875 0.974808
vn -0.126646 -0.662301 0.738456
vn -0.120437 -0.656716 0.744459
vn -0.230992 -0.972921 -0.00819912
vn -0.0806443 -0.442886 0.892944
vn 0.35369 0.037541 0.934609
vn 0.0467339 0.128982 0.990545
vn -0.50322 0.864157 0.00144009
vn -0.363391 0.931635 -0.00156519
vn -0.419128 0.550996 -0.72162
vn -0.327278 0.601926 -0.728405
vn -0.227932 -0.0443155 -0.972668
vn -0.419128 0.550996 -0.72162
vn -0.303994 0.944841 -0.121915
vn 0.0982144 0.809755 0.57849
vn -0.363391 0.931635 -0.00156519
vn -0.146809 0.655213 0.741042
vn -0.363391 0.931635 -0.00156519
vn 0.0982144 0.809755 0.57849
vn -0.262952 -0.0167815 -0.964663
vn -0.253295 -0.664185 -0.703349
vn -0.227932 -0.0443155 -0.972668
vn -0.101839 0.00228198 0.994798
vn -0.146809 0.655213 0.741042
vn -0.124963 -0.0207593 0.991944
vn -0.196283 -0.980429 0.0152084
vn -0.253295 -0.664185 -0.703349
vn -0.250348 -0.64411 -0.722805
vn -0.0131707 -0.0569368 0.998291
vn 0.052388 -0.163701 0.985118
vn -0.101839 0.00228198 0.994798
vn 0.052388 -0.163701 0.985118
vn 0.468767 -0.70653 0.530162
vn -0.101839 0.00228198 0.994798
vn -0.120437 -0.656716 0.744459
vn -0.101839 0.00228198 0.994798
vn 0.468767 -0.70653 0.530162
vn -0.120437 -0.656716 0.744459
vn -0.196283 -0.980429 0.0152084
vn -0.230992 -0.972921 -0.00819912
vn -0.126646 -0.662301 0.738456
vn -0.230992 -0.972921 -0.00819912
vn -0.204914 -0.978741 -0.00878593
vn -0.372498 -0.869614 -0.324064
vn -0.274883 -0.400322 -0.874175
vn -0.393163 -0.369134 -0.842118
vn 0.34682 -0.830466 0.435939
vn 0.388276 -0.79609 0.464201
vn 0.370072 -0.928731 0.0224727
vn 0.271799 -0.857094 -0.437625
vn 0.284579 -0.847978 -0.447155
vn 0.279182 -0.853665 -0.439675
vn 0.27912 -0.852728 0.441529
vn 0.314309 -0.831899 0.457334
vn 0.294717 -0.955584 -0.000735646
vn 0.371672 -0.807786 -0.457539
vn 0.333416 -0.830965 -0.445343
vn 0.352153 -0.825028 -0.441946
vn 0.106266 0.183179 -0.977319
vn 0.0998078 0.108401 -0.989084
vn -0.782863 0.283345 -0.553933
vn 0.801963 0.27817 -0.528656
vn 0.0998078 0.108401 -0.989084
vn 0.106266 0.183179 -0.977319
vn 0.764936 0.361428 -0.533145
vn 0.709211 -9.3515e-16 -0.704996
vn 0.309102 0.266564 -0.912907
vn 0.895305 0.440121 -0.0687224
vn 0.764936 0.361428 -0.533145
vn 0.928423 0.303424 0.214394
vn 0.801963 0.27817 -0.528656
vn 0.928423 0.303424 0.214394
vn 0.764936 0.361428 -0.533145
vn -0.906381 0.214391 0.36402
vn -0.782863 0.283345 -0.553933
vn -0.404581 0.514556 0.756006
vn 0.0505779 -0.00395491 0.998712
vn -0.190679 0.167384 0.967277
vn -0.404581 0.514556 0.756006
vn 0.569121 -0.16805 0.804898
vn 0.382302 -2.14654e-16 0.924038
vn 0.191311 1.42954e-15 0.981529
vn 0.0505779 0.00395491 0.998712
vn 0.569121 -0.16805 0.804898
vn 0.0473692 -0.490315 0.870257
vn 0.382302 -2.14654e-16 0.924038
vn 0.934895 -6.95033e-16 0.354924
vn 0.569121 0.16805 0.804898
vn 0.569121 0.16805 0.804898
vn 0.594956 0.320331 0.737167
vn 0.0505779 -0.00395491 0.998712
vn 0.309102 -0.266564 -0.912907
vn 0.0998078 -0.108401 -0.989084
vn -0.117395 -0.980844 -0.155449
vn 0.709211 -9.3515e-16 -0.704996
vn 0.764936 -0.361428 -0.533145
vn 0.309102 -0.266564 -0.912907
vn -0.404581 -0.514556 0.756006
vn 0.0473692 -0.490315 0.870257
vn -0.117395 -0.980844 -0.155449
vn -0.00898237 -0.448152 -0.893912
vn -0.0164949 -0.530674 -0.847416
vn -0.274883 -0.400322 -0.874175
vn 0.444128 -0.454154 -0.77233
vn 0.445136 -0.558841 -0.699679
vn -0.00898237 -0.448152 -0.893912
vn 0.444128 -0.454154 -0.77233
vn 0.98112 -0.179803 -0.0712327
vn 0.953228 -0.29923 0.0426409
vn 0.98112 -0.179803 -0.0712327
vn 0.569755 0.236762 0.786971
vn 0.953228 -0.29923 0.0426409
vn 0.569755 0.236762 0.786971
vn 0.0238831 0.457005 0.889144
vn 0.348137 0.0513704 0.936035
vn -0.393163 -0.369134 -0.842118
vn -0.289284 -0.486888 -0.824169
vn -0.408552 -0.448247 -0.795085
vn -0.0468074 0.127202 0.990772
vn 0.0238831 0.457005 0.889144
vn -0.170613 0.484445 0.858024
vn -0.441857 0.554013 -0.705572
vn -0.50322 0.864157 0.00144009
vn -0.419128 0.550996 -0.72162
vn -0.363391 0.931635 -0.00156519
vn -0.50322 0.864157 0.00144009
vn -0.303994 0.944841 -0.121915
vn -0.509493 0.853555 -0.108907
vn -0.303994 0.944841 -0.121915
vn -0.50322 0.864157 0.00144009
vn -0.227932 -0.0443155 -0.972668
vn -0.209799 -0.0700956 -0.975229
vn -0.419128 0.550996 -0.72162
vn -0.00513953 0.228161 0.97361
vn -0.146809 0.655213 0.741042
vn 0.0982144 0.809755 0.57849
vn -0.0783161 -0.0641723 0.994861
vn -0.124963 -0.0207593 0.991944
vn -0.00513953 0.228161 0.97361
vn -0.146809 0.655213 0.741042
vn -0.00513953 0.228161 0.97361
vn -0.124963 -0.0207593 0.991944
vn 0.387121 0.892469 0.231596
vn 0.0982144 0.809755 0.57849
vn -0.303994 0.944841 -0.121915
vn -0.253295 -0.664185 -0.703349
vn -0.149001 -0.68473 -0.713403
vn -0.227932 -0.0443155 -0.972668
vn -0.0969405 -0.118916 0.988161
vn -0.0131707 -0.0569368 0.998291
vn -0.124963 -0.0207593 0.991944
vn -0.101839 0.00228198 0.994798
vn -0.124963 -0.0207593 0.991944
vn -0.0131707 -0.0569368 0.998291
vn -0.196283 -0.980429 0.0152084
vn -0.0928025 -0.995681 -0.00274909
vn -0.253295 -0.664185 -0.703349
vn 0.468767 -0.70653 0.530162
vn 0.052388 -0.163701 0.985118
vn 0.779929 -0.617108 0.104348
vn 0.224695 0.174507 0.958676
vn 0.052388 -0.163701 0.985118
vn -0.0131707 -0.0569368 0.998291
vn -0.022389 -0.974005 -0.225419
vn -0.196283 -0.980429 0.0152084
vn 0.468767 -0.70653 0.530162
vn -0.120437 -0.656716 0.744459
vn 0.468767 -0.70653 0.530162
vn -0.196283 -0.980429 0.0152084
vn -0.274883 -0.400322 -0.874175
vn -0.289284 -0.486888 -0.824169
vn -0.393163 -0.369134 -0.842118
vn 0.433232 -0.764122 0.477942
vn 0.388276 -0.79609 0.464201
vn 0.34682 -0.830466 0.435939
vn 0.333794 -0.822777 0.460021
vn 0.314309 -0.831899 0.457334
vn 0.27912 -0.852728 0.441529
vn 0.106266 0.183179 -0.977319
vn -0.782863 0.283345 -0.553933
vn -0.561911 -0.186423 -0.805917
vn 0.587534 0.547688 -0.595686
vn 0.801963 0.27817 -0.528656
vn 0.106266 0.183179 -0.977319
vn 0.709211 -9.3515e-16 -0.704996
vn 0.764936 0.361428 -0.533145
vn 0.976252 -9.46662e-16 -0.216639
vn 0.801963 0.27817 -0.528656
vn 0.715992 0.65254 0.248088
vn 0.928423 0.303424 0.214394
vn 0.934895 -6.95033e-16 0.354924
vn 0.976252 -9.46662e-16 -0.216639
vn 0.895305 0.440121 -0.0687224
vn 0.764936 0.361428 -0.533145
vn 0.895305 0.440121 -0.0687224
vn 0.976252 -9.46662e-16 -0.216639
vn 0.895305 0.440121 -0.0687224
vn 0.928423 0.303424 0.214394
vn 0.569121 0.16805 0.804898
vn 0.594956 0.320331 0.737167
vn 0.569121 0.16805 0.804898
vn 0.928423 0.303424 0.214394
vn -0.906381 0.214391 0.36402
vn -0.561911 -0.186423 -0.805917
vn -0.782863 0.283345 -0.553933
vn -0.190679 0.167384 0.967277
vn -0.906381 0.214391 0.36402
vn -0.404581 0.514556 0.756006
vn 0.0505779 -0.00395491 0.998712
vn 0.594956 0.320331 0.737167
vn -0.190679 0.167384 0.967277
vn 0.934895 -6.95033e-16 0.354924
vn 0.382302 -2.14654e-16 0.924038
vn 0.569121 -0.16805 0.804898
vn 0.594956 -0.320331 0.737167
vn 0.569121 -0.16805 0.804898
vn 0.0505779 0.00395491 0.998712
vn -0.404581 -0.514556 0.756006
vn 0.0505779 0.00395491 0.998712
vn 0.0473692 -0.490315 0.870257
vn 0.895305 0.440121 -0.0687224
vn 0.569121 0.16805 0.804898
vn 0.934895 -6.95033e-16 0.354924
vn 0.0998078 -0.108401 -0.989084
vn -0.782863 -0.283345 -0.553933
vn -0.117395 -0.980844 -0.155449
vn 0.0998078 -0.108401 -0.989084
vn 0.309102 -0.266564 -0.912907
vn 0.801963 -0.27817 -0.528656
vn 0.764936 -0.361428 -0.533145
vn 0.801963 -0.27817 -0.528656
vn 0.309102 -0.266564 -0.912907
vn 0.709211 -9.3515e-16 -0.704996
vn 0.976252 -9.46662e-16 -0.216639
vn 0.764936 -0.361428 -0.533145
vn -0.782863 -0.283345 -0.553933
vn -0.404581 -0.514556 0.756006
vn -0.117395 -0.980844 -0.155449
vn -0.274883 -0.400322 -0.874175
vn -0.0164949 -0.530674 -0.847416
vn -0.289284 -0.486888 -0.824169
vn -0.00898237 -0.448152 -0.893912
vn 0.445136 -0.558841 -0.699679
vn -0.0164949 -0.530674 -0.847416
vn 0.444128 -0.454154 -0.77233
vn 0.953228 -0.29923 0.0426409
vn 0.445136 -0.558841 -0.699679
vn 0.953228 -0.29923 0.0426409
vn 0.569755 0.236762 0.786971
vn 0.348137 0.0513704 0.936035
vn 0.348137 0.0513704 0.936035
vn 0.0238831 0.457005 0.889144
vn 0.105644 0.03306 0.993854
vn -0.289284 -0.486888 -0.824169
vn -0.369099 -0.531346 -0.762521
vn -0.408552 -0.448247 -0.795085
vn 0.105644 0.03306 0.993854
vn 0.0238831 0.457005 0.889144
vn -0.0468074 0.127202 0.990772
vn -0.131171 0.344746 0.929486
vn -0.0468074 0.127202 0.990772
vn -0.170613 0.484445 0.858024
vn -0.441857 0.554013 -0.705572
vn -0.652584 0.757429 0.0208702
vn -0.50322 0.864157 0.00144009
vn -0.419128 0.550996 -0.72162
vn -0.209799 -0.0700956 -0.975229
vn -0.441857 0.554013 -0.705572
vn -0.303994 0.944841 -0.121915
vn -0.509493 0.853555 -0.108907
vn -0.961895 -0.0889116 0.258559
vn -0.50322 0.864157 0.00144009
vn -0.347064 0.588042 0.730584
vn -0.509493 0.853555 -0.108907
vn -0.620285 0.438092 0.650632
vn -0.509493 0.853555 -0.108907
vn -0.347064 0.588042 0.730584
vn -0.227932 -0.0443155 -0.972668
vn -0.149001 -0.68473 -0.713403
vn -0.209799 -0.0700956 -0.975229
vn -0.229251 -0.110406 0.967086
vn -0.100707 -0.0192408 0.99473
vn -0.0783161 -0.0641723 0.994861
vn -0.124963 -0.0207593 0.991944
vn -0.0783161 -0.0641723 0.994861
vn -0.100707 -0.0192408 0.99473
vn -0.00513953 0.228161 0.97361
vn 0.239161 -0.200002 0.950159
vn -0.0783161 -0.0641723 0.994861
vn 0.0982144 0.809755 0.57849
vn 0.387121 0.892469 0.231596
vn -0.00513953 0.228161 0.97361
vn -0.25182 0.52807 -0.811005
vn 0.387121 0.892469 0.231596
vn -0.303994 0.944841 -0.121915
vn -0.0928025 -0.995681 -0.00274909
vn -0.149001 -0.68473 -0.713403
vn -0.253295 -0.664185 -0.703349
vn 0.224695 0.174507 0.958676
vn -0.0131707 -0.0569368 0.998291
vn -0.0969405 -0.118916 0.988161
vn 0.0852725 -0.657253 0.74883
vn -0.22242 -0.665424 0.712559
vn -0.124963 -0.0207593 0.991944
vn -0.0969405 -0.118916 0.988161
vn -0.124963 -0.0207593 0.991944
vn -0.22242 -0.665424 0.712559
vn -0.0928025 -0.995681 -0.00274909
vn -0.196283 -0.980429 0.0152084
vn -0.100437 -0.96212 -0.253452
vn -0.022389 -0.974005 -0.225419
vn -0.100437 -0.96212 -0.253452
vn -0.196283 -0.980429 0.0152084
vn 0.779929 -0.617108 0.104348
vn 0.052388 -0.163701 0.985118
vn 0.224695 0.174507 0.958676
vn -0.468767 0.70653 -0.530162
vn 0.779929 -0.617108 0.104348
vn -0.022389 -0.974005 -0.225419
vn -0.293249 0.649055 -0.701949
vn 0.106266 0.183179 -0.977319
vn -0.561911 -0.186423 -0.805917
vn 0.587534 0.547688 -0.595686
vn 0.715992 0.65254 0.248088
vn 0.801963 0.27817 -0.528656
vn 0.587534 0.547688 -0.595686
vn 0.106266 0.183179 -0.977319
vn 0.0433918 0.884862 -0.463829
vn 0.715992 0.65254 0.248088
vn 0.594956 0.320331 0.737167
vn 0.928423 0.303424 0.214394
vn 0.895305 -0.440121 -0.0687224
vn 0.764936 -0.361428 -0.533145
vn 0.934895 -6.95033e-16 0.354924
vn 0.976252 -9.46662e-16 -0.216639
vn 0.934895 -6.95033e-16 0.354924
vn 0.764936 -0.361428 -0.533145
vn -0.908957 -0.242527 0.339084
vn -0.561911 -0.186423 -0.805917
vn -0.906381 0.214391 0.36402
vn -0.906381 0.214391 0.36402
vn -0.190679 0.167384 0.967277
vn -0.908957 -0.242527 0.339084
vn -0.190679 0.167384 0.967277
vn 0.594956 0.320331 0.737167
vn 0.170073 0.413149 0.894641
vn 0.895305 -0.440121 -0.0687224
vn 0.934895 -6.95033e-16 0.354924
vn 0.569121 -0.16805 0.804898
vn 0.594956 -0.320331 0.737167
vn 0.0505779 0.00395491 0.998712
vn -0.190679 -0.167384 0.967277
vn 0.594956 -0.320331 0.737167
vn 0.928423 -0.303424 0.214394
vn 0.569121 -0.16805 0.804898
vn 0.895305 -0.440121 -0.0687224
vn 0.569121 -0.16805 0.804898
vn 0.928423 -0.303424 0.214394
vn -0.190679 -0.167384 0.967277
vn 0.0505779 0.00395491 0.998712
vn -0.404581 -0.514556 0.756006
vn 0.0998078 -0.108401 -0.989084
vn 0.106266 -0.183179 -0.977319
vn -0.782863 -0.283345 -0.553933
vn 0.0998078 -0.108401 -0.989084
vn 0.801963 -0.27817 -0.528656
vn 0.106266 -0.183179 -0.977319
vn 0.928423 -0.303424 0.214394
vn 0.801963 -0.27817 -0.528656
vn 0.895305 -0.440121 -0.0687224
vn 0.764936 -0.361428 -0.533145
vn 0.895305 -0.440121 -0.0687224
vn 0.801963 -0.27817 -0.528656
vn -0.906381 -0.214391 0.36402
vn -0.404581 -0.514556 0.756006
vn -0.782863 -0.283345 -0.553933
vn -0.0164949 -0.530674 -0.847416
vn -0.190843 -0.569831 -0.799294
vn -0.289284 -0.486888 -0.824169
vn -0.0164949 -0.530674 -0.847416
vn 0.445136 -0.558841 -0.699679
vn 0.0176705 -0.610951 -0.791471
vn 0.445136 -0.558841 -0.699679
vn 0.953228 -0.29923 0.0426409
vn 0.704157 -0.636814 0.314056
vn 0.704157 -0.636814 0.314056
vn 0.953228 -0.29923 0.0426409
vn 0.348137 0.0513704 0.936035
vn 0.0153209 -0.278809 0.960225
vn 0.0938616 -0.248096 0.964178
vn 0.105644 0.03306 0.993854
vn 0.105644 0.03306 0.993854
vn 0.0938616 -0.248096 0.964178
vn 0.348137 0.0513704 0.936035
vn 0.704157 -0.636814 0.314056
vn 0.348137 0.0513704 0.936035
vn 0.0938616 -0.248096 0.964178
vn -0.289284 -0.486888 -0.824169
vn -0.190843 -0.569831 -0.799294
vn -0.369099 -0.531346 -0.762521
vn -0.131171 0.344746 0.929486
vn -0.149305 -0.336595 0.929738
vn -0.0468074 0.127202 0.990772
vn -0.0468074 0.127202 0.990772
vn -0.149305 -0.336595 0.929738
vn 0.105644 0.03306 0.993854
vn 0.0153209 -0.278809 0.960225
vn 0.105644 0.03306 0.993854
vn -0.149305 -0.336595 0.929738
vn -0.652584 0.757429 0.0208702
vn -0.441857 0.554013 -0.705572
vn -0.964277 0.202162 -0.171173
vn -0.652584 0.757429 0.0208702
vn -0.347064 0.588042 0.730584
vn -0.50322 0.864157 0.00144009
vn -0.307344 0.64017 -0.704076
vn -0.441857 0.554013 -0.705572
vn -0.133099 -0.0753029 -0.988238
vn -0.209799 -0.0700956 -0.975229
vn -0.133099 -0.0753029 -0.988238
vn -0.441857 0.554013 -0.705572
vn -0.25182 0.52807 -0.811005
vn -0.303994 0.944841 -0.121915
vn -0.961895 -0.0889116 0.258559
vn -0.509493 0.853555 -0.108907
vn -0.620285 0.438092 0.650632
vn -0.961895 -0.0889116 0.258559
vn -0.347064 0.588042 0.730584
vn -0.100707 -0.0192408 0.99473
vn -0.620285 0.438092 0.650632
vn -0.229251 -0.110406 0.967086
vn -0.620285 0.438092 0.650632
vn -0.100707 -0.0192408 0.99473
vn -0.149001 -0.68473 -0.713403
vn -0.00191395 -0.690807 -0.723036
vn -0.209799 -0.0700956 -0.975229
vn -0.229251 -0.110406 0.967086
vn -0.0783161 -0.0641723 0.994861
vn -0.961895 -0.0889116 0.258559
vn 0.0852725 -0.657253 0.74883
vn -0.124963 -0.0207593 0.991944
vn -0.100707 -0.0192408 0.99473
vn -0.0783161 -0.0641723 0.994861
vn 0.239161 -0.200002 0.950159
vn -0.961895 -0.0889116 0.258559
vn 0.239161 -0.200002 0.950159
vn -0.00513953 0.228161 0.97361
vn 0.387121 0.892469 0.231596
vn 0.387121 0.892469 0.231596
vn -0.25182 0.52807 -0.811005
vn -0.173602 0.478133 -0.86096
vn -0.0928025 -0.995681 -0.00274909
vn 0.124977 -0.992158 0.0019381
vn -0.149001 -0.68473 -0.713403
vn 0.224695 0.174507 0.958676
vn -0.0969405 -0.118916 0.988161
vn -0.0989617 0.30398 0.947524
vn -0.0989617 0.30398 0.947524
vn -0.0969405 -0.118916 0.988161
vn -0.22242 -0.665424 0.712559
vn -0.0928025 -0.995681 -0.00274909
vn -0.100437 -0.96212 -0.253452
vn 0.0852725 -0.657253 0.74883
vn -0.22242 -0.665424 0.712559
vn 0.0852725 -0.657253 0.74883
vn -0.100437 -0.96212 -0.253452
vn -0.022389 -0.974005 -0.225419
vn 0.779929 -0.617108 0.104348
vn -0.100437 -0.96212 -0.253452
vn 0.779929 -0.617108 0.104348
vn 0.224695 0.174507 0.958676
vn 0.047727 0.222725 0.973712
vn 0.0433918 0.884862 -0.463829
vn 0.106266 0.183179 -0.977319
vn -0.293249 0.649055 -0.701949
vn -0.293249 0.649055 -0.701949
vn -0.561911 -0.186423 -0.805917
vn -0.775316 0.306056 -0.552463
vn 0.153875 0.966652 0.204711
vn 0.715992 0.65254 0.248088
vn 0.587534 0.547688 -0.595686
vn 0.0433918 0.884862 -0.463829
vn 0.153875 0.966652 0.204711
vn 0.587534 0.547688 -0.595686
vn 0.594956 0.320331 0.737167
vn 0.715992 0.65254 0.248088
vn 0.170073 0.413149 0.894641
vn -0.908957 -0.242527 0.339084
vn -0.775316 0.306056 -0.552463
vn -0.561911 -0.186423 -0.805917
vn -0.190679 0.167384 0.967277
vn -0.387972 0.0346007 0.921021
vn -0.908957 -0.242527 0.339084
vn -0.190679 0.167384 0.967277
vn 0.170073 0.413149 0.894641
vn -0.387972 0.0346007 0.921021
vn 0.594956 -0.320331 0.737167
vn -0.190679 -0.167384 0.967277
vn 0.170073 -0.413149 0.894641
vn 0.928423 -0.303424 0.214394
vn 0.594956 -0.320331 0.737167
vn 0.715992 -0.65254 0.248088
vn -0.404581 -0.514556 0.756006
vn -0.906381 -0.214391 0.36402
vn -0.190679 -0.167384 0.967277
vn -0.782863 -0.283345 -0.553933
vn 0.106266 -0.183179 -0.977319
vn -0.561911 0.186423 -0.805917
vn 0.801963 -0.27817 -0.528656
vn 0.587534 -0.547688 -0.595686
vn 0.106266 -0.183179 -0.977319
vn 0.801963 -0.27817 -0.528656
vn 0.928423 -0.303424 0.214394
vn 0.715992 -0.65254 0.248088
vn -0.906381 -0.214391 0.36402
vn -0.782863 -0.283345 -0.553933
vn -0.561911 0.186423 -0.805917
vn -0.0164949 -0.530674 -0.847416
vn -0.136588 -0.580063 -0.803038
vn -0.190843 -0.569831 -0.799294
vn -0.0164949 -0.530674 -0.847416
vn 0.0176705 -0.610951 -0.791471
vn -0.136588 -0.580063 -0.803038
vn 0.445136 -0.558841 -0.699679
vn 0.704157 -0.636814 0.314056
vn 0.0176705 -0.610951 -0.791471
vn -0.824897 0.562938 -0.0514389
vn -0.652584 0.757429 0.0208702
vn -0.964277 0.202162 -0.171173
vn -0.441857 0.554013 -0.705572
vn -0.647103 0.716211 -0.261341
vn -0.964277 0.202162 -0.171173
vn -0.435592 0.567565 0.698662
vn -0.347064 0.588042 0.730584
vn -0.652584 0.757429 0.0208702
vn -0.441857 0.554013 -0.705572
vn -0.307344 0.64017 -0.704076
vn -0.647103 0.716211 -0.261341
vn -0.307344 0.64017 -0.704076
vn -0.133099 -0.0753029 -0.988238
vn -0.18827 0.962997 -0.192851
vn -0.133099 -0.0753029 -0.988238
vn -0.209799 -0.0700956 -0.975229
vn 0.309353 -0.699155 -0.64458
vn -0.00191395 -0.690807 -0.723036
vn 0.309353 -0.699155 -0.64458
vn -0.209799 -0.0700956 -0.975229
vn -0.25182 0.52807 -0.811005
vn 0.961895 0.0889116 -0.258559
vn -0.203535 0.447475 -0.870827
vn -0.229251 -0.110406 0.967086
vn -0.961895 -0.0889116 0.258559
vn -0.620285 0.438092 0.650632
vn -0.100707 -0.0192408 0.99473
vn -0.347064 0.588042 0.730584
vn 0.0867912 0.0608955 0.994364
vn 0.124977 -0.992158 0.0019381
vn -0.00191395 -0.690807 -0.723036
vn -0.149001 -0.68473 -0.713403
vn 0.0852725 -0.657253 0.74883
vn -0.100707 -0.0192408 0.99473
vn 0.371181 -0.546313 0.750844
vn -0.961895 -0.0889116 0.258559
vn 0.239161 -0.200002 0.950159
vn 0.118185 -0.424963 0.897462
vn 0.239161 -0.200002 0.950159
vn 0.387121 0.892469 0.231596
vn 0.157441 -0.338682 0.927635
vn -0.173602 0.478133 -0.86096
vn -0.25182 0.52807 -0.811005
vn -0.203535 0.447475 -0.870827
vn 0.0852725 -0.657253 0.74883
vn 0.124977 -0.992158 0.0019381
vn -0.0928025 -0.995681 -0.00274909
vn 0.224695 0.174507 0.958676
vn -0.0989617 0.30398 0.947524
vn 0.00349031 0.289044 0.957309
vn -0.100437 -0.96212 -0.253452
vn -0.223872 -0.375343 -0.899444
vn 0.22242 0.665424 -0.712559
vn -0.100437 -0.96212 -0.253452
vn 0.779929 -0.617108 0.104348
vn -0.0775051 -0.41823 -0.905028
vn 0.047727 0.222725 0.973712
vn 0.224695 0.174507 0.958676
vn 0.00349031 0.289044 0.957309
vn -0.0775051 -0.41823 -0.905028
vn 0.779929 -0.617108 0.104348
vn -0.0146114 -0.420621 -0.907119
vn -0.293249 0.649055 -0.701949
vn -0.775316 0.306056 -0.552463
vn 0.0433918 0.884862 -0.463829
vn -0.775316 0.306056 -0.552463
vn -0.955642 0.20699 0.209533
vn 0.0433918 0.884862 -0.463829
vn 0.0433918 0.884862 -0.463829
vn -0.955642 0.20699 0.209533
vn 0.153875 0.966652 0.204711
vn -0.955642 0.20699 0.209533
vn -0.665158 0.43006 0.610421
vn 0.153875 0.966652 0.204711
vn -0.282777 0.68615 0.67025
vn 0.153875 0.966652 0.204711
vn -0.665158 0.43006 0.610421
vn 0.170073 0.413149 0.894641
vn 0.715992 0.65254 0.248088
vn 0.153875 0.966652 0.204711
vn -0.955642 0.20699 0.209533
vn -0.775316 0.306056 -0.552463
vn -0.908957 -0.242527 0.339084
vn -0.908957 -0.242527 0.339084
vn -0.387972 0.0346007 0.921021
vn -0.955642 0.20699 0.209533
vn -0.387972 0.0346007 0.921021
vn 0.170073 0.413149 0.894641
vn -0.282777 0.68615 0.67025
vn 0.170073 -0.413149 0.894641
vn -0.190679 -0.167384 0.967277
vn -0.387972 -0.0346007 0.921021
vn 0.715992 -0.65254 0.248088
vn 0.594956 -0.320331 0.737167
vn 0.170073 -0.413149 0.894641
vn -0.190679 -0.167384 0.967277
vn -0.906381 -0.214391 0.36402
vn -0.908957 0.242527 0.339084
vn 0.106266 -0.183179 -0.977319
vn -0.293249 -0.649055 -0.701949
vn -0.561911 0.186423 -0.805917
vn 0.106266 -0.183179 -0.977319
vn 0.587534 -0.547688 -0.595686
vn 0.0433918 -0.884862 -0.463829
vn 0.587534 -0.547688 -0.595686
vn 0.801963 -0.27817 -0.528656
vn 0.715992 -0.65254 0.248088
vn -0.908957 0.242527 0.339084
vn -0.906381 -0.214391 0.36402
vn -0.561911 0.186423 -0.805917
vn -0.824897 0.562938 -0.0514389
vn -0.964277 0.202162 -0.171173
vn -0.944983 -0.23762 -0.224819
vn -0.435592 0.567565 0.698662
vn -0.652584 0.757429 0.0208702
vn -0.824897 0.562938 -0.0514389
vn -0.647103 0.716211 -0.261341
vn -0.695484 0.714327 0.0777138
vn -0.964277 0.202162 -0.171173
vn 0.0867912 0.0608955 0.994364
vn -0.347064 0.588042 0.730584
vn -0.435592 0.567565 0.698662
vn -0.647103 0.716211 -0.261341
vn -0.307344 0.64017 -0.704076
vn -0.695484 0.714327 0.0777138
vn -0.307344 0.64017 -0.704076
vn -0.18827 0.962997 -0.192851
vn -0.695484 0.714327 0.0777138
vn -0.133099 -0.0753029 -0.988238
vn 0.309353 -0.699155 -0.64458
vn 0.585769 -0.78546 -0.19982
vn 0.406563 -0.58966 -0.697859
vn 0.309353 -0.699155 -0.64458
vn 0.297458 -0.608236 -0.735913
vn -0.00191395 -0.690807 -0.723036
vn 0.297458 -0.608236 -0.735913
vn 0.309353 -0.699155 -0.64458
vn 0.371181 -0.546313 0.750844
vn -0.100707 -0.0192408 0.99473
vn 0.0867912 0.0608955 0.994364
vn 0.124977 -0.992158 0.0019381
vn 0.443815 -0.895929 -0.0184186
vn -0.00191395 -0.690807 -0.723036
vn 0.0852725 -0.657253 0.74883
vn 0.371181 -0.546313 0.750844
vn 0.124977 -0.992158 0.0019381
vn 0.239161 -0.200002 0.950159
vn 0.157441 -0.338682 0.927635
vn 0.118185 -0.424963 0.897462
vn -0.223872 -0.375343 -0.899444
vn -0.0775051 -0.41823 -0.905028
vn -0.111642 -0.354758 -0.928269
vn -0.100437 -0.96212 -0.253452
vn -0.0775051 -0.41823 -0.905028
vn -0.223872 -0.375343 -0.899444
vn -0.0775051 -0.41823 -0.905028
vn -0.0146114 -0.420621 -0.907119
vn -0.111642 -0.354758 -0.928269
vn 0.170073 0.413149 0.894641
vn 0.153875 0.966652 0.204711
vn -0.282777 0.68615 0.67025
vn -0.387972 0.0346007 0.921021
vn -0.282777 0.68615 0.67025
vn -0.665158 0.43006 0.610421
vn -0.387972 0.0346007 0.921021
vn -0.665158 0.43006 0.610421
vn -0.955642 0.20699 0.209533
vn -0.387972 -0.0346007 0.921021
vn -0.190679 -0.167384 0.967277
vn -0.908957 0.242527 0.339084
vn 0.170073 -0.413149 0.894641
vn -0.387972 -0.0346007 0.921021
vn -0.282777 -0.68615 0.67025
vn 0.715992 -0.65254 0.248088
vn 0.170073 -0.413149 0.894641
vn 0.153875 -0.966652 0.204711
vn 0.106266 -0.183179 -0.977319
vn 0.0433918 -0.884862 -0.463829
vn -0.293249 -0.649055 -0.701949
vn -0.561911 0.186423 -0.805917
vn -0.293249 -0.649055 -0.701949
vn -0.775316 -0.306056 -0.552463
vn 0.153875 -0.966652 0.204711
vn 0.0433918 -0.884862 -0.463829
vn 0.587534 -0.547688 -0.595686
vn 0.715992 -0.65254 0.248088
vn 0.153875 -0.966652 0.204711
vn 0.587534 -0.547688 -0.595686
vn -0.908957 0.242527 0.339084
vn -0.561911 0.186423 -0.805917
vn -0.775316 -0.306056 -0.552463
vn -0.964277 0.202162 -0.171173
vn -0.49628 -0.861357 -0.108488
vn -0.944983 -0.23762 -0.224819
vn -0.824897 0.562938 -0.0514389
vn -0.944983 -0.23762 -0.224819
vn -0.961034 -0.113043 -0.252261
vn -0.698617 0.675845 0.234876
vn -0.435592 0.567565 0.698662
vn -0.824897 0.562938 -0.0514389
vn -0.981695 -0.116447 0.150712
vn -0.964277 0.202162 -0.171173
vn -0.906301 0.414558 0.0822161
vn -0.695484 0.714327 0.0777138
vn -0.906301 0.414558 0.0822161
vn -0.964277 0.202162 -0.171173
vn 0.0867912 0.0608955 0.994364
vn -0.435592 0.567565 0.698662
vn -0.536728 0.721697 0.437123
vn 0.585769 -0.78546 -0.19982
vn 0.406563 -0.58966 -0.697859
vn 0.795617 -0.574765 -0.191412
vn 0.309353 -0.699155 -0.64458
vn 0.406563 -0.58966 -0.697859
vn 0.585769 -0.78546 -0.19982
vn 0.590994 -0.515498 -0.620474
vn 0.406563 -0.58966 -0.697859
vn 0.493273 -0.851884 -0.175997
vn 0.297458 -0.608236 -0.735913
vn 0.493273 -0.851884 -0.175997
vn 0.406563 -0.58966 -0.697859
vn 0.443815 -0.895929 -0.0184186
vn 0.297458 -0.608236 -0.735913
vn -0.00191395 -0.690807 -0.723036
vn 0.371181 -0.546313 0.750844
vn 0.0867912 0.0608955 0.994364
vn 0.696758 -0.617753 0.364567
vn 0.371181 -0.546313 0.750844
vn 0.443815 -0.895929 -0.0184186
vn 0.124977 -0.992158 0.0019381
vn -0.387972 -0.0346007 0.921021
vn -0.908957 0.242527 0.339084
vn -0.955642 -0.20699 0.209533
vn 0.153875 -0.966652 0.204711
vn 0.170073 -0.413149 0.894641
vn -0.282777 -0.68615 0.67025
vn -0.282777 -0.68615 0.67025
vn -0.387972 -0.0346007 0.921021
vn -0.665158 -0.43006 0.610421
vn -0.293249 -0.649055 -0.701949
vn 0.0433918 -0.884862 -0.463829
vn -0.775316 -0.306056 -0.552463
vn -0.775316 -0.306056 -0.552463
vn 0.0433918 -0.884862 -0.463829
vn -0.955642 -0.20699 0.209533
vn 0.0433918 -0.884862 -0.463829
vn 0.153875 -0.966652 0.204711
vn -0.955642 -0.20699 0.209533
vn -0.955642 -0.20699 0.209533
vn 0.153875 -0.966652 0.204711
vn -0.665158 -0.43006 0.610421
vn -0.282777 -0.68615 0.67025
vn -0.665158 -0.43006 0.610421
vn 0.153875 -0.966652 0.204711
vn -0.955642 -0.20699 0.209533
vn -0.908957 0.242527 0.339084
vn -0.775316 -0.306056 -0.552463
vn 0.178996 -0.972928 -0.146189
vn -0.944983 -0.23762 -0.224819
vn -0.49628 -0.861357 -0.108488
vn -0.49628 -0.861357 -0.108488
vn -0.964277 0.202162 -0.171173
vn -0.981695 -0.116447 0.150712
vn -0.981695 -0.116447 0.150712
vn 0.21574 -0.974742 -0.0577509
vn -0.49628 -0.861357 -0.108488
vn 0.196059 -0.961191 -0.194096
vn -0.49628 -0.861357 -0.108488
vn 0.21574 -0.974742 -0.0577509
vn -0.961034 -0.113043 -0.252261
vn -0.931508 0.24242 -0.271157
vn -0.824897 0.562938 -0.0514389
vn -0.698617 0.675845 0.234876
vn -0.824897 0.562938 -0.0514389
vn -0.931508 0.24242 -0.271157
vn 0.178996 -0.972928 -0.146189
vn -0.961034 -0.113043 -0.252261
vn -0.944983 -0.23762 -0.224819
vn -0.435592 0.567565 0.698662
vn -0.698617 0.675845 0.234876
vn -0.536728 0.721697 0.437123
vn -0.510302 0.74384 0.431618
vn -0.536728 0.721697 0.437123
vn -0.698617 0.675845 0.234876
vn -0.981695 -0.116447 0.150712
vn -0.906301 0.414558 0.0822161
vn -0.235144 -0.372569 -0.897719
vn 0.926278 -0.343302 -0.155412
vn 0.795617 -0.574765 -0.191412
vn 0.590994 -0.515498 -0.620474
vn -0.536728 0.721697 0.437123
vn -0.550501 0.790961 0.267077
vn 0.0867912 0.0608955 0.994364
vn 0.406563 -0.58966 -0.697859
vn 0.590994 -0.515498 -0.620474
vn 0.795617 -0.574765 -0.191412
vn 0.196059 -0.961191 -0.194096
vn 0.21574 -0.974742 -0.0577509
vn 0.493273 -0.851884 -0.175997
vn 0.493273 -0.851884 -0.175997
vn 0.21574 -0.974742 -0.0577509
vn 0.590994 -0.515498 -0.620474
vn 0.926278 -0.343302 -0.155412
vn 0.590994 -0.515498 -0.620474
vn 0.21574 -0.974742 -0.0577509
vn 0.297458 -0.608236 -0.735913
vn 0.505865 -0.861232 -0.0487933
vn 0.493273 -0.851884 -0.175997
vn 0.443815 -0.895929 -0.0184186
vn 0.505865 -0.861232 -0.0487933
vn 0.297458 -0.608236 -0.735913
vn 0.371181 -0.546313 0.750844
vn 0.696758 -0.617753 0.364567
vn 0.443815 -0.895929 -0.0184186
vn 0.0867912 0.0608955 0.994364
vn 0.775789 -0.536409 0.33229
vn 0.696758 -0.617753 0.364567
vn -0.665158 -0.43006 0.610421
vn -0.387972 -0.0346007 0.921021
vn -0.955642 -0.20699 0.209533
vn 0.196059 -0.961191 -0.194096
vn -0.0529953 -0.981015 -0.186548
vn -0.49628 -0.861357 -0.108488
vn 0.178996 -0.972928 -0.146189
vn -0.49628 -0.861357 -0.108488
vn -0.0529953 -0.981015 -0.186548
vn 0.21574 -0.974742 -0.0577509
vn -0.981695 -0.116447 0.150712
vn -0.235144 -0.372569 -0.897719
vn -0.931508 0.24242 -0.271157
vn -0.510302 0.74384 0.431618
vn -0.698617 0.675845 0.234876
vn 0.151509 -0.89041 -0.429204
vn -0.931508 0.24242 -0.271157
vn -0.961034 -0.113043 -0.252261
vn 0.151509 -0.89041 -0.429204
vn -0.961034 -0.113043 -0.252261
vn 0.178996 -0.972928 -0.146189
vn -0.510302 0.74384 0.431618
vn -0.931508 0.24242 -0.271157
vn -0.536728 0.721697 0.437123
vn -0.603325 -0.616515 0.505873
vn -0.536728 0.721697 0.437123
vn -0.931508 0.24242 -0.271157
vn 0.926278 -0.343302 -0.155412
vn 0.21574 -0.974742 -0.0577509
vn -0.235144 -0.372569 -0.897719
vn -0.603325 -0.616515 0.505873
vn -0.550501 0.790961 0.267077
vn -0.536728 0.721697 0.437123
vn 0.688911 -0.721617 -0.0683364
vn 0.775789 -0.536409 0.33229
vn -0.0867912 -0.0608955 -0.994364
vn 0.493273 -0.851884 -0.175997
vn -0.0529953 -0.981015 -0.186548
vn 0.196059 -0.961191 -0.194096
vn 0.505865 -0.861232 -0.0487933
vn -0.0529953 -0.981015 -0.186548
vn 0.493273 -0.851884 -0.175997
vn 0.696758 -0.617753 0.364567
vn 0.505865 -0.861232 -0.0487933
vn 0.443815 -0.895929 -0.0184186
vn 0.696758 -0.617753 0.364567
vn 0.775789 -0.536409 0.33229
vn 0.151509 -0.89041 -0.429204
vn 0.505865 -0.861232 -0.0487933
vn 0.178996 -0.972928 -0.146189
vn -0.0529953 -0.981015 -0.186548
vn -0.931508 0.24242 -0.271157
vn 0.151509 -0.89041 -0.429204
vn -0.603325 -0.616515 0.505873
vn 0.178996 -0.972928 -0.146189
vn 0.505865 -0.861232 -0.0487933
vn 0.151509 -0.89041 -0.429204
vn 0.696758 -0.617753 0.364567
vn 0.151509 -0.89041 -0.429204
vn 0.505865 -0.861232 -0.0487933
vn 0.775789 -0.536409 0.33229
vn 0.688911 -0.721617 -0.0683364
vn 0.151509 -0.89041 -0.429204
vn -0.603325 -0.616515 0.505873
vn 0.151509 -0.89041 -0.429204
vn 0.688911 -0.721617 -0.0683364
vn 0 0 0
vn 0 0 0
vn 0 0 0
vn 0 0 0
vn 0 0 0
vn 0 0 0
vn 0 0 0
vn 0 0 0
vn 0 0 0
vn 0 0 0
vn 0 0 0
vn 0 0 0
vn 0 0 0
vn 0 0 0
vn 0 0 0
vn 0 0 0
vn 0 0 0
vn 0 0 0
vn 0 0 0
vn 0 0 0
vn 0 0 0
vn 0 0 0
vn 0 0 0
vn 0 0 0
vn 0 0 0
vn 0 0 0
vn 0 0 0
vn 0 0 0
vn 0 0 0
vn 0 0 0
vn 0 0 0
vn 0 0 0
vn 0 0 0
vn 0 0 0
vn 0 0 0
vn 0 0 0
vn 0 0 0
vn 0 0 0
vn 0 0 0
vn 0 0 0
vn 0 0 0
vn 0 0 0
vn 0 0 0
vn 0 0 0
vn 0 0 0
vn 0 0 0
vn 0 0 0
vn 0 0 0
vn 0 0 0
vn 0 0 0
vn 0 0 0
vn 0 0 0
vn 0 0 0
vn 0 0 0
vn 0 0 0
vn 0 0 0
vn 0 0 0
vn 0 0 0
vn 0 0 0
vn 0 0 0
vn 0 0 0
vn 0 0 0
vn 0 0 0
vn 0 0 0
vn 0 0 0
vn 0 0 0
vn 0 0 0
vn 0 0 0
vn 0 0 0
vn 0 0 0
vn 0 0 0
vn 0 0 0
vn 0 0 0
vn 0 0 0
vn 0 0 0
vn 0 0 0
vn 0 0 0
vn 0 0 0
vn 0 0 0
vn 0 0 0
vn 0 0 0
vn 0 0 0
vn 0 0 0
vn 0 0 0
vn 0 0 0
vn 0 0 0
vn 0 0 0
vn 0 0 0
vn 0 0 0
vn 0 0 0
vn 0 0 0
vn 0 0 0
vn 0 0 0
vn 0 0 0
vn 0 0 0
vn 0 0 0
vn 0 0 0
vn 0 0 0
vn 0 0 0
vn 0 0 0
vn 0 0 0
vn 0 0 0
vn 0 0 0
vn 0 0 0
vn 0 0 0
vn 0 0 0
vn 0 0 0
vn 0 0 0
vn 0 0 0
vn 0 0 0
vn 0 0 0
vn 0 0 0
vn 0 0 0
vn 0 0 0
vn 0 0 0
vn 0 0 0
vn 0 0 0
vn 0 0 0
vn 0 0 0
vn 0 0 0
vn 0 0 0
vn 0 0 0
vn 0 0 0
vn 0 0 0
vn 0 0 0
vn 0 0 0
vn 0 0 0
vn 0 0 0
vn 0 0 0
vn 0 0 0
vn 0 0 0
vn 0 0 0
vn 0 0 0
vn 0 0 0
vn 0 0 0
vn 0 0 0
vn 0 0 0
vn 0 0 0
vn 0 0 0
vn 0 0 0
vn 0 0 0
vn 0 0 0
vn 0 0 0
vn 0 0 0
vn 0 0 0
vn 0 0 0
vn 0 0 0
vn 0 0 0
vn 0 0 0
vn 0 0 0
vn 0 0 0
vn 0 0 0
vn 0 0 0
vn 0 0 0
vn 0 0 0
vn 0 0 0
vn 0 0 0
vn 0 0 0
vn 0 0 0
vn 0 0 0
vn 0 0 0
vn 0 0 0
vn 0 0 0
vn 0 0 0
vn 0 0 0
vn 0 0 0
vn 0 0 0
vn 0 0 0
vn 0 0 0
vn 0 0 0
vn 0 0 0
vn 0 0 0
vn 0 0 0
vn 0 0 0
vn 0 0 0
vn 0 0 0
vn 0 0 0
vn 0 0 0
vn 0 0 0
vn 0 0 0
vn 0 0 0
vn 0 0 0
vn 0 0 0
vn 0 0 0
vn 0 0 0
vn 0 0 0
vn 0 0 0
vn 0 0 0
vn 0 0 0
vn 0 0 0
vn 0 0 0
vn 0 0 0
vn 0 0 0
vn 0 0 0
vn 0 0 0
vn 0 0 0
vn 0 0 0
vn 0 0 0
vn 0 0 0
vn 0 0 0
vn 0 0 0
vn 0 0 0
vn 0 0 0
vn 0 0 0
vn 0 0 0
vn 0 0 0
vn 0 0 0
vn 0 0 0
vn 0 0 0
vn 0 0 0
vn 0 0 0
vn 0 0 0
vn 0 0 0
vn 0 0 0
vn 0 0 0
vn 0 0 0
vn 0 0 0
vn 0 0 0
vn 0 0 0
vn 0 0 0
vn 0 0 0
vn 0 0 0
vn 0 0 0
vn 0 0 0
vn 0 0 0
vn 0 0 0
vn 0 0 0
vn 0 0 0
vn 0 0 0
vn 0 0 0
vn 0 0 0
vn 0 0 0
vn 0 0 0
vn 0 0 0
vn 0 0 0
vn 0 0 0
vn 0 0 0
vn 0 0 0
vn 0 0 0
vn 0 0 0
vn 0 0 0
vn 0 0 0
vn 0 0 0
vn 0 0 0
vn 0 0 0
vn 0 0 0
vn 0 0 0
vn 0 0 0
vn 0 0 0
vn 0 0 0
vn 0 0 0
vn 0 0 0
vn 0 0 0
vn 0 0 0
vn 0 0 0
vn 0 0 0
vn 0 0 0
vn 0 0 0
vn 0 0 0
vn 0 0 0
vn 0 0 0
vn 0 0 0
vn 0 0 0
vn 0 0 0
vn 0 0 0
vn 0 0 0
vn 0 0 0
vn 0 0 0
vn 0 0 0
vn 0 0 0
vn 0 0 0
vn 0 0 0
vn 0 0 0
vn 0 0 0
vn 0 0 0
vn 0 0 0
vn 0 0 0
vn 0 0 0
vn 0 0 0
vn 0 0 0
vn 0 0 0
vn 0 0 0
vn 0 0 0
vn 0 0 0
vn 0 0 0
vn 0 0 0
vn 0 0 0
vn 0 0 0
vn 0 0 0
vn 0 0 0
vn 0 0 0
vn 0 0 0
vn 0 0 0
vn 0 0 0
vn 0 0 0
vn 0 0 0
vn 0 0 0
vn 0 0 0
vn 0 0 0
vn 0 0 0
vn 0 0 0
vn 0 0 0
vn 0 0 0
vn 0 0 0
vn 0 0 0
vn 0 0 0
vn 0 0 0
vn 0 0 0
vn 0 0 0
vn 0 0 0
vn 0 0 0
vn 0 0 0
vn 0 0 0
vn 0 0 0
vn 0 0 0
vn 0 0 0
vn 0 0 0
vn 0 0 0
vn 0 0 0
vn 0 0 0
vn 0 0 0
vn 0 0 0
vn 0 0 0
vn 0 0 0
vn 0 0 0
vn 0 0 0
vn 0 0 0
vn 0 0 0
vn 0 0 0
vn 0 0 0
vn 0 0 0
vn 0 0 0
vn 0 0 0
vn 0 0 0
vn 0 0 0
vn 0 0 0
vn 0 0 0
vn 0 0 0
vn 0 0 0
vn 0 0 0
vn 0 0 0
vn 0 0 0
vn 0 0 0
vn 0 0 0
vn 0 0 0
vn 0 0 0
vn 0 0 0
vn 0 0 0
vn 0 0 0
vn 0 0 0
vn 0 0 0
vn 0 0 0
vn 0 0 0
vn 0 0 0
vn 0 0 0
vn 0 0 0
vn 0 0 0
vn 0 0 0
vn 0 0 0
vn 0 0 0
vn 0 0 0
vn 0 0 0
vn 0 0 0
vn 0 0 0
vn 0 0 0
vn 0 0 0
vn 0 0 0
vn 0 0 0
vn 0 0 0
vn 0 0 0
vn 0 0 0
vn 0 0 0
vn 0 0 0
vn 0 0 0
vn 0 0 0
vn 0 0 0
vn 0 0 0
vn 0 0 0
vn 0 0 0
vn 0 0 0
vn 0 0 0
vn 0 0 0
vn 0 0 0
vn 0 0 0
vn 0 0 0
vn 0 0 0
vn 0 0 0
vn 0 0 0
vn 0 0 0
vn 0 0 0
vn 0 0 0
vn 0 0 0
vn 0 0 0
vn 0 0 0
vn 0 0 0
vn 0 0 0
vn 0 0 0
vn 0 0 0
vn 0 0 0
vn 0 0 0
vn 0 0 0
vn 0 0 0
vn 0 0 0
vn 0 0 0
vn 0 0 0
vn 0 0 0
vn 0 0 0
vn 0 0 0
vn 0 0 0
vn 0 0 0
vn 0 0 0
vn 0 0 0
vn 0 0 0
vn 0 0 0
vn 0 0 0
vn 0 0 0
vn 0 0 0
vn 0 0 0
vn 0 0 0
vn 0 0 0
vn 0 0 0
vn 0 0 0
vn 0 0 0
vn 0 0 0
vn 0 0 0
vn 0 0 0
vn 0 0 0
vn 0 0 0
vn 0 0 0
vn 0 0 0
vn 0 0 0
vn 0 0 0
vn 0 0 0
vn 0 0 0
vn 0 0 0
vn 0 0 0
vn 0 0 0
vn 0 0 0
vn 0 0 0
vn 0 0 0
vn 0 0 0
vn 0 0 0
vn 0 0 0
vn 0 0 0
vn 0 0 0
vn 0 0 0
vn 0 0 0
vn 0 0 0
vn 0 0 0
vn 0 0 0
vn 0 0 0
vn 0 0 0
vn 0 0 0
vn 0 0 0
vn 0 0 0
vn 0 0 0
vn 0 0 0
vn 0 0 0
vn 0 0 0
vn 0 0 0
vn 0 0 0
vn 0 0 0
vn 0 0 0
vn 0 0 0
vn 0 0 0
vn 0 0 0
vn 0 0 0
vn 0 0 0
vn 0 0 0
vn 0 0 0
vn 0 0 0
vn 0 0 0
vn 0 0 0
vn 0 0 0
vn 0 0 0
vn 0 0 0
vn 0 0 0
vn 0 0 0
vn 0 0 0
vn 0 0 0
vn 0 0 0
vn 0 0 0
vn 0 0 0
vn 0 0 0
vn 0 0 0
vn 0 0 0
vn 0 0 0
vn 0 0 0
vn 0 0 0
vn 0 0 0
vn 0 0 0
vn 0 0 0
vn 0 0 0
vn 0 0 0
vn 0 0 0
vn 0 0 0
vn 0 0 0
vn 0 0 0
vn 0 0 0
vn 0 0 0
vn 0 0 0
vn 0 0 0
vn 0 0 0
vn 0 0 0
vn 0 0 0
vn 0 0 0
vn 0 0 0
vn 0 0 0
vn 0 0 0
vn 0 0 0
vn 0 0 0
vn 0 0 0
vn 0 0 0
vn 0 0 0
vn 0 0 0
vn 0 0 0
vn 0 0 0
vn 0 0 0
vn 0 0 0
vn 0 0 0
vn 0 0 0
vn 0 0 0
vn 0 0 0
vn 0 0 0
vn 0 0 0
vn 0 0 0
vn 0 0 0
vn 0 0 0
vn 0 0 0
vn 0 0 0
vn 0 0 0
vn 0 0 0
vn 0 0 0
vn 0 0 0
vn 0 0 0
vn 0 0 0
vn 0 0 0
vn 0 0 0
vn 0 0 0
vn 0 0 0
vn 0 0 0
vn 0 0 0
vn 0 0 0
vn 0 0 0
vn 0 0 0
vn 0 0 0
vn 0 0 0
vn 0 0 0
vn 0 0 0
vn 0 0 0
vn 0 0 0
vn 0 0 0
vn 0 0 0
vn 0 0 0
vn 0 0 0
vn 0 0 0
vn 0 0 0
vn 0 0 0
vn 0 0 0
vn 0 0 0
vn 0 0 0
vn 0 0 0
vn 0 0 0
vn 0 0 0
vn 0 0 0
vn 0 0 0
vn 0 0 0
vn 0 0 0
vn 0 0 0
vn 0 0 0
vn 0 0 0
vn 0 0 0
vn 0 0 0
vn 0 0 0
vn 0 0 0
vn 0 0 0
vn 0 0 0
vn 0 0 0
vn 0 0 0
vn 0 0 0
vn 0 0 0
vn 0 0 0
vn 0 0 0
vn 0 0 0
vn 0 0 0
vn 0 0 0
vn 0 0 0
vn 0 0 0
vn 0 0 0
vn 0 0 0
vn 0 0 0
vn 0 0 0
vn 0 0 0
vn 0 0 0
vn 0 0 0
vn 0 0 0
vn 0 0 0
vn 0 0 0
vn 0 0 0
vn 0 0 0
vn 0 0 0
vn 0 0 0
vn 0 0 0
vn 0 0 0
vn 0 0 0
vn 0 0 0
vn 0 0 0
vn 0 0 0
vn 0 0 0
vn 0 0 0
vn 0 0 0
vn 0 0 0
vn 0 0 0
vn 0 0 0
vn 0 0 0
vn 0 0 0
vn 0 0 0
vn 0 0 0
vn 0 0 0
vn 0 0 0
vn 0 0 0
vn 0 0 0
vn 0 0 0
vn 0 0 0
vn 0 0 0
vn 0 0 0
vn 0 0 0
vn 0 0 0
vn 0 0 0
vn 0 0 0
vn 0 0 0
vn 0 0 0
vn 0 0 0
vn 0 0 0
vn 0 0 0
vn 0 0 0
vn 0 0 0
vn 0 0 0
vn 0 0 0
vn 0 0 0
vn 0 0 0
vn 0 0 0
vn 0 0 0
vn 0 0 0
vn 0 0 0
vn 0 0 0
vn 0 0 0
vn 0 0 0
vn 0 0 0
vn 0 0 0
vn 0 0 0
vn 0 0 0
vn 0 0 0
vn 0 0 0
vn 0 0 0
vn 0 0 0
vn 0 0 0
vn 0 0 0
vn 0 0 0
vn 0 0 0
vn 0 0 0
vn 0 0 0
vn 0 0 0
vn 0 0 0
vn 0 0 0
vn 0 0 0
vn 0 0 0
vn 0 0 0
vn 0 0 0
vn 0 0 0
vn 0 0 0
vn 0 0 0
vn 0 0 0
vn 0 0 0
vn 0 0 0
vn 0 0 0
vn 0 0 0
vn 0 0 0
vn 0 0 0
vn 0 0 0
vn 0 0 0
vn 0 0 0
vn 0 0 0
vn 0 0 0
vn 0 0 0
vn 0 0 0
vn 0 0 0
vn 0 0 0
vn 0 0 0
vn 0 0 0
vn 0 0 0
vn 0 0 0
vn 0 0 0
vn 0 0 0
vn 0 0 0
vn 0 0 0
vn 0 0 0
vn 0 0 0
vn 0 0 0
vn 0 0 0
vn 0 0 0
vn 0 0 0
vn 0 0 0
vn 0 0 0
vn 0 0 0
vn 0 0 0
vn 0 0 0
vn 0 0 0
vn 0 0 0
vn 0 0 0
vn 0 0 0
vn 0 0 0
vn 0 0 0
vn 0 0 0
vn 0 0 0
vn 0 0 0
vn 0 0 0
vn 0 0 0
vn 0 0 0
vn 0 0 0
vn 0 0 0
vn 0 0 0
vn 0 0 0
vn 0 0 0
vn 0 0 0
vn 0 0 0
vn 0 0 0
vn 0 0 0
vn 0 0 0
vn 0 0 0
vn 0 0 0
vn 0 0 0
vn 0 0 0
vn 0 0 0
vn 0 0 0
vn 0 0 0
vn 0 0 0
vn 0 0 0
vn 0 0 0
vn 0 0 0
vn 0 0 0
vn 0 0 0
vn 0 0 0
vn 0 0 0
vn 0 0 0
vn 0 0 0
vn 0 0 0
vn 0 0 0
vn 0 0 0
vn 0 0 0
vn 0 0 0
vn 0 0 0
vn 0 0 0
vn 0 0 0
vn 0 0 0
vn 0 0 0
vn 0 0 0
vn 0 0 0
vn 0 0 0
vn 0 0 0
vn 0 0 0
vn 0 0 0
vn 0 0 0
vn 0 0 0
vn 0 0 0
vn 0 0 0
vn 0 0 0
vn 0 0 0
vn 0 0 0
vn 0 0 0
vn 0 0 0
vn 0 0 0
vn 0 0 0
vn 0 0 0
vn 0 0 0
vn 0 0 0
vn 0 0 0
vn 0 0 0
vn 0 0 0
vn 0 0 0
vn 0 0 0
vn 0 0 0
vn 0 0 0
vn 0 0 0
vn 0 0 0
vn 0 0 0
vn 0 0 0
vn 0 0 0
vn 0 0 0
vn 0 0 0
vn 0 0 0
vn 0 0 0
vn 0 0 0
vn 0 0 0
vn 0 0 0
vn 0 0 0
vn 0 0 0
vn 0 0 0
vn 0 0 0
vn 0 0 0
vn 0 0 0
vn 0 0 0
vn 0 0 0
vn 0 0 0
vn 0 0 0
vn 0 0 0
vn 0 0 0
vn 0 0 0
vn 0 0 0
vn 0 0 0
vn 0 0 0
vn 0 0 0
vn 0 0 0
vn 0 0 0
vn 0 0 0
vn 0 0 0
vn 0 0 0
vn 0 0 0
vn 0 0 0
vn 0 0 0
vn 0 0 0
vn 0 0 0
vn 0 0 0
vn 0 0 0
vn 0 0 0
vn 0 0 0
vn 0 0 0
vn 0 0 0
vn 0 0 0
vn 0 0 0
vn 0 0 0
vn 0 0 0
vn 0 0 0
vn 0 0 0
vn 0 0 0
vn 0 0 0
vn 0 0 0
vn 0 0 0
vn 0 0 0
vn 0 0 0
vn 0 0 0
vn 0 0 0
vn 0 0 0
vn 0 0 0
vn 0 0 0
vn 0 0 0
vn 0 0 0
vn 0 0 0
vn 0 0 0
vn 0 0 0
vn 0 0 0
vn 0 0 0
vn 0 0 0
vn 0 0 0
vn 0 0 0
vn 0 0 0
vn 0 0 0
vn 0 0 0
vn 0 0 0
vn 0 0 0
vn 0 0 0
vn 0 0 0
vn 0 0 0
vn 0 0 0
vn 0 0 0
vn 0 0 0
vn 0 0 0
vn 0 0 0
vn 0 0 0
vn 0 0 0
vn 0 0 0
vn 0 0 0
vn 0 0 0
vn 0 0 0
vn 0 0 0
vn 0 0 0
vn 0 0 0
vn 0 0 0
vn 0 0 0
vn 0 0 0
vn 0 0 0
vn 0 0 0
vn 0 0 0
vn 0 0 0
vn 0 0 0
vn 0 0 0
vn 0 0 0
vn 0 0 0
vn 0 0 0
vn 0 0 0
vn 0 0 0
vn 0 0 0
vn 0 0 0
vn 0 0 0
vn 0 0 0
vn 0 0 0
vn 0 0 0
vn 0 0 0
vn 0 0 0
vn 0 0 0
vn 0 0 0
vn 0 0 0
vn 0 0 0
vn 0 0 0
vn 0 0 0
vn 0 0 0
vn 0 0 0
vn 0 0 0
vn 0 0 0
vn 0 0 0
vn 0 0 0
vn 0 0 0
vn 0 0 0
vn 0 0 0
vn 0 0 0
vn 0 0 0
vn 0 0 0
vn 0 0 0
vn 0 0 0
vn 0 0 0
vn 0 0 0
vn 0 0 0
vn 0 0 0
vn 0 0 0
vn 0 0 0
vn 0 0 0
vn 0 0 0
vn 0 0 0
vn 0 0 0
vn 0 0 0
vn 0 0 0
vn 0 0 0
vn 0 0 0
vn 0 0 0
vn 0 0 0
vn 0 0 0
vn 0 0 0
vn 0 0 0
vn 0 0 0
vn 0 0 0
vn 0 0 0
vn 0 0 0
vn 0 0 0
vn 0 0 0
vn 0 0 0
vn 0 0 0
vn 0 0 0
vn 0 0 0
vn 0 0 0
vn 0 0 0
vn 0 0 0
vn 0 0 0
vn 0 0 0
vn 0 0 0
vn 0 0 0
vn 0 0 0
vn 0 0 0
vn 0 0 0
vn 0 0 0
vn 0 0 0
vn 0 0 0
vn 0 0 0
vn 0 0 0
vn 0 0 0
vn 0 0 0
vn 0 0 0
vn 0 0 0
vn 0 0 0
vn 0 0 0
vn 0 0 0
vn 0 0 0
vn 0 0 0
vn 0 0 0
vn 0 0 0
vn 0 0 0
vn 0 0 0
vn 0 0 0
vn 0 0 0
vn 0 0 0
vn 0 0 0
vn 0 0 0
vn 0 0 0
vn 0 0 0
vn 0 0 0
vn 0 0 0
vn 0 0 0
vn 0 0 0
vn 0 0 0
vn 0 0 0
vn 0 0 0
vn 0 0 0
vn 0 0 0
vn 0 0 0
vn 0 0 0
vn 0 0 0
vn 0 0 0
vn 0 0 0
vn 0 0 0
vn 0 0 0
vn 0 0 0
vn 0 0 0
vn 0 0 0
vn 0 0 0
vn 0 0 0
vn 0 0 0
vn 0 0 0
vn 0 0 0
vn 0 0 0
vn 0 0 0
vn 0 0 0
vn 0 0 0
vn 0 0 0
vn 0 0 0
vn 0 0 0
vn 0 0 0
vn 0 0 0
vn 0 0 0
vn 0 0 0
vn 0 0 0
vn 0 0 0
vn 0 0 0
vn 0 0 0
vn 0 0 0
vn 0 0 0
vn 0 0 0
vn 0 0 0
vn 0 0 0
vn 0 0 0
vn 0 0 0
vn 0 0 0
vn 0 0 0
vn 0 0 0
vn 0 0 0
vn 0 0 0
vn 0 0 0
vn 0 0 0
vn 0 0 0
vn 0 0 0
vn 0 0 0
vn 0 0 0
vn 0 0 0
vn 0 0 0
vn 0 0 0
vn 0 0 0
vn 0 0 0
vn 0 0 0
vn 0 0 0
vn 0 0 0
vn 0 0 0
vn 0 0 0
vn 0 0 0
vn 0 0 0
vn 0 0 0
vn 0 0 0
vn 0 0 0
vn 0 0 0
vn 0 0 0
vn 0 0 0
vn 0 0 0
vn 0 0 0
vn 0 0 0
vn 0 0 0
vn 0 0 0
vn 0 0 0
vn 0 0 0
vn 0 0 0
vn 0 0 0
vn 0 0 0
vn 0 0 0
vn 0 0 0
vn 0 0 0
vn 0 0 0
vn 0 0 0
vn 0 0 0
vn 0 0 0
vn 0 0 0
vn 0 0 0
vn 0 0 0
vn 0 0 0
vn 0 0 0
vn 0 0 0
vn 0 0 0
vn 0 0 0
vn 0 0 0
vn 0 0 0
vn 0 0 0
vn 0 0 0
vn 0 0 0
vn 0 0 0
vn 0 0 0
vn 0 0 0
vn 0 0 0
vn 0 0 0
vn 0 0 0
vn 0 0 0
vn 0 0 0
vn 0 0 0
vn 0 0 0
vn 0 0 0
vn 0 0 0
vn 0 0 0
vn 0 0 0
vn 0 0 0
vn 0 0 0
vn 0 0 0
vn 0 0 0
vn 0 0 0
vn 0 0 0
vn 0 0 0
vn 0 0 0
vn 0 0 0
vn 0 0 0
vn 0 0 0
vn 0 0 0
vn 0 0 0
vn 0 0 0
vn 0 0 0
vn 0 0 0
vn 0 0 0
vn 0 0 0
vn 0 0 0
vn 0 0 0
vn 0 0 0
vn 0 0 0
vn 0 0 0
vn 0 0 0
vn 0 0 0
vn 0 0 0
vn 0 0 0
vn 0 0 0
vn 0 0 0
vn 0 0 0
vn 0 0 0
vn 0 0 0
vn 0 0 0
vn 0 0 0
vn 0 0 0
vn 0 0 0
vn 0 0 0
vn 0 0 0
vn 0 0 0
vn 0 0 0
vn 0 0 0
vn 0 0 0
vn 0 0 0
vn 0 0 0
vn 0 0 0
vn 0 0 0
vn 0 0 0
vn 0 0 0
vn 0 0 0
vn 0 0 0
vn 0 0 0
vn 0 0 0
vn 0 0 0
vn 0 0 0
vn 0 0 0
vn 0 0 0
vn 0 0 0
vn 0 0 0
vn 0 0 0
vn 0 0 0
vn 0 0 0
vn 0 0 0
vn 0 0 0
vn 0 0 0
vn 0 0 0
vn 0 0 0
vn 0 0 0
vn 0 0 0
vn 0 0 0
vn 0 0 0
vn 0 0 0
vn 0 0 0
vn 0 0 0
vn 0 0 0
vn 0 0 0
vn 0 0 0
vn 0 0 0
vn 0 0 0
vn 0 0 0
vn 0 0 0
vn 0 0 0
vn 0 0 0
vn 0 0 0
vn 0 0 0
vn 0 0 0
vn 0 0 0
vn 0 0 0
vn 0 0 0
vn 0 0 0
vn 0 0 0
vn 0 0 0
vn 0 0 0
vn 0 0 0
vn 0 0 0
vn 0 0 0
vn 0 0 0
vn 0 0 0
vn 0 0 0
vn 0 0 0
vn 0 0 0
vn 0 0 0
vn 0 0 0
vn 0 0 0
vn 0 0 0
vn 0 0 0
vn 0 0 0
vn 0 0 0
vn 0 0 0
vn 0 0 0
vn 0 0 0
vn 0 0 0
vn 0 0 0
vn 0 0 0
vn 0 0 0
vn 0 0 0
vn 0 0 0
vn 0 0 0
vn 0 0 0
vn 0 0 0
vn 0 0 0
vn 0 0 0
vn 0 0 0
vn 0 0 0
vn 0 0 0
vn 0 0 0
vn 0 0 0
vn 0 0 0
vn 0 0 0
vn 0 0 0
vn 0 0 0
vn 0 0 0
vn 0 0 0
vn 0 0 0
vn 0 0 0
vn 0 0 0
vn 0 0 0
vn 0 0 0
vn 0 0 0
vn 0 0 0
vn 0 0 0
vn 0 0 0
vn 0 0 0
vn 0 0 0
vn 0 0 0
vn 0 0 0
vn 0 0 0
vn 0 0 0
vn 0 0 0
vn 0 0 0
vn 0 0 0
vn 0 0 0
vn 0 0 0
vn 0 0 0
vn 0 0 0
vn 0 0 0
vn 0 0 0
vn 0 0 0
vn 0 0 0
vn 0 0 0
vn 0 0 0
vn 0 0 0
vn 0 0 0
vn 0 0 0
vn 0 0 0
vn 0 0 0
vn 0 0 0
vn 0 0 0
vn 0 0 0
vn 0 0 0
vn 0 0 0
vn 0 0 0
vn 0 0 0
vn 0 0 0
vn 0 0 0
vn 0 0 0
vn 0 0 0
vn 0 0 0
vn 0 0 0
vn 0 0 0
vn 0 0 0
vn 0 0 0
vn 0 0 0
vn 0 0 0
vn 0 0 0
vn 0 0 0
vn 0 0 0
vn 0 0 0
vn 0 0 0
vn 0 0 0
vn 0 0 0
vn 0 0 0
vn 0 0 0
vn 0 0 0
vn 0 0 0
vn 0 0 0
vn 0 0 0
vn 0 0 0
vn 0 0 0
vn 0 0 0
vn 0 0 0
vn 0 0 0
vn 0 0 0
vn 0 0 0
vn 0 0 0
vn 0 0 0
vn 0 0 0
vn 0 0 0
vn 0 0 0
vn 0 0 0
vn 0 0 0
vn 0 0 0
vn 0 0 0
vn 0 0 0
vn 0 0 0
vn 0 0 0
vn 0 0 0
vn 0 0 0
vn 0 0 0
vn 0 0 0
vn 0 0 0
vn 0 0 0
vn 0 0 0
vn 0 0 0
vn 0 0 0
vn 0 0 0
vn 0 0 0
vn 0 0 0
vn 0 0 0
vn 0 0 0
vn 0 0 0
vn 0 0 0
vn 0 0 0
vn 0 0 0
vn 0 0 0
vn 0 0 0
vn 0 0 0
vn 0 0 0
vn 0 0 0
vn 0 0 0
vn 0 0 0
vn 0 0 0
vn 0 0 0
vn 0 0 0
vn 0 0 0
vn 0 0 0
vn 0 0 0
vn 0 0 0
vn 0 0 0
vn 0 0 0
vn 0 0 0
vn 0 0 0
vn 0 0 0
vn 0 0 0
vn 0 0 0
vn 0 0 0
vn 0 0 0
vn 0 0 0
vn 0 0 0
vn 0 0 0
vn 0 0 0
vn 0 0 0
vn 0 0 0
vn 0 0 0
vn 0 0 0
vn 0 0 0
vn 0 0 0
vn 0 0 0
vn 0 0 0
vn 0 0 0
vn 0 0 0
vn 0 0 0
vn 0 0 0
vn 0 0 0
vn 0 0 0
vn 0 0 0
vn 0 0 0
vn 0 0 0
vn 0 0 0
vn 0 0 0
vn 0 0 0
vn 0 0 0
vn 0 0 0
vn 0 0 0
vn 0 0 0
vn 0 0 0
vn 0 0 0
vn 0 0 0
vn 0 0 0
vn 0 0 0
vn 0 0 0
vn 0 0 0
vn 0 0 0
vn 0 0 0
vn 0 0 0
vn 0 0 0
vn 0 0 0
vn 0 0 0
vn 0 0 0
vn 0 0 0
vn 0 0 0
vn 0 0 0
vn 0 0 0
vn 0 0 0
vn 0 0 0
vn 0 0 0
vn 0 0 0
vn 0 0 0
vn 0 0 0
vn 0 0 0
vn 0 0 0
vn 0 0 0
vn 0 0 0
vn 0 0 0
vn 0 0 0
vn 0 0 0
vn 0 0 0
vn 0 0 0
vn 0 0 0
vn 0 0 0
vn 0 0 0
vn 0 0 0
vn 0 0 0
vn 0 0 0
vn 0 0 0
vn 0 0 0
vn 0 0 0
vn 0 0 0
vn 0 0 0
vn 0 0 0
vn 0 0 0
vn 0 0 0
vn 0 0 0
vn 0 0 0
vn 0 0 0
vn 0 0 0
vn 0 0 0
vn 0 0 0
vn 0 0 0
vn 0 0 0
vn 0 0 0
vn 0 0 0
vn 0 0 0
vn 0 0 0
vn 0 0 0
vn 0 0 0
vn 0 0 0
vn 0 0 0
vn 0 0 0
vn 0 0 0
vn 0 0 0
vn 0 0 0
vn 0 0 0
vn 0 0 0
vn 0 0 0
vn 0 0 0
vn 0 0 0
vn 0 0 0
vn 0 0 0
vn 0 0 0
vn 0 0 0
vn 0 0 0
vn 0 0 0
vn 0 0 0
vn 0 0 0
vn 0 0 0
vn 0 0 0
vn 0 0 0
vn 0 0 0
vn 0 0 0
vn 0 0 0
vn 0 0 0
vn 0 0 0
vn 0 0 0
vn 0 0 0
vn 0 0 0
vn 0 0 0
vn 0 0 0
vn 0 0 0
vn 0 0 0
vn 0 0 0
vn 0 0 0
vn 0 0 0
vn 0 0 0
vn 0 0 0
vn 0 0 0
vn 0 0 0
vn 0 0 0
vn 0 0 0
vn 0 0 0
vn 0 0 0
vn 0 0 0
vn 0 0 0
vn 0 0 0
vn 0 0 0
vn 0 0 0
vn 0 0 0
vn 0 0 0
vn 0 0 0
vn 0 0 0
vn 0 0 0
vn 0 0 0
vn 0 0 0
vn 0 0 0
vn 0 0 0
vn 0 0 0
vn 0 0 0
vn 0 0 0
vn 0 0 0
vn 0 0 0
vn 0 0 0
vn 0 0 0
vn 0 0 0
vn 0 0 0
vn 0 0 0
vn 0 0 0
vn 0 0 0
vn 0 0 0
vn 0 0 0
vn 0 0 0
vn 0 0 0
vn 0 0 0
vn 0 0 0
vn 0 0 0
vn 0 0 0
vn 0 0 0
vn 0 0 0
vn 0 0 0
vn 0 0 0
vn 0 0 0
vn 0 0 0
vn 0 0 0
vn 0 0 0
vn 0 0 0
vn 0 0 0
vn 0 0 0
vn 0 0 0
vn 0 0 0
vn 0 0 0
vn 0 0 0
vn 0 0 0
vn 0 0 0
vn 0 0 0
vn 0 0 0
vn 0 0 0
vn 0 0 0
vn 0 0 0
vn 0 0 0
vn 0 0 0
vn 0 0 0
vn 0 0 0
vn 0 0 0
vn 0 0 0
vn 0 0 0
vn 0 0 0
vn 0 0 0
vn 0 0 0
vn 0 0 0
vn 0 0 0
vn 0 0 0
vn 0 0 0
vn 0 0 0
vn 0 0 0
vn 0 0 0
vn 0 0 0
vn 0 0 0
vn 0 0 0
vn 0 0 0
vn 0 0 0
vn 0 0 0
vn 0 0 0
vn 0 0 0
vn 0 0 0
vn 0 0 0
vn 0 0 0
vn 0 0 0
vn 0 0 0
vn 0 0 0
vn 0 0 0
vn 0 0 0
vn 0 0 0
vn 0 0 0
vn 0 0 0
vn 0 0 0
vn 0 0 0
vn 0 0 0
vn 0 0 0
vn 0 0 0
vn 0 0 0
vn 0 0 0
vn 0 0 0
vn 0 0 0
vn 0 0 0
vn 0 0 0
vn 0 0 0
vn 0 0 0
vn 0 0 0
vn 0 0 0
vn 0 0 0
vn 0 0 0
vn 0 0 0
vn 0 0 0
vn 0 0 0
vn 0 0 0
vn 0 0 0
vn 0 0 0
vn 0 0 0
vn 0 0 0
vn 0 0 0
vn 0 0 0
vn 0 0 0
vn 0 0 0
vn 0 0 0
vn 0 0 0
vn 0 0 0
vn 0 0 0
vn 0 0 0
vn 0 0 0
vn 0 0 0
vn 0 0 0
vn 0 0 0
vn 0 0 0
vn 0 0 0
vn 0 0 0
vn 0 0 0
vn 0 0 0
vn 0 0 0
vn 0 0 0
vn 0 0 0
vn 0 0 0
vn 0 0 0
vn 0 0 0
vn 0 0 0
vn 0 0 0
vn 0 0 0
vn 0 0 0
vn 0 0 0
vn 0 0 0
vn 0 0 0
vn 0 0 0
vn 0 0 0
vn 0 0 0
vn 0 0 0
vn 0 0 0
vn 0 0 0
vn 0 0 0
vn 0 0 0
vn 0 0 0
vn 0 0 0
vn 0 0 0
vn 0 0 0
vn 0 0 0
vn 0 0 0
vn 0 0 0
vn 0 0 0
vn 0 0 0
vn 0 0 0
vn 0 0 0
vn 0 0 0
vn 0 0 0
vn 0 0 0
vn 0 0 0
vn 0 0 0
vn 0 0 0
vn 0 0 0
vn 0 0 0
vn 0 0 0
vn 0 0 0
vn 0 0 0
vn 0 0 0
vn 0 0 0
vn 0 0 0
vn 0 0 0
vn 0 0 0
vn 0 0 0
vn 0 0 0
vn 0 0 0
vn 0 0 0
vn 0 0 0
vn 0 0 0
vn 0 0 0
vn 0 0 0
vn 0 0 0
vn 0 0 0
vn 0 0 0
vn 0 0 0
vn 0 0 0
vn 0 0 0
vn 0 0 0
vn 0 0 0
vn 0 0 0
vn 0 0 0
vn 0 0 0

# Mesh 'SketchUp' with 631 faces
g SketchUp
usemtl ID5
f  1//1 2//2 3//3
f  4//4 5//5 6//6
f  7//7 8//8 9//9
f  10//10 11//11 12//12
f  13//13 14//14 15//15
f  16//16 17//17 18//18
f  19//19 20//20 21//21
f  22//22 23//23 24//24
f  25//25 26//26 27//27
f  28//28 29//29 30//30
f  31//31 32//32 33//33
f  34//34 35//35 36//36
f  37//37 38//38 39//39
f  40//40 41//41 42//42
f  43//43 44//44 45//45
f  46//46 47//47 48//48
f  49//49 50//50 51//51
f  52//52 53//53 54//54
f  55//55 56//56 57//57
f  58//58 59//59 60//60
f  61//61 62//62 63//63
f  64//64 65//65 66//66
f  67//67 68//68 69//69
f  70//70 71//71 72//72
f  73//73 74//74 75//75
f  76//76 77//77 78//78
f  79//79 80//80 81//81
f  82//82 83//83 84//84
f  85//85 86//86 87//87
f  88//88 89//89 90//90
f  91//91 92//92 93//93
f  94//94 95//95 96//96
f  97//97 98//98 99//99
f  100//100 101//101 102//102
f  103//103 104//104 105//105
f  106//106 107//107 108//108
f  109//109 110//110 111//111
f  112//112 113//113 114//114
f  115//115 116//116 117//117
f  118//118 119//119 120//120
f  121//121 122//122 123//123
f  124//124 125//125 126//126
f  127//127 128//128 129//129
f  130//130 131//131 132//132
f  133//133 134//134 135//135
f  136//136 137//137 138//138
f  139//139 140//140 141//141
f  142//142 143//143 144//144
f  145//145 146//146 147//147
f  148//148 149//149 150//150
f  151//151 152//152 153//153
f  154//154 155//155 156//156
f  157//157 158//158 159//159
f  160//160 161//161 162//162
f  163//163 164//164 165//165
f  166//166 167//167 168//168
f  169//169 170//170 171//171
f  172//172 173//173 174//174
f  175//175 176//176 177//177
f  178//178 179//179 180//180
f  181//181 182//182 183//183
f  184//184 185//185 186//186
f  187//187 188//188 189//189
f  190//190 191//191 192//192
f  193//193 194//194 195//195
f  196//196 197//197 198//198
f  199//199 200//200 201//201
f  202//202 203//203 204//204
f  205//205 206//206 207//207
f  208//208 209//209 210//210
f  211//211 212//212 213//213
f  214//214 215//215 216//216
f  217//217 218//218 219//219
f  220//220 221//221 222//222
f  223//223 224//224 225//225
f  226//226 227//227 228//228
f  229//229 230//230 231//231
f  232//232 233//233 234//234
f  235//235 236//236 237//237
f  238//238 239//239 240//240
f  241//241 242//242 243//243
f  244//244 245//245 246//246
f  247//247 248//248 249//249
f  250//250 251//251 252//252
f  253//253 254//254 255//255
f  256//256 257//257 258//258
f  259//259 260//260 261//261
f  262//262 263//263 264//264
f  265//265 266//266 267//267
f  268//268 269//269 270//270
f  271//271 272//272 273//273
f  274//274 275//275 276//276
f  277//277 278//278 279//279
f  280//280 281//281 282//282
f  283//283 284//284 285//285
f  286//286 287//287 288//288
f  289//289 290//290 291//291
f  292//292 293//293 294//294
f  295//295 296//296 297//297
f  298//298 299//299 300//300
f  301//301 302//302 303//303
f  304//304 305//305 306//306
f  307//307 308//308 309//309
f  310//310 311//311 312//312
f  313//313 314//314 315//315
f  316//316 317//317 318//318
f  319//319 320//320 321//321
f  322//322 323//323 324//324
f  325//325 326//326 327//327
f  328//328 329//329 330//330
f  331//331 332//332 333//333
f  334//334 335//335 336//336
f  337//337 338//338 339//339
f  340//340 341//341 342//342
f  343//343 344//344 345//345
f  346//346 347//347 348//348
f  349//349 350//350 351//351
f  352//352 353//353 354//354
f  355//355 356//356 357//357
f  358//358 359//359 360//360
f  361//361 362//362 363//363
f  364//364 365//365 366//366
f  367//367 368//368 369//369
f  370//370 371//371 372//372
f  373//373 374//374 375//375
f  376//376 377//377 378//378
f  379//379 380//380 381//381
f  382//382 383//383 384//384
f  385//385 386//386 387//387
f  388//388 389//389 390//390
f  391//391 392//392 393//393
f  394//394 395//395 396//396
f  397//397 398//398 399//399
f  400//400 401//401 402//402
f  403//403 404//404 405//405
f  406//406 407//407 408//408
f  409//409 410//410 411//411
f  412//412 413//413 414//414
f  415//415 416//416 417//417
f  418//418 419//419 420//420
f  421//421 422//422 423//423
f  424//424 425//425 426//426
f  427//427 428//428 429//429
f  430//430 431//431 432//432
f  433//433 434//434 435//435
f  436//436 437//437 438//438
f  439//439 440//440 441//441
f  442//442 443//443 444//444
f  445//445 446//446 447//447
f  448//448 449//449 450//450
f  451//451 452//452 453//453
f  454//454 455//455 456//456
f  457//457 458//458 459//459
f  460//460 461//461 462//462
f  463//463 464//464 465//465
f  466//466 467//467 468//468
f  469//469 470//470 471//471
f  472//472 473//473 474//474
f  475//475 476//476 477//477
f  478//478 479//479 480//480
f  481//481 482//482 483//483
f  484//484 485//485 486//486
f  487//487 488//488 489//489
f  490//490 491//491 492//492
f  493//493 494//494 495//495
f  496//496 497//497 498//498
f  499//499 500//500 501//501
f  502//502 503//503 504//504
f  505//505 506//506 507//507
f  508//508 509//509 510//510
f  511//511 512//512 513//513
f  514//514 515//515 516//516
f  517//517 518//518 519//519
f  520//520 521//521 522//522
f  523//523 524//524 525//525
f  526//526 527//527 528//528
f  529//529 530//530 531//531
f  532//532 533//533 534//534
f  535//535 536//536 537//537
f  538//538 539//539 540//540
f  541//541 542//542 543//543
f  544//544 545//545 546//546
f  547//547 548//548 549//549
f  550//550 551//551 552//552
f  553//553 554//554 555//555
f  556//556 557//557 558//558
f  559//559 560//560 561//561
f  562//562 563//563 564//564
f  565//565 566//566 567//567
f  568//568 569//569 570//570
f  571//571 572//572 573//573
f  574//574 575//575 576//576
f  577//577 578//578 579//579
f  580//580 581//581 582//582
f  583//583 584//584 585//585
f  586//586 587//587 588//588
f  589//589 590//590 591//591
f  592//592 593//593 594//594
f  595//595 596//596 597//597
f  598//598 599//599 600//600
f  601//601 602//602 603//603
f  604//604 605//605 606//606
f  607//607 608//608 609//609
f  610//610 611//611 612//612
f  613//613 614//614 615//615
f  616//616 617//617 618//618
f  619//619 620//620 621//621
f  622//622 623//623 624//624
f  625//625 626//626 627//627
f  628//628 629//629 630//630
f  631//631 632//632 633//633
f  634//634 635//635 636//636
f  637//637 638//638 639//639
f  640//640 641//641 642//642
f  643//643 644//644 645//645
f  646//646 647//647 648//648
f  649//649 650//650 651//651
f  652//652 653//653 654//654
f  655//655 656//656 657//657
f  658//658 659//659 660//660
f  661//661 662//662 663//663
f  664//664 665//665 666//666
f  667//667 668//668 669//669
f  670//670 671//671 672//672
f  673//673 674//674 675//675
f  676//676 677//677 678//678
f  679//679 680//680 681//681
f  682//682 683//683 684//684
f  685//685 686//686 687//687
f  688//688 689//689 690//690
f  691//691 692//692 693//693
f  694//694 695//695 696//696
f  697//697 698//698 699//699
f  700//700 701//701 702//702
f  703//703 704//704 705//705
f  706//706 707//707 708//708
f  709//709 710//710 711//711
f  712//712 713//713 714//714
f  715//715 716//716 717//717
f  718//718 719//719 720//720
f  721//721 722//722 723//723
f  724//724 725//725 726//726
f  727//727 728//728 729//729
f  730//730 731//731 732//732
f  733//733 734//734 735//735
f  736//736 737//737 738//738
f  739//739 740//740 741//741
f  742//742 743//743 744//744
f  745//745 746//746 747//747
f  748//748 749//749 750//750
f  751//751 752//752 753//753
f  754//754 755//755 756//756
f  757//757 758//758 759//759
f  760//760 761//761 762//762
f  763//763 764//764 765//765
f  766//766 767//767 768//768
f  769//769 770//770 771//771
f  772//772 773//773 774//774
f  775//775 776//776 777//777
f  778//778 779//779 780//780
f  781//781 782//782 783//783
f  784//784 785//785 786//786
f  787//787 788//788 789//789
f  790//790 791//791 792//792
f  793//793 794//794 795//795
f  796//796 797//797 798//798
f  799//799 800//800 801//801
f  802//802 803//803 804//804
f  805//805 806//806 807//807
f  808//808 809//809 810//810
f  811//811 812//812 813//813
f  814//814 815//815 816//816
f  817//817 818//818 819//819
f  820//820 821//821 822//822
f  823//823 824//824 825//825
f  826//826 827//827 828//828
f  829//829 830//830 831//831
f  832//832 833//833 834//834
f  835//835 836//836 837//837
f  838//838 839//839 840//840
f  841//841 842//842 843//843
f  844//844 845//845 846//846
f  847//847 848//848 849//849
f  850//850 851//851 852//852
f  853//853 854//854 855//855
f  856//856 857//857 858//858
f  859//859 860//860 861//861
f  862//862 863//863 864//864
f  865//865 866//866 867//867
f  868//868 869//869 870//870
f  871//871 872//872 873//873
f  874//874 875//875 876//876
f  877//877 878//878 879//879
f  880//880 881//881 882//882
f  883//883 884//884 885//885
f  886//886 887//887 888//888
f  889//889 890//890 891//891
f  892//892 893//893 894//894
f  895//895 896//896 897//897
f  898//898 899//899 900//900
f  901//901 902//902 903//903
f  904//904 905//905 906//906
f  907//907 908//908 909//909
f  910//910 911//911 912//912
f  913//913 914//914 915//915
f  916//916 917//917 918//918
f  919//919 920//920 921//921
f  922//922 923//923 924//924
f  925//925 926//926 927//927
f  928//928 929//929 930//930
f  931//931 932//932 933//933
f  934//934 935//935 936//936
f  937//937 938//938 939//939
f  940//940 941//941 942//942
f  943//943 944//944 945//945
f  946//946 947//947 948//948
f  949//949 950//950 951//951
f  952//952 953//953 954//954
f  955//955 956//956 957//957
f  958//958 959//959 960//960
f  961//961 962//962 963//963
f  964//964 965//965 966//966
f  967//967 968//968 969//969
f  970//970 971//971 972//972
f  973//973 974//974 975//975
f  976//976 977//977 978//978
f  979//979 980//980 981//981
f  982//982 983//983 984//984
f  985//985 986//986 987//987
f  988//988 989//989 990//990
f  991//991 992//992 993//993
f  994//994 995//995 996//996
f  997//997 998//998 999//999
f  1000//1000 1001//1001 1002//1002
f  1003//1003 1004//1004 1005//1005
f  1006//1006 1007//1007 1008//1008
f  1009//1009 1010//1010 1011//1011
f  1012//1012 1013//1013 1014//1014
f  1015//1015 1016//1016 1017//1017
f  1018//1018 1019//1019 1020//1020
f  1021//1021 1022//1022 1023//1023
f  1024//1024 1025//1025 1026//1026
f  1027//1027 1028//1028 1029//1029
f  1030//1030 1031//1031 1032//1032
f  1033//1033 1034//1034 1035//1035
f  1036//1036 1037//1037 1038//1038
f  1039//1039 1040//1040 1041//1041
f  1042//1042 1043//1043 1044//1044
f  1045//1045 1046//1046 1047//1047
f  1048//1048 1049//1049 1050//1050
f  1051//1051 1052//1052 1053//1053
f  1054//1054 1055//1055 1056//1056
f  1057//1057 1058//1058 1059//1059
f  1060//1060 1061//1061 1062//1062
f  1063//1063 1064//1064 1065//1065
f  1066//1066 1067//1067 1068//1068
f  1069//1069 1070//1070 1071//1071
f  1072//1072 1073//1073 1074//1074
f  1075//1075 1076//1076 1077//1077
f  1078//1078 1079//1079 1080//1080
f  1081//1081 1082//1082 1083//1083
f  1084//1084 1085//1085 1086//1086
f  1087//1087 1088//1088 1089//1089
f  1090//1090 1091//1091 1092//1092
f  1093//1093 1094//1094 1095//1095
f  1096//1096 1097//1097 1098//1098
f  1099//1099 1100//1100 1101//1101
f  1102//1102 1103//1103 1104//1104
f  1105//1105 1106//1106 1107//1107
f  1108//1108 1109//1109 1110//1110
f  1111//1111 1112//1112 1113//1113
f  1114//1114 1115//1115 1116//1116
f  1117//1117 1118//1118 1119//1119
f  1120//1120 1121//1121 1122//1122
f  1123//1123 1124//1124 1125//1125
f  1126//1126 1127//1127 1128//1128
f  1129//1129 1130//1130 1131//1131
f  1132//1132 1133//1133 1134//1134
f  1135//1135 1136//1136 1137//1137
f  1138//1138 1139//1139 1140//1140
f  1141//1141 1142//1142 1143//1143
f  1144//1144 1145//1145 1146//1146
f  1147//1147 1148//1148 1149//1149
f  1150//1150 1151//1151 1152//1152
f  1153//1153 1154//1154 1155//1155
f  1156//1156 1157//1157 1158//1158
f  1159//1159 1160//1160 1161//1161
f  1162//1162 1163//1163 1164//1164
f  1165//1165 1166//1166 1167//1167
f  1168//1168 1169//1169 1170//1170
f  1171//1171 1172//1172 1173//1173
f  1174//1174 1175//1175 1176//1176
f  1177//1177 1178//1178 1179//1179
f  1180//1180 1181//1181 1182//1182
f  1183//1183 1184//1184 1185//1185
f  1186//1186 1187//1187 1188//1188
f  1189//1189 1190//1190 1191//1191
f  1192//1192 1193//1193 1194//1194
f  1195//1195 1196//1196 1197//1197
f  1198//1198 1199//1199 1200//1200
f  1201//1201 1202//1202 1203//1203
f  1204//1204 1205//1205 1206//1206
f  1207//1207 1208//1208 1209//1209
f  1210//1210 1211//1211 1212//1212
f  1213//1213 1214//1214 1215//1215
f  1216//1216 1217//1217 1218//1218
f  1219//1219 1220//1220 1221//1221
f  1222//1222 1223//1223 1224//1224
f  1225//1225 1226//1226 1227//1227
f  1228//1228 1229//1229 1230//1230
f  1231//1231 1232//1232 1233//1233
f  1234//1234 1235//1235 1236//1236
f  1237//1237 1238//1238 1239//1239
f  1240//1240 1241//1241 1242//1242
f  1243//1243 1244//1244 1245//1245
f  1246//1246 1247//1247 1248//1248
f  1249//1249 1250//1250 1251//1251
f  1252//1252 1253//1253 1254//1254
f  1255//1255 1256//1256 1257//1257
f  1258//1258 1259//1259 1260//1260
f  1261//1261 1262//1262 1263//1263
f  1264//1264 1265//1265 1266//1266
f  1267//1267 1268//1268 1269//1269
f  1270//1270 1271//1271 1272//1272
f  1273//1273 1274//1274 1275//1275
f  1276//1276 1277//1277 1278//1278
f  1279//1279 1280//1280 1281//1281
f  1282//1282 1283//1283 1284//1284
f  1285//1285 1286//1286 1287//1287
f  1288//1288 1289//1289 1290//1290
f  1291//1291 1292//1292 1293//1293
f  1294//1294 1295//1295 1296//1296
f  1297//1297 1298//1298 1299//1299
f  1300//1300 1301//1301 1302//1302
f  1303//1303 1304//1304 1305//1305
f  1306//1306 1307//1307 1308//1308
f  1309//1309 1310//1310 1311//1311
f  1312//1312 1313//1313 1314//1314
f  1315//1315 1316//1316 1317//1317
f  1318//1318 1319//1319 1320//1320
f  1321//1321 1322//1322 1323//1323
f  1324//1324 1325//1325 1326//1326
f  1327//1327 1328//1328 1329//1329
f  1330//1330 1331//1331 1332//1332
f  1333//1333 1334//1334 1335//1335
f  1336//1336 1337//1337 1338//1338
f  1339//1339 1340//1340 1341//1341
f  1342//1342 1343//1343 1344//1344
f  1345//1345 1346//1346 1347//1347
f  1348//1348 1349//1349 1350//1350
f  1351//1351 1352//1352 1353//1353
f  1354//1354 1355//1355 1356//1356
f  1357//1357 1358//1358 1359//1359
f  1360//1360 1361//1361 1362//1362
f  1363//1363 1364//1364 1365//1365
f  1366//1366 1367//1367 1368//1368
f  1369//1369 1370//1370 1371//1371
f  1372//1372 1373//1373 1374//1374
f  1375//1375 1376//1376 1377//1377
f  1378//1378 1379//1379 1380//1380
f  1381//1381 1382//1382 1383//1383
f  1384//1384 1385//1385 1386//1386
f  1387//1387 1388//1388 1389//1389
f  1390//1390 1391//1391 1392//1392
f  1393//1393 1394//1394 1395//1395
f  1396//1396 1397//1397 1398//1398
f  1399//1399 1400//1400 1401//1401
f  1402//1402 1403//1403 1404//1404
f  1405//1405 1406//1406 1407//1407
f  1408//1408 1409//1409 1410//1410
f  1411//1411 1412//1412 1413//1413
f  1414//1414 1415//1415 1416//1416
f  1417//1417 1418//1418 1419//1419
f  1420//1420 1421//1421 1422//1422
f  1423//1423 1424//1424 1425//1425
f  1426//1426 1427//1427 1428//1428
f  1429//1429 1430//1430 1431//1431
f  1432//1432 1433//1433 1434//1434
f  1435//1435 1436//1436 1437//1437
f  1438//1438 1439//1439 1440//1440
f  1441//1441 1442//1442 1443//1443
f  1444//1444 1445//1445 1446//1446
f  1447//1447 1448//1448 1449//1449
f  1450//1450 1451//1451 1452//1452
f  1453//1453 1454//1454 1455//1455
f  1456//1456 1457//1457 1458//1458
f  1459//1459 1460//1460 1461//1461
f  1462//1462 1463//1463 1464//1464
f  1465//1465 1466//1466 1467//1467
f  1468//1468 1469//1469 1470//1470
f  1471//1471 1472//1472 1473//1473
f  1474//1474 1475//1475 1476//1476
f  1477//1477 1478//1478 1479//1479
f  1480//1480 1481//1481 1482//1482
f  1483//1483 1484//1484 1485//1485
f  1486//1486 1487//1487 1488//1488
f  1489//1489 1490//1490 1491//1491
f  1492//1492 1493//1493 1494//1494
f  1495//1495 1496//1496 1497//1497
f  1498//1498 1499//1499 1500//1500
f  1501//1501 1502//1502 1503//1503
f  1504//1504 1505//1505 1506//1506
f  1507//1507 1508//1508 1509//1509
f  1510//1510 1511//1511 1512//1512
f  1513//1513 1514//1514 1515//1515
f  1516//1516 1517//1517 1518//1518
f  1519//1519 1520//1520 1521//1521
f  1522//1522 1523//1523 1524//1524
f  1525//1525 1526//1526 1527//1527
f  1528//1528 1529//1529 1530//1530
f  1531//1531 1532//1532 1533//1533
f  1534//1534 1535//1535 1536//1536
f  1537//1537 1538//1538 1539//1539
f  1540//1540 1541//1541 1542//1542
f  1543//1543 1544//1544 1545//1545
f  1546//1546 1547//1547 1548//1548
f  1549//1549 1550//1550 1551//1551
f  1552//1552 1553//1553 1554//1554
f  1555//1555 1556//1556 1557//1557
f  1558//1558 1559//1559 1560//1560
f  1561//1561 1562//1562 1563//1563
f  1564//1564 1565//1565 1566//1566
f  1567//1567 1568//1568 1569//1569
f  1570//1570 1571//1571 1572//1572
f  1573//1573 1574//1574 1575//1575
f  1576//1576 1577//1577 1578//1578
f  1579//1579 1580//1580 1581//1581
f  1582//1582 1583//1583 1584//1584
f  1585//1585 1586//1586 1587//1587
f  1588//1588 1589//1589 1590//1590
f  1591//1591 1592//1592 1593//1593
f  1594//1594 1595//1595 1596//1596
f  1597//1597 1598//1598 1599//1599
f  1600//1600 1601//1601 1602//1602
f  1603//1603 1604//1604 1605//1605
f  1606//1606 1607//1607 1608//1608
f  1609//1609 1610//1610 1611//1611
f  1612//1612 1613//1613 1614//1614
f  1615//1615 1616//1616 1617//1617
f  1618//1618 1619//1619 1620//1620
f  1621//1621 1622//1622 1623//1623
f  1624//1624 1625//1625 1626//1626
f  1627//1627 1628//1628 1629//1629
f  1630//1630 1631//1631 1632//1632
f  1633//1633 1634//1634 1635//1635
f  1636//1636 1637//1637 1638//1638
f  1639//1639 1640//1640 1641//1641
f  1642//1642 1643//1643 1644//1644
f  1645//1645 1646//1646 1647//1647
f  1648//1648 1649//1649 1650//1650
f  1651//1651 1652//1652 1653//1653
f  1654//1654 1655//1655 1656//1656
f  1657//1657 1658//1658 1659//1659
f  1660//1660 1661//1661 1662//1662
f  1663//1663 1664//1664 1665//1665
f  1666//1666 1667//1667 1668//1668
f  1669//1669 1670//1670 1671//1671
f  1672//1672 1673//1673 1674//1674
f  1675//1675 1676//1676 1677//1677
f  1678//1678 1679//1679 1680//1680
f  1681//1681 1682//1682 1683//1683
f  1684//1684 1685//1685 1686//1686
f  1687//1687 1688//1688 1689//1689
f  1690//1690 1691//1691 1692//1692
f  1693//1693 1694//1694 1695//1695
f  1696//1696 1697//1697 1698//1698
f  1699//1699 1700//1700 1701//1701
f  1702//1702 1703//1703 1704//1704
f  1705//1705 1706//1706 1707//1707
f  1708//1708 1709//1709 1710//1710
f  1711//1711 1712//1712 1713//1713
f  1714//1714 1715//1715 1716//1716
f  1717//1717 1718//1718 1719//1719
f  1720//1720 1721//1721 1722//1722
f  1723//1723 1724//1724 1725//1725
f  1726//1726 1727//1727 1728//1728
f  1729//1729 1730//1730 1731//1731
f  1732//1732 1733//1733 1734//1734
f  1735//1735 1736//1736 1737//1737
f  1738//1738 1739//1739 1740//1740
f  1741//1741 1742//1742 1743//1743
f  1744//1744 1745//1745 1746//1746
f  1747//1747 1748//1748 1749//1749
f  1750//1750 1751//1751 1752//1752
f  1753//1753 1754//1754 1755//1755
f  1756//1756 1757//1757 1758//1758
f  1759//1759 1760//1760 1761//1761
f  1762//1762 1763//1763 1764//1764
f  1765//1765 1766//1766 1767//1767
f  1768//1768 1769//1769 1770//1770
f  1771//1771 1772//1772 1773//1773
f  1774//1774 1775//1775 1776//1776
f  1777//1777 1778//1778 1779//1779
f  1780//1780 1781//1781 1782//1782
f  1783//1783 1784//1784 1785//1785
f  1786//1786 1787//1787 1788//1788
f  1789//1789 1790//1790 1791//1791
f  1792//1792 1793//1793 1794//1794
f  1795//1795 1796//1796 1797//1797
f  1798//1798 1799//1799 1800//1800
f  1801//1801 1802//1802 1803//1803
f  1804//1804 1805//1805 1806//1806
f  1807//1807 1808//1808 1809//1809
f  1810//1810 1811//1811 1812//1812
f  1813//1813 1814//1814 1815//1815
f  1816//1816 1817//1817 1818//1818
f  1819//1819 1820//1820 1821//1821
f  1822//1822 1823//1823 1824//1824
f  1825//1825 1826//1826 1827//1827
f  1828//1828 1829//1829 1830//1830
f  1831//1831 1832//1832 1833//1833
f  1834//1834 1835//1835 1836//1836
f  1837//1837 1838//1838 1839//1839
f  1840//1840 1841//1841 1842//1842
f  1843//1843 1844//1844 1845//1845
f  1846//1846 1847//1847 1848//1848
f  1849//1849 1850//1850 1851//1851
f  1852//1852 1853//1853 1854//1854
f  1855//1855 1856//1856 1857//1857
f  1858//1858 1859//1859 1860//1860
f  1861//1861 1862//1862 1863//1863
f  1864//1864 1865//1865 1866//1866
f  1867//1867 1868//1868 1869//1869
f  1870//1870 1871//1871 1872//1872
f  1873//1873 1874//1874 1875//1875
f  1876//1876 1877//1877 1878//1878
f  1879//1879 1880//1880 1881//1881
f  1882//1882 1883//1883 1884//1884
f  1885//1885 1886//1886 1887//1887
f  1888//1888 1889//1889 1890//1890
f  1891//1891 1892//1892 1893//1893

# Mesh 'SketchUp' with 631 faces
g SketchUp
usemtl ID11
f  1894//1894 1895//1895 1896//1896
f  1897//1897 1898//1898 1899//1899
f  1900//1900 1901//1901 1902//1902
f  1903//1903 1904//1904 1905//1905
f  1906//1906 1907//1907 1908//1908
f  1909//1909 1910//1910 1911//1911
f  1912//1912 1913//1913 1914//1914
f  1915//1915 1916//1916 1917//1917
f  1918//1918 1919//1919 1920//1920
f  1921//1921 1922//1922 1923//1923
f  1924//1924 1925//1925 1926//1926
f  1927//1927 1928//1928 1929//1929
f  1930//1930 1931//1931 1932//1932
f  1933//1933 1934//1934 1935//1935
f  1936//1936 1937//1937 1938//1938
f  1939//1939 1940//1940 1941//1941
f  1942//1942 1943//1943 1944//1944
f  1945//1945 1946//1946 1947//1947
f  1948//1948 1949//1949 1950//1950
f  1951//1951 1952//1952 1953//1953
f  1954//1954 1955//1955 1956//1956
f  1957//1957 1958//1958 1959//1959
f  1960//1960 1961//1961 1962//1962
f  1963//1963 1964//1964 1965//1965
f  1966//1966 1967//1967 1968//1968
f  1969//1969 1970//1970 1971//1971
f  1972//1972 1973//1973 1974//1974
f  1975//1975 1976//1976 1977//1977
f  1978//1978 1979//1979 1980//1980
f  1981//1981 1982//1982 1983//1983
f  1984//1984 1985//1985 1986//1986
f  1987//1987 1988//1988 1989//1989
f  1990//1990 1991//1991 1992//1992
f  1993//1993 1994//1994 1995//1995
f  1996//1996 1997//1997 1998//1998
f  1999//1999 2000//2000 2001//2001
f  2002//2002 2003//2003 2004//2004
f  2005//2005 2006//2006 2007//2007
f  2008//2008 2009//2009 2010//2010
f  2011//2011 2012//2012 2013//2013
f  2014//2014 2015//2015 2016//2016
f  2017//2017 2018//2018 2019//2019
f  2020//2020 2021//2021 2022//2022
f  2023//2023 2024//2024 2025//2025
f  2026//2026 2027//2027 2028//2028
f  2029//2029 2030//2030 2031//2031
f  2032//2032 2033//2033 2034//2034
f  2035//2035 2036//2036 2037//2037
f  2038//2038 2039//2039 2040//2040
f  2041//2041 2042//2042 2043//2043
f  2044//2044 2045//2045 2046//2046
f  2047//2047 2048//2048 2049//2049
f  2050//2050 2051//2051 2052//2052
f  2053//2053 2054//2054 2055//2055
f  2056//2056 2057//2057 2058//2058
f  2059//2059 2060//2060 2061//2061
f  2062//2062 2063//2063 2064//2064
f  2065//2065 2066//2066 2067//2067
f  2068//2068 2069//2069 2070//2070
f  2071//2071 2072//2072 2073//2073
f  2074//2074 2075//2075 2076//2076
f  2077//2077 2078//2078 2079//2079
f  2080//2080 2081//2081 2082//2082
f  2083//2083 2084//2084 2085//2085
f  2086//2086 2087//2087 2088//2088
f  2089//2089 2090//2090 2091//2091
f  2092//2092 2093//2093 2094//2094
f  2095//2095 2096//2096 2097//2097
f  2098//2098 2099//2099 2100//2100
f  2101//2101 2102//2102 2103//2103
f  2104//2104 2105//2105 2106//2106
f  2107//2107 2108//2108 2109//2109
f  2110//2110 2111//2111 2112//2112
f  2113//2113 2114//2114 2115//2115
f  2116//2116 2117//2117 2118//2118
f  2119//2119 2120//2120 2121//2121
f  2122//2122 2123//2123 2124//2124
f  2125//2125 2126//2126 2127//2127
f  2128//2128 2129//2129 2130//2130
f  2131//2131 2132//2132 2133//2133
f  2134//2134 2135//2135 2136//2136
f  2137//2137 2138//2138 2139//2139
f  2140//2140 2141//2141 2142//2142
f  2143//2143 2144//2144 2145//2145
f  2146//2146 2147//2147 2148//2148
f  2149//2149 2150//2150 2151//2151
f  2152//2152 2153//2153 2154//2154
f  2155//2155 2156//2156 2157//2157
f  2158//2158 2159//2159 2160//2160
f  2161//2161 2162//2162 2163//2163
f  2164//2164 2165//2165 2166//2166
f  2167//2167 2168//2168 2169//2169
f  2170//2170 2171//2171 2172//2172
f  2173//2173 2174//2174 2175//2175
f  2176//2176 2177//2177 2178//2178
f  2179//2179 2180//2180 2181//2181
f  2182//2182 2183//2183 2184//2184
f  2185//2185 2186//2186 2187//2187
f  2188//2188 2189//2189 2190//2190
f  2191//2191 2192//2192 2193//2193
f  2194//2194 2195//2195 2196//2196
f  2197//2197 2198//2198 2199//2199
f  2200//2200 2201//2201 2202//2202
f  2203//2203 2204//2204 2205//2205
f  2206//2206 2207//2207 2208//2208
f  2209//2209 2210//2210 2211//2211
f  2212//2212 2213//2213 2214//2214
f  2215//2215 2216//2216 2217//2217
f  2218//2218 2219//2219 2220//2220
f  2221//2221 2222//2222 2223//2223
f  2224//2224 2225//2225 2226//2226
f  2227//2227 2228//2228 2229//2229
f  2230//2230 2231//2231 2232//2232
f  2233//2233 2234//2234 2235//2235
f  2236//2236 2237//2237 2238//2238
f  2239//2239 2240//2240 2241//2241
f  2242//2242 2243//2243 2244//2244
f  2245//2245 2246//2246 2247//2247
f  2248//2248 2249//2249 2250//2250
f  2251//2251 2252//2252 2253//2253
f  2254//2254 2255//2255 2256//2256
f  2257//2257 2258//2258 2259//2259
f  2260//2260 2261//2261 2262//2262
f  2263//2263 2264//2264 2265//2265
f  2266//2266 2267//2267 2268//2268
f  2269//2269 2270//2270 2271//2271
f  2272//2272 2273//2273 2274//2274
f  2275//2275 2276//2276 2277//2277
f  2278//2278 2279//2279 2280//2280
f  2281//2281 2282//2282 2283//2283
f  2284//2284 2285//2285 2286//2286
f  2287//2287 2288//2288 2289//2289
f  2290//2290 2291//2291 2292//2292
f  2293//2293 2294//2294 2295//2295
f  2296//2296 2297//2297 2298//2298
f  2299//2299 2300//2300 2301//2301
f  2302//2302 2303//2303 2304//2304
f  2305//2305 2306//2306 2307//2307
f  2308//2308 2309//2309 2310//2310
f  2311//2311 2312//2312 2313//2313
f  2314//2314 2315//2315 2316//2316
f  2317//2317 2318//2318 2319//2319
f  2320//2320 2321//2321 2322//2322
f  2323//2323 2324//2324 2325//2325
f  2326//2326 2327//2327 2328//2328
f  2329//2329 2330//2330 2331//2331
f  2332//2332 2333//2333 2334//2334
f  2335//2335 2336//2336 2337//2337
f  2338//2338 2339//2339 2340//2340
f  2341//2341 2342//2342 2343//2343
f  2344//2344 2345//2345 2346//2346
f  2347//2347 2348//2348 2349//2349
f  2350//2350 2351//2351 2352//2352
f  2353//2353 2354//2354 2355//2355
f  2356//2356 2357//2357 2358//2358
f  2359//2359 2360//2360 2361//2361
f  2362//2362 2363//2363 2364//2364
f  2365//2365 2366//2366 2367//2367
f  2368//2368 2369//2369 2370//2370
f  2371//2371 2372//2372 2373//2373
f  2374//2374 2375//2375 2376//2376
f  2377//2377 2378//2378 2379//2379
f  2380//2380 2381//2381 2382//2382
f  2383//2383 2384//2384 2385//2385
f  2386//2386 2387//2387 2388//2388
f  2389//2389 2390//2390 2391//2391
f  2392//2392 2393//2393 2394//2394
f  2395//2395 2396//2396 2397//2397
f  2398//2398 2399//2399 2400//2400
f  2401//2401 2402//2402 2403//2403
f  2404//2404 2405//2405 2406//2406
f  2407//2407 2408//2408 2409//2409
f  2410//2410 2411//2411 2412//2412
f  2413//2413 2414//2414 2415//2415
f  2416//2416 2417//2417 2418//2418
f  2419//2419 2420//2420 2421//2421
f  2422//2422 2423//2423 2424//2424
f  2425//2425 2426//2426 2427//2427
f  2428//2428 2429//2429 2430//2430
f  2431//2431 2432//2432 2433//2433
f  2434//2434 2435//2435 2436//2436
f  2437//2437 2438//2438 2439//2439
f  2440//2440 2441//2441 2442//2442
f  2443//2443 2444//2444 2445//2445
f  2446//2446 2447//2447 2448//2448
f  2449//2449 2450//2450 2451//2451
f  2452//2452 2453//2453 2454//2454
f  2455//2455 2456//2456 2457//2457
f  2458//2458 2459//2459 2460//2460
f  2461//2461 2462//2462 2463//2463
f  2464//2464 2465//2465 2466//2466
f  2467//2467 2468//2468 2469//2469
f  2470//2470 2471//2471 2472//2472
f  2473//2473 2474//2474 2475//2475
f  2476//2476 2477//2477 2478//2478
f  2479//2479 2480//2480 2481//2481
f  2482//2482 2483//2483 2484//2484
f  2485//2485 2486//2486 2487//2487
f  2488//2488 2489//2489 2490//2490
f  2491//2491 2492//2492 2493//2493
f  2494//2494 2495//2495 2496//2496
f  2497//2497 2498//2498 2499//2499
f  2500//2500 2501//2501 2502//2502
f  2503//2503 2504//2504 2505//2505
f  2506//2506 2507//2507 2508//2508
f  2509//2509 2510//2510 2511//2511
f  2512//2512 2513//2513 2514//2514
f  2515//2515 2516//2516 2517//2517
f  2518//2518 2519//2519 2520//2520
f  2521//2521 2522//2522 2523//2523
f  2524//2524 2525//2525 2526//2526
f  2527//2527 2528//2528 2529//2529
f  2530//2530 2531//2531 2532//2532
f  2533//2533 2534//2534 2535//2535
f  2536//2536 2537//2537 2538//2538
f  2539//2539 2540//2540 2541//2541
f  2542//2542 2543//2543 2544//2544
f  2545//2545 2546//2546 2547//2547
f  2548//2548 2549//2549 2550//2550
f  2551//2551 2552//2552 2553//2553
f  2554//2554 2555//2555 2556//2556
f  2557//2557 2558//2558 2559//2559
f  2560//2560 2561//2561 2562//2562
f  2563//2563 2564//2564 2565//2565
f  2566//2566 2567//2567 2568//2568
f  2569//2569 2570//2570 2571//2571
f  2572//2572 2573//2573 2574//2574
f  2575//2575 2576//2576 2577//2577
f  2578//2578 2579//2579 2580//2580
f  2581//2581 2582//2582 2583//2583
f  2584//2584 2585//2585 2586//2586
f  2587//2587 2588//2588 2589//2589
f  2590//2590 2591//2591 2592//2592
f  2593//2593 2594//2594 2595//2595
f  2596//2596 2597//2597 2598//2598
f  2599//2599 2600//2600 2601//2601
f  2602//2602 2603//2603 2604//2604
f  2605//2605 2606//2606 2607//2607
f  2608//2608 2609//2609 2610//2610
f  2611//2611 2612//2612 2613//2613
f  2614//2614 2615//2615 2616//2616
f  2617//2617 2618//2618 2619//2619
f  2620//2620 2621//2621 2622//2622
f  2623//2623 2624//2624 2625//2625
f  2626//2626 2627//2627 2628//2628
f  2629//2629 2630//2630 2631//2631
f  2632//2632 2633//2633 2634//2634
f  2635//2635 2636//2636 2637//2637
f  2638//2638 2639//2639 2640//2640
f  2641//2641 2642//2642 2643//2643
f  2644//2644 2645//2645 2646//2646
f  2647//2647 2648//2648 2649//2649
f  2650//2650 2651//2651 2652//2652
f  2653//2653 2654//2654 2655//2655
f  2656//2656 2657//2657 2658//2658
f  2659//2659 2660//2660 2661//2661
f  2662//2662 2663//2663 2664//2664
f  2665//2665 2666//2666 2667//2667
f  2668//2668 2669//2669 2670//2670
f  2671//2671 2672//2672 2673//2673
f  2674//2674 2675//2675 2676//2676
f  2677//2677 2678//2678 2679//2679
f  2680//2680 2681//2681 2682//2682
f  2683//2683 2684//2684 2685//2685
f  2686//2686 2687//2687 2688//2688
f  2689//2689 2690//2690 2691//2691
f  2692//2692 2693//2693 2694//2694
f  2695//2695 2696//2696 2697//2697
f  2698//2698 2699//2699 2700//2700
f  2701//2701 2702//2702 2703//2703
f  2704//2704 2705//2705 2706//2706
f  2707//2707 2708//2708 2709//2709
f  2710//2710 2711//2711 2712//2712
f  2713//2713 2714//2714 2715//2715
f  2716//2716 2717//2717 2718//2718
f  2719//2719 2720//2720 2721//2721
f  2722//2722 2723//2723 2724//2724
f  2725//2725 2726//2726 2727//2727
f  2728//2728 2729//2729 2730//2730
f  2731//2731 2732//2732 2733//2733
f  2734//2734 2735//2735 2736//2736
f  2737//2737 2738//2738 2739//2739
f  2740//2740 2741//2741 2742//2742
f  2743//2743 2744//2744 2745//2745
f  2746//2746 2747//2747 2748//2748
f  2749//2749 2750//2750 2751//2751
f  2752//2752 2753//2753 2754//2754
f  2755//2755 2756//2756 2757//2757
f  2758//2758 2759//2759 2760//2760
f  2761//2761 2762//2762 2763//2763
f  2764//2764 2765//2765 2766//2766
f  2767//2767 2768//2768 2769//2769
f  2770//2770 2771//2771 2772//2772
f  2773//2773 2774//2774 2775//2775
f  2776//2776 2777//2777 2778//2778
f  2779//2779 2780//2780 2781//2781
f  2782//2782 2783//2783 2784//2784
f  2785//2785 2786//2786 2787//2787
f  2788//2788 2789//2789 2790//2790
f  2791//2791 2792//2792 2793//2793
f  2794//2794 2795//2795 2796//2796
f  2797//2797 2798//2798 2799//2799
f  2800//2800 2801//2801 2802//2802
f  2803//2803 2804//2804 2805//2805
f  2806//2806 2807//2807 2808//2808
f  2809//2809 2810//2810 2811//2811
f  2812//2812 2813//2813 2814//2814
f  2815//2815 2816//2816 2817//2817
f  2818//2818 2819//2819 2820//2820
f  2821//2821 2822//2822 2823//2823
f  2824//2824 2825//2825 2826//2826
f  2827//2827 2828//2828 2829//2829
f  2830//2830 2831//2831 2832//2832
f  2833//2833 2834//2834 2835//2835
f  2836//2836 2837//2837 2838//2838
f  2839//2839 2840//2840 2841//2841
f  2842//2842 2843//2843 2844//2844
f  2845//2845 2846//2846 2847//2847
f  2848//2848 2849//2849 2850//2850
f  2851//2851 2852//2852 2853//2853
f  2854//2854 2855//2855 2856//2856
f  2857//2857 2858//2858 2859//2859
f  2860//2860 2861//2861 2862//2862
f  2863//2863 2864//2864 2865//2865
f  2866//2866 2867//2867 2868//2868
f  2869//2869 2870//2870 2871//2871
f  2872//2872 2873//2873 2874//2874
f  2875//2875 2876//2876 2877//2877
f  2878//2878 2879//2879 2880//2880
f  2881//2881 2882//2882 2883//2883
f  2884//2884 2885//2885 2886//2886
f  2887//2887 2888//2888 2889//2889
f  2890//2890 2891//2891 2892//2892
f  2893//2893 2894//2894 2895//2895
f  2896//2896 2897//2897 2898//2898
f  2899//2899 2900//2900 2901//2901
f  2902//2902 2903//2903 2904//2904
f  2905//2905 2906//2906 2907//2907
f  2908//2908 2909//2909 2910//2910
f  2911//2911 2912//2912 2913//2913
f  2914//2914 2915//2915 2916//2916
f  2917//2917 2918//2918 2919//2919
f  2920//2920 2921//2921 2922//2922
f  2923//2923 2924//2924 2925//2925
f  2926//2926 2927//2927 2928//2928
f  2929//2929 2930//2930 2931//2931
f  2932//2932 2933//2933 2934//2934
f  2935//2935 2936//2936 2937//2937
f  2938//2938 2939//2939 2940//2940
f  2941//2941 2942//2942 2943//2943
f  2944//2944 2945//2945 2946//2946
f  2947//2947 2948//2948 2949//2949
f  2950//2950 2951//2951 2952//2952
f  2953//2953 2954//2954 2955//2955
f  2956//2956 2957//2957 2958//2958
f  2959//2959 2960//2960 2961//2961
f  2962//2962 2963//2963 2964//2964
f  2965//2965 2966//2966 2967//2967
f  2968//2968 2969//2969 2970//2970
f  2971//2971 2972//2972 2973//2973
f  2974//2974 2975//2975 2976//2976
f  2977//2977 2978//2978 2979//2979
f  2980//2980 2981//2981 2982//2982
f  2983//2983 2984//2984 2985//2985
f  2986//2986 2987//2987 2988//2988
f  2989//2989 2990//2990 2991//2991
f  2992//2992 2993//2993 2994//2994
f  2995//2995 2996//2996 2997//2997
f  2998//2998 2999//2999 3000//3000
f  3001//3001 3002//3002 3003//3003
f  3004//3004 3005//3005 3006//3006
f  3007//3007 3008//3008 3009//3009
f  3010//3010 3011//3011 3012//3012
f  3013//3013 3014//3014 3015//3015
f  3016//3016 3017//3017 3018//3018
f  3019//3019 3020//3020 3021//3021
f  3022//3022 3023//3023 3024//3024
f  3025//3025 3026//3026 3027//3027
f  3028//3028 3029//3029 3030//3030
f  3031//3031 3032//3032 3033//3033
f  3034//3034 3035//3035 3036//3036
f  3037//3037 3038//3038 3039//3039
f  3040//3040 3041//3041 3042//3042
f  3043//3043 3044//3044 3045//3045
f  3046//3046 3047//3047 3048//3048
f  3049//3049 3050//3050 3051//3051
f  3052//3052 3053//3053 3054//3054
f  3055//3055 3056//3056 3057//3057
f  3058//3058 3059//3059 3060//3060
f  3061//3061 3062//3062 3063//3063
f  3064//3064 3065//3065 3066//3066
f  3067//3067 3068//3068 3069//3069
f  3070//3070 3071//3071 3072//3072
f  3073//3073 3074//3074 3075//3075
f  3076//3076 3077//3077 3078//3078
f  3079//3079 3080//3080 3081//3081
f  3082//3082 3083//3083 3084//3084
f  3085//3085 3086//3086 3087//3087
f  3088//3088 3089//3089 3090//3090
f  3091//3091 3092//3092 3093//3093
f  3094//3094 3095//3095 3096//3096
f  3097//3097 3098//3098 3099//3099
f  3100//3100 3101//3101 3102//3102
f  3103//3103 3104//3104 3105//3105
f  3106//3106 3107//3107 3108//3108
f  3109//3109 3110//3110 3111//3111
f  3112//3112 3113//3113 3114//3114
f  3115//3115 3116//3116 3117//3117
f  3118//3118 3119//3119 3120//3120
f  3121//3121 3122//3122 3123//3123
f  3124//3124 3125//3125 3126//3126
f  3127//3127 3128//3128 3129//3129
f  3130//3130 3131//3131 3132//3132
f  3133//3133 3134//3134 3135//3135
f  3136//3136 3137//3137 3138//3138
f  3139//3139 3140//3140 3141//3141
f  3142//3142 3143//3143 3144//3144
f  3145//3145 3146//3146 3147//3147
f  3148//3148 3149//3149 3150//3150
f  3151//3151 3152//3152 3153//3153
f  3154//3154 3155//3155 3156//3156
f  3157//3157 3158//3158 3159//3159
f  3160//3160 3161//3161 3162//3162
f  3163//3163 3164//3164 3165//3165
f  3166//3166 3167//3167 3168//3168
f  3169//3169 3170//3170 3171//3171
f  3172//3172 3173//3173 3174//3174
f  3175//3175 3176//3176 3177//3177
f  3178//3178 3179//3179 3180//3180
f  3181//3181 3182//3182 3183//3183
f  3184//3184 3185//3185 3186//3186
f  3187//3187 3188//3188 3189//3189
f  3190//3190 3191//3191 3192//3192
f  3193//3193 3194//3194 3195//3195
f  3196//3196 3197//3197 3198//3198
f  3199//3199 3200//3200 3201//3201
f  3202//3202 3203//3203 3204//3204
f  3205//3205 3206//3206 3207//3207
f  3208//3208 3209//3209 3210//3210
f  3211//3211 3212//3212 3213//3213
f  3214//3214 3215//3215 3216//3216
f  3217//3217 3218//3218 3219//3219
f  3220//3220 3221//3221 3222//3222
f  3223//3223 3224//3224 3225//3225
f  3226//3226 3227//3227 3228//3228
f  3229//3229 3230//3230 3231//3231
f  3232//3232 3233//3233 3234//3234
f  3235//3235 3236//3236 3237//3237
f  3238//3238 3239//3239 3240//3240
f  3241//3241 3242//3242 3243//3243
f  3244//3244 3245//3245 3246//3246
f  3247//3247 3248//3248 3249//3249
f  3250//3250 3251//3251 3252//3252
f  3253//3253 3254//3254 3255//3255
f  3256//3256 3257//3257 3258//3258
f  3259//3259 3260//3260 3261//3261
f  3262//3262 3263//3263 3264//3264
f  3265//3265 3266//3266 3267//3267
f  3268//3268 3269//3269 3270//3270
f  3271//3271 3272//3272 3273//3273
f  3274//3274 3275//3275 3276//3276
f  3277//3277 3278//3278 3279//3279
f  3280//3280 3281//3281 3282//3282
f  3283//3283 3284//3284 3285//3285
f  3286//3286 3287//3287 3288//3288
f  3289//3289 3290//3290 3291//3291
f  3292//3292 3293//3293 3294//3294
f  3295//3295 3296//3296 3297//3297
f  3298//3298 3299//3299 3300//3300
f  3301//3301 3302//3302 3303//3303
f  3304//3304 3305//3305 3306//3306
f  3307//3307 3308//3308 3309//3309
f  3310//3310 3311//3311 3312//3312
f  3313//3313 3314//3314 3315//3315
f  3316//3316 3317//3317 3318//3318
f  3319//3319 3320//3320 3321//3321
f  3322//3322 3323//3323 3324//3324
f  3325//3325 3326//3326 3327//3327
f  3328//3328 3329//3329 3330//3330
f  3331//3331 3332//3332 3333//3333
f  3334//3334 3335//3335 3336//3336
f  3337//3337 3338//3338 3339//3339
f  3340//3340 3341//3341 3342//3342
f  3343//3343 3344//3344 3345//3345
f  3346//3346 3347//3347 3348//3348
f  3349//3349 3350//3350 3351//3351
f  3352//3352 3353//3353 3354//3354
f  3355//3355 3356//3356 3357//3357
f  3358//3358 3359//3359 3360//3360
f  3361//3361 3362//3362 3363//3363
f  3364//3364 3365//3365 3366//3366
f  3367//3367 3368//3368 3369//3369
f  3370//3370 3371//3371 3372//3372
f  3373//3373 3374//3374 3375//3375
f  3376//3376 3377//3377 3378//3378
f  3379//3379 3380//3380 3381//3381
f  3382//3382 3383//3383 3384//3384
f  3385//3385 3386//3386 3387//3387
f  3388//3388 3389//3389 3390//3390
f  3391//3391 3392//3392 3393//3393
f  3394//3394 3395//3395 3396//3396
f  3397//3397 3398//3398 3399//3399
f  3400//3400 3401//3401 3402//3402
f  3403//3403 3404//3404 3405//3405
f  3406//3406 3407//3407 3408//3408
f  3409//3409 3410//3410 3411//3411
f  3412//3412 3413//3413 3414//3414
f  3415//3415 3416//3416 3417//3417
f  3418//3418 3419//3419 3420//3420
f  3421//3421 3422//3422 3423//3423
f  3424//3424 3425//3425 3426//3426
f  3427//3427 3428//3428 3429//3429
f  3430//3430 3431//3431 3432//3432
f  3433//3433 3434//3434 3435//3435
f  3436//3436 3437//3437 3438//3438
f  3439//3439 3440//3440 3441//3441
f  3442//3442 3443//3443 3444//3444
f  3445//3445 3446//3446 3447//3447
f  3448//3448 3449//3449 3450//3450
f  3451//3451 3452//3452 3453//3453
f  3454//3454 3455//3455 3456//3456
f  3457//3457 3458//3458 3459//3459
f  3460//3460 3461//3461 3462//3462
f  3463//3463 3464//3464 3465//3465
f  3466//3466 3467//3467 3468//3468
f  3469//3469 3470//3470 3471//3471
f  3472//3472 3473//3473 3474//3474
f  3475//3475 3476//3476 3477//3477
f  3478//3478 3479//3479 3480//3480
f  3481//3481 3482//3482 3483//3483
f  3484//3484 3485//3485 3486//3486
f  3487//3487 3488//3488 3489//3489
f  3490//3490 3491//3491 3492//3492
f  3493//3493 3494//3494 3495//3495
f  3496//3496 3497//3497 3498//3498
f  3499//3499 3500//3500 3501//3501
f  3502//3502 3503//3503 3504//3504
f  3505//3505 3506//3506 3507//3507
f  3508//3508 3509//3509 3510//3510
f  3511//3511 3512//3512 3513//3513
f  3514//3514 3515//3515 3516//3516
f  3517//3517 3518//3518 3519//3519
f  3520//3520 3521//3521 3522//3522
f  3523//3523 3524//3524 3525//3525
f  3526//3526 3527//3527 3528//3528
f  3529//3529 3530//3530 3531//3531
f  3532//3532 3533//3533 3534//3534
f  3535//3535 3536//3536 3537//3537
f  3538//3538 3539//3539 3540//3540
f  3541//3541 3542//3542 3543//3543
f  3544//3544 3545//3545 3546//3546
f  3547//3547 3548//3548 3549//3549
f  3550//3550 3551//3551 3552//3552
f  3553//3553 3554//3554 3555//3555
f  3556//3556 3557//3557 3558//3558
f  3559//3559 3560//3560 3561//3561
f  3562//3562 3563//3563 3564//3564
f  3565//3565 3566//3566 3567//3567
f  3568//3568 3569//3569 3570//3570
f  3571//3571 3572//3572 3573//3573
f  3574//3574 3575//3575 3576//3576
f  3577//3577 3578//3578 3579//3579
f  3580//3580 3581//3581 3582//3582
f  3583//3583 3584//3584 3585//3585
f  3586//3586 3587//3587 3588//3588
f  3589//3589 3590//3590 3591//3591
f  3592//3592 3593//3593 3594//3594
f  3595//3595 3596//3596 3597//3597
f  3598//3598 3599//3599 3600//3600
f  3601//3601 3602//3602 3603//3603
f  3604//3604 3605//3605 3606//3606
f  3607//3607 3608//3608 3609//3609
f  3610//3610 3611//3611 3612//3612
f  3613//3613 3614//3614 3615//3615
f  3616//3616 3617//3617 3618//3618
f  3619//3619 3620//3620 3621//3621
f  3622//3622 3623//3623 3624//3624
f  3625//3625 3626//3626 3627//3627
f  3628//3628 3629//3629 3630//3630
f  3631//3631 3632//3632 3633//3633
f  3634//3634 3635//3635 3636//3636
f  3637//3637 3638//3638 3639//3639
f  3640//3640 3641//3641 3642//3642
f  3643//3643 3644//3644 3645//3645
f  3646//3646 3647//3647 3648//3648
f  3649//3649 3650//3650 3651//3651
f  3652//3652 3653//3653 3654//3654
f  3655//3655 3656//3656 3657//3657
f  3658//3658 3659//3659 3660//3660
f  3661//3661 3662//3662 3663//3663
f  3664//3664 3665//3665 3666//3666
f  3667//3667 3668//3668 3669//3669
f  3670//3670 3671//3671 3672//3672
f  3673//3673 3674//3674 3675//3675
f  3676//3676 3677//3677 3678//3678
f  3679//3679 3680//3680 3681//3681
f  3682//3682 3683//3683 3684//3684
f  3685//3685 3686//3686 3687//3687
f  3688//3688 3689//3689 3690//3690
f  3691//3691 3692//3692 3693//3693
f  3694//3694 3695//3695 3696//3696
f  3697//3697 3698//3698 3699//3699
f  3700//3700 3701//3701 3702//3702
f  3703//3703 3704//3704 3705//3705
f  3706//3706 3707//3707 3708//3708
f  3709//3709 3710//3710 3711//3711
f  3712//3712 3713//3713 3714//3714
f  3715//3715 3716//3716 3717//3717
f  3718//3718 3719//3719 3720//3720
f  3721//3721 3722//3722 3723//3723
f  3724//3724 3725//3725 3726//3726
f  3727//3727 3728//3728 3729//3729
f  3730//3730 3731//3731 3732//3732
f  3733//3733 3734//3734 3735//3735
f  3736//3736 3737//3737 3738//3738
f  3739//3739 3740//3740 3741//3741
f  3742//3742 3743//3743 3744//3744
f  3745//3745 3746//3746 3747//3747
f  3748//3748 3749//3749 3750//3750
f  3751//3751 3752//3752 3753//3753
f  3754//3754 3755//3755 3756//3756
f  3757//3757 3758//3758 3759//3759
f  3760//3760 3761//3761 3762//3762
f  3763//3763 3764//3764 3765//3765
f  3766//3766 3767//3767 3768//3768
f  3769//3769 3770//3770 3771//3771
f  3772//3772 3773//3773 3774//3774
f  3775//3775 3776//3776 3777//3777
f  3778//3778 3779//3779 3780//3780
f  3781//3781 3782//3782 3783//3783
f  3784//3784 3785//3785 3786//3786

# Mesh 'SketchUp' with 847 faces
g SketchUp
usemtl ID12
l  3787 3788
l  3789 3790
l  3791 3792
l  3793 3794
l  3795 3796
l  3797 3798
l  3799 3800
l  3801 3802
l  3803 3804
l  3805 3806
l  3807 3808
l  3809 3810
l  3811 3812
l  3813 3814
l  3815 3816
l  3817 3818
l  3819 3820
l  3821 3822
l  3823 3824
l  3825 3826
l  3827 3828
l  3829 3830
l  3831 3832
l  3833 3834
l  3835 3836
l  3837 3838
l  3839 3840
l  3841 3842
l  3843 3844
l  3845 3846
l  3847 3848
l  3849 3850
l  3851 3852
l  3853 3854
l  3855 3856
l  3857 3858
l  3859 3860
l  3861 3862
l  3863 3864
l  3865 3866
l  3867 3868
l  3869 3870
l  3871 3872
l  3873 3874
l  3875 3876
l  3877 3878
l  3879 3880
l  3881 3882
l  3883 3884
l  3885 3886
l  3887 3888
l  3889 3890
l  3891 3892
l  3893 3894
l  3895 3896
l  3897 3898
l  3899 3900
l  3901 3902
l  3903 3904
l  3905 3906
l  3907 3908
l  3909 3910
l  3911 3912
l  3913 3914
l  3915 3916
l  3917 3918
l  3919 3920
l  3921 3922
l  3923 3924
l  3925 3926
l  3927 3928
l  3929 3930
l  3931 3932
l  3933 3934
l  3935 3936
l  3937 3938
l  3939 3940
l  3941 3942
l  3943 3944
l  3945 3946
l  3947 3948
l  3949 3950
l  3951 3952
l  3953 3954
l  3955 3956
l  3957 3958
l  3959 3960
l  3961 3962
l  3963 3964
l  3965 3966
l  3967 3968
l  3969 3970
l  3971 3972
l  3973 3974
l  3975 3976
l  3977 3978
l  3979 3980
l  3981 3982
l  3983 3984
l  3985 3986
l  3987 3988
l  3989 3990
l  3991 3992
l  3993 3994
l  3995 3996
l  3997 3998
l  3999 4000
l  4001 4002
l  4003 4004
l  4005 4006
l  4007 4008
l  4009 4010
l  4011 4012
l  4013 4014
l  4015 4016
l  4017 4018
l  4019 4020
l  4021 4022
l  4023 4024
l  4025 4026
l  4027 4028
l  4029 4030
l  4031 4032
l  4033 4034
l  4035 4036
l  4037 4038
l  4039 4040
l  4041 4042
l  4043 4044
l  4045 4046
l  4047 4048
l  4049 4050
l  4051 4052
l  4053 4054
l  4055 4056
l  4057 4058
l  4059 4060
l  4061 4062
l  4063 4064
l  4065 4066
l  4067 4068
l  4069 4070
l  4071 4072
l  4073 4074
l  4075 4076
l  4077 4078
l  4079 4080
l  4081 4082
l  4083 4084
l  4085 4086
l  4087 4088
l  4089 4090
l  4091 4092
l  4093 4094
l  4095 4096
l  4097 4098
l  4099 4100
l  4101 4102
l  4103 4104
l  4105 4106
l  4107 4108
l  4109 4110
l  4111 4112
l  4113 4114
l  4115 4116
l  4117 4118
l  4119 4120
l  4121 4122
l  4123 4124
l  4125 4126
l  4127 4128
l  4129 4130
l  4131 4132
l  4133 4134
l  4135 4136
l  4137 4138
l  4139 4140
l  4141 4142
l  4143 4144
l  4145 4146
l  4147 4148
l  4149 4150
l  4151 4152
l  4153 4154
l  4155 4156
l  4157 4158
l  4159 4160
l  4161 4162
l  4163 4164
l  4165 4166
l  4167 4168
l  4169 4170
l  4171 4172
l  4173 4174
l  4175 4176
l  4177 4178
l  4179 4180
l  4181 4182
l  4183 4184
l  4185 4186
l  4187 4188
l  4189 4190
l  4191 4192
l  4193 4194
l  4195 4196
l  4197 4198
l  4199 4200
l  4201 4202
l  4203 4204
l  4205 4206
l  4207 4208
l  4209 4210
l  4211 4212
l  4213 4214
l  4215 4216
l  4217 4218
l  4219 4220
l  4221 4222
l  4223 4224
l  4225 4226
l  4227 4228
l  4229 4230
l  4231 4232
l  4233 4234
l  4235 4236
l  4237 4238
l  4239 4240
l  4241 4242
l  4243 4244
l  4245 4246
l  4247 4248
l  4249 4250
l  4251 4252
l  4253 4254
l  4255 4256
l  4257 4258
l  4259 4260
l  4261 4262
l  4263 4264
l  4265 4266
l  4267 4268
l  4269 4270
l  4271 4272
l  4273 4274
l  4275 4276
l  4277 4278
l  4279 4280
l  4281 4282
l  4283 4284
l  4285 4286
l  4287 4288
l  4289 4290
l  4291 4292
l  4293 4294
l  4295 4296
l  4297 4298
l  4299 4300
l  4301 4302
l  4303 4304
l  4305 4306
l  4307 4308
l  4309 4310
l  4311 4312
l  4313 4314
l  4315 4316
l  4317 4318
l  4319 4320
l  4321 4322
l  4323 4324
l  4325 4326
l  4327 4328
l  4329 4330
l  4331 4332
l  4333 4334
l  4335 4336
l  4337 4338
l  4339 4340
l  4341 4342
l  4343 4344
l  4345 4346
l  4347 4348
l  4349 4350
l  4351 4352
l  4353 4354
l  4355 4356
l  4357 4358
l  4359 4360
l  4361 4362
l  4363 4364
l  4365 4366
l  4367 4368
l  4369 4370
l  4371 4372
l  4373 4374
l  4375 4376
l  4377 4378
l  4379 4380
l  4381 4382
l  4383 4384
l  4385 4386
l  4387 4388
l  4389 4390
l  4391 4392
l  4393 4394
l  4395 4396
l  4397 4398
l  4399 4400
l  4401 4402
l  4403 4404
l  4405 4406
l  4407 4408
l  4409 4410
l  4411 4412
l  4413 4414
l  4415 4416
l  4417 4418
l  4419 4420
l  4421 4422
l  4423 4424
l  4425 4426
l  4427 4428
l  4429 4430
l  4431 4432
l  4433 4434
l  4435 4436
l  4437 4438
l  4439 4440
l  4441 4442
l  4443 4444
l  4445 4446
l  4447 4448
l  4449 4450
l  4451 4452
l  4453 4454
l  4455 4456
l  4457 4458
l  4459 4460
l  4461 4462
l  4463 4464
l  4465 4466
l  4467 4468
l  4469 4470
l  4471 4472
l  4473 4474
l  4475 4476
l  4477 4478
l  4479 4480
l  4481 4482
l  4483 4484
l  4485 4486
l  4487 4488
l  4489 4490
l  4491 4492
l  4493 4494
l  4495 4496
l  4497 4498
l  4499 4500
l  4501 4502
l  4503 4504
l  4505 4506
l  4507 4508
l  4509 4510
l  4511 4512
l  4513 4514
l  4515 4516
l  4517 4518
l  4519 4520
l  4521 4522
l  4523 4524
l  4525 4526
l  4527 4528
l  4529 4530
l  4531 4532
l  4533 4534
l  4535 4536
l  4537 4538
l  4539 4540
l  4541 4542
l  4543 4544
l  4545 4546
l  4547 4548
l  4549 4550
l  4551 4552
l  4553 4554
l  4555 4556
l  4557 4558
l  4559 4560
l  4561 4562
l  4563 4564
l  4565 4566
l  4567 4568
l  4569 4570
l  4571 4572
l  4573 4574
l  4575 4576
l  4577 4578
l  4579 4580
l  4581 4582
l  4583 4584
l  4585 4586
l  4587 4588
l  4589 4590
l  4591 4592
l  4593 4594
l  4595 4596
l  4597 4598
l  4599 4600
l  4601 4602
l  4603 4604
l  4605 4606
l  4607 4608
l  4609 4610
l  4611 4612
l  4613 4614
l  4615 4616
l  4617 4618
l  4619 4620
l  4621 4622
l  4623 4624
l  4625 4626
l  4627 4628
l  4629 4630
l  4631 4632
l  4633 4634
l  4635 4636
l  4637 4638
l  4639 4640
l  4641 4642
l  4643 4644
l  4645 4646
l  4647 4648
l  4649 4650
l  4651 4652
l  4653 4654
l  4655 4656
l  4657 4658
l  4659 4660
l  4661 4662
l  4663 4664
l  4665 4666
l  4667 4668
l  4669 4670
l  4671 4672
l  4673 4674
l  4675 4676
l  4677 4678
l  4679 4680
l  4681 4682
l  4683 4684
l  4685 4686
l  4687 4688
l  4689 4690
l  4691 4692
l  4693 4694
l  4695 4696
l  4697 4698
l  4699 4700
l  4701 4702
l  4703 4704
l  4705 4706
l  4707 4708
l  4709 4710
l  4711 4712
l  4713 4714
l  4715 4716
l  4717 4718
l  4719 4720
l  4721 4722
l  4723 4724
l  4725 4726
l  4727 4728
l  4729 4730
l  4731 4732
l  4733 4734
l  4735 4736
l  4737 4738
l  4739 4740
l  4741 4742
l  4743 4744
l  4745 4746
l  4747 4748
l  4749 4750
l  4751 4752
l  4753 4754
l  4755 4756
l  4757 4758
l  4759 4760
l  4761 4762
l  4763 4764
l  4765 4766
l  4767 4768
l  4769 4770
l  4771 4772
l  4773 4774
l  4775 4776
l  4777 4778
l  4779 4780
l  4781 4782
l  4783 4784
l  4785 4786
l  4787 4788
l  4789 4790
l  4791 4792
l  4793 4794
l  4795 4796
l  4797 4798
l  4799 4800
l  4801 4802
l  4803 4804
l  4805 4806
l  4807 4808
l  4809 4810
l  4811 4812
l  4813 4814
l  4815 4816
l  4817 4818
l  4819 4820
l  4821 4822
l  4823 4824
l  4825 4826
l  4827 4828
l  4829 4830
l  4831 4832
l  4833 4834
l  4835 4836
l  4837 4838
l  4839 4840
l  4841 4842
l  4843 4844
l  4845 4846
l  4847 4848
l  4849 4850
l  4851 4852
l  4853 4854
l  4855 4856
l  4857 4858
l  4859 4860
l  4861 4862
l  4863 4864
l  4865 4866
l  4867 4868
l  4869 4870
l  4871 4872
l  4873 4874
l  4875 4876
l  4877 4878
l  4879 4880
l  4881 4882
l  4883 4884
l  4885 4886
l  4887 4888
l  4889 4890
l  4891 4892
l  4893 4894
l  4895 4896
l  4897 4898
l  4899 4900
l  4901 4902
l  4903 4904
l  4905 4906
l  4907 4908
l  4909 4910
l  4911 4912
l  4913 4914
l  4915 4916
l  4917 4918
l  4919 4920
l  4921 4922
l  4923 4924
l  4925 4926
l  4927 4928
l  4929 4930
l  4931 4932
l  4933 4934
l  4935 4936
l  4937 4938
l  4939 4940
l  4941 4942
l  4943 4944
l  4945 4946
l  4947 4948
l  4949 4950
l  4951 4952
l  4953 4954
l  4955 4956
l  4957 4958
l  4959 4960
l  4961 4962
l  4963 4964
l  4965 4966
l  4967 4968
l  4969 4970
l  4971 4972
l  4973 4974
l  4975 4976
l  4977 4978
l  4979 4980
l  4981 4982
l  4983 4984
l  4985 4986
l  4987 4988
l  4989 4990
l  4991 4992
l  4993 4994
l  4995 4996
l  4997 4998
l  4999 5000
l  5001 5002
l  5003 5004
l  5005 5006
l  5007 5008
l  5009 5010
l  5011 5012
l  5013 5014
l  5015 5016
l  5017 5018
l  5019 5020
l  5021 5022
l  5023 5024
l  5025 5026
l  5027 5028
l  5029 5030
l  5031 5032
l  5033 5034
l  5035 5036
l  5037 5038
l  5039 5040
l  5041 5042
l  5043 5044
l  5045 5046
l  5047 5048
l  5049 5050
l  5051 5052
l  5053 5054
l  5055 5056
l  5057 5058
l  5059 5060
l  5061 5062
l  5063 5064
l  5065 5066
l  5067 5068
l  5069 5070
l  5071 5072
l  5073 5074
l  5075 5076
l  5077 5078
l  5079 5080
l  5081 5082
l  5083 5084
l  5085 5086
l  5087 5088
l  5089 5090
l  5091 5092
l  5093 5094
l  5095 5096
l  5097 5098
l  5099 5100
l  5101 5102
l  5103 5104
l  5105 5106
l  5107 5108
l  5109 5110
l  5111 5112
l  5113 5114
l  5115 5116
l  5117 5118
l  5119 5120
l  5121 5122
l  5123 5124
l  5125 5126
l  5127 5128
l  5129 5130
l  5131 5132
l  5133 5134
l  5135 5136
l  5137 5138
l  5139 5140
l  5141 5142
l  5143 5144
l  5145 5146
l  5147 5148
l  5149 5150
l  5151 5152
l  5153 5154
l  5155 5156
l  5157 5158
l  5159 5160
l  5161 5162
l  5163 5164
l  5165 5166
l  5167 5168
l  5169 5170
l  5171 5172
l  5173 5174
l  5175 5176
l  5177 5178
l  5179 5180
l  5181 5182
l  5183 5184
l  5185 5186
l  5187 5188
l  5189 5190
l  5191 5192
l  5193 5194
l  5195 5196
l  5197 5198
l  5199 5200
l  5201 5202
l  5203 5204
l  5205 5206
l  5207 5208
l  5209 5210
l  5211 5212
l  5213 5214
l  5215 5216
l  5217 5218
l  5219 5220
l  5221 5222
l  5223 5224
l  5225 5226
l  5227 5228
l  5229 5230
l  5231 5232
l  5233 5234
l  5235 5236
l  5237 5238
l  5239 5240
l  5241 5242
l  5243 5244
l  5245 5246
l  5247 5248
l  5249 5250
l  5251 5252
l  5253 5254
l  5255 5256
l  5257 5258
l  5259 5260
l  5261 5262
l  5263 5264
l  5265 5266
l  5267 5268
l  5269 5270
l  5271 5272
l  5273 5274
l  5275 5276
l  5277 5278
l  5279 5280
l  5281 5282
l  5283 5284
l  5285 5286
l  5287 5288
l  5289 5290
l  5291 5292
l  5293 5294
l  5295 5296
l  5297 5298
l  5299 5300
l  5301 5302
l  5303 5304
l  5305 5306
l  5307 5308
l  5309 5310
l  5311 5312
l  5313 5314
l  5315 5316
l  5317 5318
l  5319 5320
l  5321 5322
l  5323 5324
l  5325 5326
l  5327 5328
l  5329 5330
l  5331 5332
l  5333 5334
l  5335 5336
l  5337 5338
l  5339 5340
l  5341 5342
l  5343 5344
l  5345 5346
l  5347 5348
l  5349 5350
l  5351 5352
l  5353 5354
l  5355 5356
l  5357 5358
l  5359 5360
l  5361 5362
l  5363 5364
l  5365 5366
l  5367 5368
l  5369 5370
l  5371 5372
l  5373 5374
l  5375 5376
l  5377 5378
l  5379 5380
l  5381 5382
l  5383 5384
l  5385 5386
l  5387 5388
l  5389 5390
l  5391 5392
l  5393 5394
l  5395 5396
l  5397 5398
l  5399 5400
l  5401 5402
l  5403 5404
l  5405 5406
l  5407 5408
l  5409 5410
l  5411 5412
l  5413 5414
l  5415 5416
l  5417 5418
l  5419 5420
l  5421 5422
l  5423 5424
l  5425 5426
l  5427 5428
l  5429 5430
l  5431 5432
l  5433 5434
l  5435 5436
l  5437 5438
l  5439 5440
l  5441 5442
l  5443 5444
l  5445 5446
l  5447 5448
l  5449 5450
l  5451 5452
l  5453 5454
l  5455 5456
l  5457 5458
l  5459 5460
l  5461 5462
l  5463 5464
l  5465 5466
l  5467 5468
l  5469 5470
l  5471 5472
l  5473 5474
l  5475 5476
l  5477 5478
l  5479 5480

